Datum,Zonsopgang,Zonsondergang
2016-10-01,2016-10-01 07:43:45,2016-10-01 19:19:35
2016-10-02,2016-10-02 07:45:20,2016-10-02 19:17:21
2016-10-03,2016-10-03 07:46:56,2016-10-03 19:15:08
2016-10-04,2016-10-04 07:48:32,2016-10-04 19:12:56
2016-10-05,2016-10-05 07:50:08,2016-10-05 19:10:43
2016-10-06,2016-10-06 07:51:44,2016-10-06 19:08:32
2016-10-07,2016-10-07 07:53:21,2016-10-07 19:06:21
2016-10-08,2016-10-08 07:54:58,2016-10-08 19:04:10
2016-10-09,2016-10-09 07:56:36,2016-10-09 19:02:00
2016-10-10,2016-10-10 07:58:13,2016-10-10 18:59:50
2016-10-11,2016-10-11 07:59:51,2016-10-11 18:57:42
2016-10-12,2016-10-12 08:01:30,2016-10-12 18:55:34
2016-10-13,2016-10-13 08:03:08,2016-10-13 18:53:26
2016-10-14,2016-10-14 08:04:47,2016-10-14 18:51:20
2016-10-15,2016-10-15 08:06:26,2016-10-15 18:49:14
2016-10-16,2016-10-16 08:08:06,2016-10-16 18:47:09
2016-10-17,2016-10-17 08:09:45,2016-10-17 18:45:05
2016-10-18,2016-10-18 08:11:26,2016-10-18 18:43:02
2016-10-19,2016-10-19 08:13:06,2016-10-19 18:41:00
2016-10-20,2016-10-20 08:14:47,2016-10-20 18:38:59
2016-10-21,2016-10-21 08:16:28,2016-10-21 18:36:59
2016-10-22,2016-10-22 08:18:09,2016-10-22 18:35:00
2016-10-23,2016-10-23 08:19:50,2016-10-23 18:33:02
2016-10-24,2016-10-24 08:21:32,2016-10-24 18:31:05
2016-10-25,2016-10-25 08:23:14,2016-10-25 18:29:09
2016-10-26,2016-10-26 08:24:56,2016-10-26 18:27:15
2016-10-27,2016-10-27 08:26:39,2016-10-27 18:25:22
2016-10-28,2016-10-28 08:28:22,2016-10-28 18:23:31
2016-10-29,2016-10-29 08:30:04,2016-10-29 18:21:40
2016-10-30,2016-10-30 07:31:47,2016-10-30 17:19:51
2016-10-31,2016-10-31 07:33:30,2016-10-31 17:18:04
2016-11-01,2016-11-01 07:35:14,2016-11-01 17:16:18
2016-11-02,2016-11-02 07:36:57,2016-11-02 17:14:34
2016-11-03,2016-11-03 07:38:40,2016-11-03 17:12:52
2016-11-04,2016-11-04 07:40:24,2016-11-04 17:11:11
2016-11-05,2016-11-05 07:42:07,2016-11-05 17:09:31
2016-11-06,2016-11-06 07:43:50,2016-11-06 17:07:54
2016-11-07,2016-11-07 07:45:33,2016-11-07 17:06:18
2016-11-08,2016-11-08 07:47:16,2016-11-08 17:04:45
2016-11-09,2016-11-09 07:48:59,2016-11-09 17:03:13
2016-11-10,2016-11-10 07:50:41,2016-11-10 17:01:43
2016-11-11,2016-11-11 07:52:23,2016-11-11 17:00:15
2016-11-12,2016-11-12 07:54:05,2016-11-12 16:58:50
2016-11-13,2016-11-13 07:55:47,2016-11-13 16:57:26
2016-11-14,2016-11-14 07:57:28,2016-11-14 16:56:05
2016-11-15,2016-11-15 07:59:08,2016-11-15 16:54:46
2016-11-16,2016-11-16 08:00:48,2016-11-16 16:53:29
2016-11-17,2016-11-17 08:02:27,2016-11-17 16:52:14
2016-11-18,2016-11-18 08:04:06,2016-11-18 16:51:02
2016-11-19,2016-11-19 08:05:43,2016-11-19 16:49:53
2016-11-20,2016-11-20 08:07:20,2016-11-20 16:48:46
2016-11-21,2016-11-21 08:08:56,2016-11-21 16:47:41
2016-11-22,2016-11-22 08:10:31,2016-11-22 16:46:39
2016-11-23,2016-11-23 08:12:05,2016-11-23 16:45:40
2016-11-24,2016-11-24 08:13:37,2016-11-24 16:44:43
2016-11-25,2016-11-25 08:15:09,2016-11-25 16:43:50
2016-11-26,2016-11-26 08:16:39,2016-11-26 16:42:59
2016-11-27,2016-11-27 08:18:07,2016-11-27 16:42:11
2016-11-28,2016-11-28 08:19:35,2016-11-28 16:41:25
2016-11-29,2016-11-29 08:21:00,2016-11-29 16:40:43
2016-11-30,2016-11-30 08:22:24,2016-11-30 16:40:04
2016-12-01,2016-12-01 08:23:46,2016-12-01 16:39:28
2016-12-02,2016-12-02 08:25:07,2016-12-02 16:38:55
2016-12-03,2016-12-03 08:26:25,2016-12-03 16:38:25
2016-12-04,2016-12-04 08:27:42,2016-12-04 16:37:58
2016-12-05,2016-12-05 08:28:56,2016-12-05 16:37:34
2016-12-06,2016-12-06 08:30:09,2016-12-06 16:37:14
2016-12-07,2016-12-07 08:31:19,2016-12-07 16:36:56
2016-12-08,2016-12-08 08:32:27,2016-12-08 16:36:42
2016-12-09,2016-12-09 08:33:32,2016-12-09 16:36:32
2016-12-10,2016-12-10 08:34:35,2016-12-10 16:36:24
2016-12-11,2016-12-11 08:35:35,2016-12-11 16:36:20
2016-12-12,2016-12-12 08:36:33,2016-12-12 16:36:19
2016-12-13,2016-12-13 08:37:28,2016-12-13 16:36:22
2016-12-14,2016-12-14 08:38:21,2016-12-14 16:36:27
2016-12-15,2016-12-15 08:39:10,2016-12-15 16:36:37
2016-12-16,2016-12-16 08:39:57,2016-12-16 16:36:49
2016-12-17,2016-12-17 08:40:41,2016-12-17 16:37:05
2016-12-18,2016-12-18 08:41:22,2016-12-18 16:37:24
2016-12-19,2016-12-19 08:42:00,2016-12-19 16:37:46
2016-12-20,2016-12-20 08:42:34,2016-12-20 16:38:12
2016-12-21,2016-12-21 08:43:06,2016-12-21 16:38:41
2016-12-22,2016-12-22 08:43:35,2016-12-22 16:39:13
2016-12-23,2016-12-23 08:44:00,2016-12-23 16:39:48
2016-12-24,2016-12-24 08:44:22,2016-12-24 16:40:26
2016-12-25,2016-12-25 08:44:41,2016-12-25 16:41:07
2016-12-26,2016-12-26 08:44:57,2016-12-26 16:41:52
2016-12-27,2016-12-27 08:45:10,2016-12-27 16:42:39
2016-12-28,2016-12-28 08:45:19,2016-12-28 16:43:30
2016-12-29,2016-12-29 08:45:25,2016-12-29 16:44:23
2016-12-30,2016-12-30 08:45:27,2016-12-30 16:45:19
2016-12-31,2016-12-31 08:45:27,2016-12-31 16:46:17
2017-01-01,2017-01-01 08:45:23,2017-01-01 16:47:19
2017-01-02,2017-01-02 08:45:16,2017-01-02 16:48:23
2017-01-03,2017-01-03 08:45:05,2017-01-03 16:49:30
2017-01-04,2017-01-04 08:44:52,2017-01-04 16:50:39
2017-01-05,2017-01-05 08:44:35,2017-01-05 16:51:50
2017-01-06,2017-01-06 08:44:15,2017-01-06 16:53:04
2017-01-07,2017-01-07 08:43:51,2017-01-07 16:54:20
2017-01-08,2017-01-08 08:43:25,2017-01-08 16:55:38
2017-01-09,2017-01-09 08:42:55,2017-01-09 16:56:58
2017-01-10,2017-01-10 08:42:23,2017-01-10 16:58:21
2017-01-11,2017-01-11 08:41:47,2017-01-11 16:59:45
2017-01-12,2017-01-12 08:41:09,2017-01-12 17:01:11
2017-01-13,2017-01-13 08:40:27,2017-01-13 17:02:38
2017-01-14,2017-01-14 08:39:42,2017-01-14 17:04:08
2017-01-15,2017-01-15 08:38:55,2017-01-15 17:05:38
2017-01-16,2017-01-16 08:38:05,2017-01-16 17:07:11
2017-01-17,2017-01-17 08:37:11,2017-01-17 17:08:45
2017-01-18,2017-01-18 08:36:16,2017-01-18 17:10:20
2017-01-19,2017-01-19 08:35:17,2017-01-19 17:11:56
2017-01-20,2017-01-20 08:34:16,2017-01-20 17:13:34
2017-01-21,2017-01-21 08:33:12,2017-01-21 17:15:12
2017-01-22,2017-01-22 08:32:06,2017-01-22 17:16:52
2017-01-23,2017-01-23 08:30:57,2017-01-23 17:18:33
2017-01-24,2017-01-24 08:29:45,2017-01-24 17:20:14
2017-01-25,2017-01-25 08:28:32,2017-01-25 17:21:56
2017-01-26,2017-01-26 08:27:16,2017-01-26 17:23:39
2017-01-27,2017-01-27 08:25:57,2017-01-27 17:25:23
2017-01-28,2017-01-28 08:24:37,2017-01-28 17:27:07
2017-01-29,2017-01-29 08:23:14,2017-01-29 17:28:52
2017-01-30,2017-01-30 08:21:49,2017-01-30 17:30:37
2017-01-31,2017-01-31 08:20:22,2017-01-31 17:32:23
2017-02-01,2017-02-01 08:18:53,2017-02-01 17:34:09
2017-02-02,2017-02-02 08:17:23,2017-02-02 17:35:55
2017-02-03,2017-02-03 08:15:50,2017-02-03 17:37:42
2017-02-04,2017-02-04 08:14:15,2017-02-04 17:39:29
2017-02-05,2017-02-05 08:12:38,2017-02-05 17:41:16
2017-02-06,2017-02-06 08:11:00,2017-02-06 17:43:03
2017-02-07,2017-02-07 08:09:20,2017-02-07 17:44:50
2017-02-08,2017-02-08 08:07:38,2017-02-08 17:46:37
2017-02-09,2017-02-09 08:05:55,2017-02-09 17:48:24
2017-02-10,2017-02-10 08:04:10,2017-02-10 17:50:12
2017-02-11,2017-02-11 08:02:24,2017-02-11 17:51:59
2017-02-12,2017-02-12 08:00:36,2017-02-12 17:53:46
2017-02-13,2017-02-13 07:58:47,2017-02-13 17:55:33
2017-02-14,2017-02-14 07:56:56,2017-02-14 17:57:20
2017-02-15,2017-02-15 07:55:04,2017-02-15 17:59:07
2017-02-16,2017-02-16 07:53:11,2017-02-16 18:00:53
2017-02-17,2017-02-17 07:51:16,2017-02-17 18:02:40
2017-02-18,2017-02-18 07:49:21,2017-02-18 18:04:26
2017-02-19,2017-02-19 07:47:24,2017-02-19 18:06:12
2017-02-20,2017-02-20 07:45:26,2017-02-20 18:07:57
2017-02-21,2017-02-21 07:43:27,2017-02-21 18:09:43
2017-02-22,2017-02-22 07:41:26,2017-02-22 18:11:28
2017-02-23,2017-02-23 07:39:25,2017-02-23 18:13:13
2017-02-24,2017-02-24 07:37:23,2017-02-24 18:14:58
2017-02-25,2017-02-25 07:35:20,2017-02-25 18:16:42
2017-02-26,2017-02-26 07:33:17,2017-02-26 18:18:26
2017-02-27,2017-02-27 07:31:12,2017-02-27 18:20:10
2017-02-28,2017-02-28 07:29:06,2017-02-28 18:21:53
2017-03-01,2017-03-01 07:27:00,2017-03-01 18:23:37
2017-03-02,2017-03-02 07:24:53,2017-03-02 18:25:20
2017-03-03,2017-03-03 07:22:46,2017-03-03 18:27:02
2017-03-04,2017-03-04 07:20:37,2017-03-04 18:28:45
2017-03-05,2017-03-05 07:18:29,2017-03-05 18:30:27
2017-03-06,2017-03-06 07:16:19,2017-03-06 18:32:09
2017-03-07,2017-03-07 07:14:09,2017-03-07 18:33:50
2017-03-08,2017-03-08 07:11:59,2017-03-08 18:35:32
2017-03-09,2017-03-09 07:09:48,2017-03-09 18:37:13
2017-03-10,2017-03-10 07:07:36,2017-03-10 18:38:54
2017-03-11,2017-03-11 07:05:25,2017-03-11 18:40:34
2017-03-12,2017-03-12 07:03:12,2017-03-12 18:42:15
2017-03-13,2017-03-13 07:01:00,2017-03-13 18:43:55
2017-03-14,2017-03-14 06:58:47,2017-03-14 18:45:35
2017-03-15,2017-03-15 06:56:34,2017-03-15 18:47:14
2017-03-16,2017-03-16 06:54:21,2017-03-16 18:48:54
2017-03-17,2017-03-17 06:52:07,2017-03-17 18:50:33
2017-03-18,2017-03-18 06:49:53,2017-03-18 18:52:13
2017-03-19,2017-03-19 06:47:39,2017-03-19 18:53:52
2017-03-20,2017-03-20 06:45:25,2017-03-20 18:55:30
2017-03-21,2017-03-21 06:43:11,2017-03-21 18:57:09
2017-03-22,2017-03-22 06:40:57,2017-03-22 18:58:48
2017-03-23,2017-03-23 06:38:43,2017-03-23 19:00:26
2017-03-24,2017-03-24 06:36:29,2017-03-24 19:02:05
2017-03-25,2017-03-25 06:34:14,2017-03-25 19:03:43
2017-03-26,2017-03-26 07:32:00,2017-03-26 20:05:21
2017-03-27,2017-03-27 07:29:46,2017-03-27 20:06:59
2017-03-28,2017-03-28 07:27:32,2017-03-28 20:08:37
2017-03-29,2017-03-29 07:25:18,2017-03-29 20:10:15
2017-03-30,2017-03-30 07:23:05,2017-03-30 20:11:53
2017-03-31,2017-03-31 07:20:51,2017-03-31 20:13:31
2017-04-01,2017-04-01 07:18:38,2017-04-01 20:15:08
2017-04-02,2017-04-02 07:16:25,2017-04-02 20:16:46
2017-04-03,2017-04-03 07:14:13,2017-04-03 20:18:24
2017-04-04,2017-04-04 07:12:01,2017-04-04 20:20:02
2017-04-05,2017-04-05 07:09:49,2017-04-05 20:21:39
2017-04-06,2017-04-06 07:07:37,2017-04-06 20:23:17
2017-04-07,2017-04-07 07:05:26,2017-04-07 20:24:55
2017-04-08,2017-04-08 07:03:16,2017-04-08 20:26:32
2017-04-09,2017-04-09 07:01:06,2017-04-09 20:28:10
2017-04-10,2017-04-10 06:58:56,2017-04-10 20:29:47
2017-04-11,2017-04-11 06:56:47,2017-04-11 20:31:25
2017-04-12,2017-04-12 06:54:39,2017-04-12 20:33:03
2017-04-13,2017-04-13 06:52:31,2017-04-13 20:34:40
2017-04-14,2017-04-14 06:50:24,2017-04-14 20:36:18
2017-04-15,2017-04-15 06:48:17,2017-04-15 20:37:55
2017-04-16,2017-04-16 06:46:12,2017-04-16 20:39:33
2017-04-17,2017-04-17 06:44:07,2017-04-17 20:41:10
2017-04-18,2017-04-18 06:42:02,2017-04-18 20:42:48
2017-04-19,2017-04-19 06:39:59,2017-04-19 20:44:25
2017-04-20,2017-04-20 06:37:57,2017-04-20 20:46:02
2017-04-21,2017-04-21 06:35:55,2017-04-21 20:47:39
2017-04-22,2017-04-22 06:33:55,2017-04-22 20:49:17
2017-04-23,2017-04-23 06:31:55,2017-04-23 20:50:54
2017-04-24,2017-04-24 06:29:56,2017-04-24 20:52:31
2017-04-25,2017-04-25 06:27:59,2017-04-25 20:54:07
2017-04-26,2017-04-26 06:26:02,2017-04-26 20:55:44
2017-04-27,2017-04-27 06:24:07,2017-04-27 20:57:21
2017-04-28,2017-04-28 06:22:13,2017-04-28 20:58:57
2017-04-29,2017-04-29 06:20:20,2017-04-29 21:00:33
2017-04-30,2017-04-30 06:18:29,2017-04-30 21:02:09
2017-05-01,2017-05-01 06:16:38,2017-05-01 21:03:44
2017-05-02,2017-05-02 06:14:49,2017-05-02 21:05:19
2017-05-03,2017-05-03 06:13:02,2017-05-03 21:06:54
2017-05-04,2017-05-04 06:11:16,2017-05-04 21:08:29
2017-05-05,2017-05-05 06:09:31,2017-05-05 21:10:03
2017-05-06,2017-05-06 06:07:48,2017-05-06 21:11:36
2017-05-07,2017-05-07 06:06:07,2017-05-07 21:13:10
2017-05-08,2017-05-08 06:04:27,2017-05-08 21:14:42
2017-05-09,2017-05-09 06:02:49,2017-05-09 21:16:14
2017-05-10,2017-05-10 06:01:12,2017-05-10 21:17:46
2017-05-11,2017-05-11 05:59:38,2017-05-11 21:19:17
2017-05-12,2017-05-12 05:58:05,2017-05-12 21:20:47
2017-05-13,2017-05-13 05:56:34,2017-05-13 21:22:16
2017-05-14,2017-05-14 05:55:05,2017-05-14 21:23:44
2017-05-15,2017-05-15 05:53:37,2017-05-15 21:25:12
2017-05-16,2017-05-16 05:52:12,2017-05-16 21:26:39
2017-05-17,2017-05-17 05:50:49,2017-05-17 21:28:05
2017-05-18,2017-05-18 05:49:28,2017-05-18 21:29:29
2017-05-19,2017-05-19 05:48:09,2017-05-19 21:30:53
2017-05-20,2017-05-20 05:46:53,2017-05-20 21:32:15
2017-05-21,2017-05-21 05:45:38,2017-05-21 21:33:37
2017-05-22,2017-05-22 05:44:26,2017-05-22 21:34:56
2017-05-23,2017-05-23 05:43:16,2017-05-23 21:36:15
2017-05-24,2017-05-24 05:42:09,2017-05-24 21:37:32
2017-05-25,2017-05-25 05:41:04,2017-05-25 21:38:48
2017-05-26,2017-05-26 05:40:02,2017-05-26 21:40:02
2017-05-27,2017-05-27 05:39:02,2017-05-27 21:41:15
2017-05-28,2017-05-28 05:38:04,2017-05-28 21:42:26
2017-05-29,2017-05-29 05:37:09,2017-05-29 21:43:35
2017-05-30,2017-05-30 05:36:17,2017-05-30 21:44:42
2017-05-31,2017-05-31 05:35:28,2017-05-31 21:45:48
2017-06-01,2017-06-01 05:34:41,2017-06-01 21:46:51
2017-06-02,2017-06-02 05:33:57,2017-06-02 21:47:53
2017-06-03,2017-06-03 05:33:15,2017-06-03 21:48:52
2017-06-04,2017-06-04 05:32:37,2017-06-04 21:49:49
2017-06-05,2017-06-05 05:32:01,2017-06-05 21:50:44
2017-06-06,2017-06-06 05:31:29,2017-06-06 21:51:37
2017-06-07,2017-06-07 05:30:59,2017-06-07 21:52:28
2017-06-08,2017-06-08 05:30:32,2017-06-08 21:53:16
2017-06-09,2017-06-09 05:30:08,2017-06-09 21:54:01
2017-06-10,2017-06-10 05:29:47,2017-06-10 21:54:44
2017-06-11,2017-06-11 05:29:28,2017-06-11 21:55:25
2017-06-12,2017-06-12 05:29:13,2017-06-12 21:56:03
2017-06-13,2017-06-13 05:29:01,2017-06-13 21:56:38
2017-06-14,2017-06-14 05:28:52,2017-06-14 21:57:11
2017-06-15,2017-06-15 05:28:46,2017-06-15 21:57:41
2017-06-16,2017-06-16 05:28:42,2017-06-16 21:58:08
2017-06-17,2017-06-17 05:28:42,2017-06-17 21:58:32
2017-06-18,2017-06-18 05:28:45,2017-06-18 21:58:53
2017-06-19,2017-06-19 05:28:50,2017-06-19 21:59:12
2017-06-20,2017-06-20 05:28:59,2017-06-20 21:59:27
2017-06-21,2017-06-21 05:29:11,2017-06-21 21:59:40
2017-06-22,2017-06-22 05:29:25,2017-06-22 21:59:49
2017-06-23,2017-06-23 05:29:42,2017-06-23 21:59:56
2017-06-24,2017-06-24 05:30:02,2017-06-24 22:00:00
2017-06-25,2017-06-25 05:30:25,2017-06-25 22:00:00
2017-06-26,2017-06-26 05:30:51,2017-06-26 21:59:58
2017-06-27,2017-06-27 05:31:19,2017-06-27 21:59:52
2017-06-28,2017-06-28 05:31:50,2017-06-28 21:59:44
2017-06-29,2017-06-29 05:32:24,2017-06-29 21:59:32
2017-06-30,2017-06-30 05:33:00,2017-06-30 21:59:18
2017-07-01,2017-07-01 05:33:39,2017-07-01 21:59:00
2017-07-02,2017-07-02 05:34:21,2017-07-02 21:58:40
2017-07-03,2017-07-03 05:35:04,2017-07-03 21:58:16
2017-07-04,2017-07-04 05:35:51,2017-07-04 21:57:50
2017-07-05,2017-07-05 05:36:39,2017-07-05 21:57:20
2017-07-06,2017-07-06 05:37:30,2017-07-06 21:56:48
2017-07-07,2017-07-07 05:38:23,2017-07-07 21:56:13
2017-07-08,2017-07-08 05:39:18,2017-07-08 21:55:35
2017-07-09,2017-07-09 05:40:15,2017-07-09 21:54:54
2017-07-10,2017-07-10 05:41:15,2017-07-10 21:54:10
2017-07-11,2017-07-11 05:42:16,2017-07-11 21:53:23
2017-07-12,2017-07-12 05:43:19,2017-07-12 21:52:34
2017-07-13,2017-07-13 05:44:24,2017-07-13 21:51:42
2017-07-14,2017-07-14 05:45:30,2017-07-14 21:50:47
2017-07-15,2017-07-15 05:46:39,2017-07-15 21:49:50
2017-07-16,2017-07-16 05:47:49,2017-07-16 21:48:50
2017-07-17,2017-07-17 05:49:00,2017-07-17 21:47:47
2017-07-18,2017-07-18 05:50:13,2017-07-18 21:46:42
2017-07-19,2017-07-19 05:51:28,2017-07-19 21:45:35
2017-07-20,2017-07-20 05:52:43,2017-07-20 21:44:25
2017-07-21,2017-07-21 05:54:00,2017-07-21 21:43:13
2017-07-22,2017-07-22 05:55:18,2017-07-22 21:41:58
2017-07-23,2017-07-23 05:56:38,2017-07-23 21:40:42
2017-07-24,2017-07-24 05:57:58,2017-07-24 21:39:23
2017-07-25,2017-07-25 05:59:20,2017-07-25 21:38:01
2017-07-26,2017-07-26 06:00:42,2017-07-26 21:36:38
2017-07-27,2017-07-27 06:02:06,2017-07-27 21:35:13
2017-07-28,2017-07-28 06:03:30,2017-07-28 21:33:45
2017-07-29,2017-07-29 06:04:55,2017-07-29 21:32:16
2017-07-30,2017-07-30 06:06:21,2017-07-30 21:30:45
2017-07-31,2017-07-31 06:07:48,2017-07-31 21:29:11
2017-08-01,2017-08-01 06:09:15,2017-08-01 21:27:36
2017-08-02,2017-08-02 06:10:43,2017-08-02 21:26:00
2017-08-03,2017-08-03 06:12:11,2017-08-03 21:24:21
2017-08-04,2017-08-04 06:13:40,2017-08-04 21:22:41
2017-08-05,2017-08-05 06:15:09,2017-08-05 21:20:59
2017-08-06,2017-08-06 06:16:39,2017-08-06 21:19:15
2017-08-07,2017-08-07 06:18:09,2017-08-07 21:17:30
2017-08-08,2017-08-08 06:19:40,2017-08-08 21:15:44
2017-08-09,2017-08-09 06:21:11,2017-08-09 21:13:56
2017-08-10,2017-08-10 06:22:42,2017-08-10 21:12:06
2017-08-11,2017-08-11 06:24:13,2017-08-11 21:10:15
2017-08-12,2017-08-12 06:25:45,2017-08-12 21:08:23
2017-08-13,2017-08-13 06:27:17,2017-08-13 21:06:30
2017-08-14,2017-08-14 06:28:49,2017-08-14 21:04:35
2017-08-15,2017-08-15 06:30:21,2017-08-15 21:02:39
2017-08-16,2017-08-16 06:31:54,2017-08-16 21:00:42
2017-08-17,2017-08-17 06:33:26,2017-08-17 20:58:44
2017-08-18,2017-08-18 06:34:59,2017-08-18 20:56:45
2017-08-19,2017-08-19 06:36:32,2017-08-19 20:54:44
2017-08-20,2017-08-20 06:38:05,2017-08-20 20:52:43
2017-08-21,2017-08-21 06:39:37,2017-08-21 20:50:41
2017-08-22,2017-08-22 06:41:10,2017-08-22 20:48:38
2017-08-23,2017-08-23 06:42:43,2017-08-23 20:46:33
2017-08-24,2017-08-24 06:44:16,2017-08-24 20:44:29
2017-08-25,2017-08-25 06:45:49,2017-08-25 20:42:23
2017-08-26,2017-08-26 06:47:22,2017-08-26 20:40:16
2017-08-27,2017-08-27 06:48:55,2017-08-27 20:38:09
2017-08-28,2017-08-28 06:50:28,2017-08-28 20:36:01
2017-08-29,2017-08-29 06:52:01,2017-08-29 20:33:52
2017-08-30,2017-08-30 06:53:33,2017-08-30 20:31:43
2017-08-31,2017-08-31 06:55:06,2017-08-31 20:29:33
2017-09-01,2017-09-01 06:56:39,2017-09-01 20:27:22
2017-09-02,2017-09-02 06:58:12,2017-09-02 20:25:11
2017-09-03,2017-09-03 06:59:45,2017-09-03 20:23:00
2017-09-04,2017-09-04 07:01:18,2017-09-04 20:20:47
2017-09-05,2017-09-05 07:02:50,2017-09-05 20:18:35
2017-09-06,2017-09-06 07:04:23,2017-09-06 20:16:22
2017-09-07,2017-09-07 07:05:56,2017-09-07 20:14:09
2017-09-08,2017-09-08 07:07:29,2017-09-08 20:11:55
2017-09-09,2017-09-09 07:09:01,2017-09-09 20:09:41
2017-09-10,2017-09-10 07:10:34,2017-09-10 20:07:26
2017-09-11,2017-09-11 07:12:07,2017-09-11 20:05:12
2017-09-12,2017-09-12 07:13:40,2017-09-12 20:02:57
2017-09-13,2017-09-13 07:15:13,2017-09-13 20:00:42
2017-09-14,2017-09-14 07:16:46,2017-09-14 19:58:27
2017-09-15,2017-09-15 07:18:19,2017-09-15 19:56:11
2017-09-16,2017-09-16 07:19:52,2017-09-16 19:53:56
2017-09-17,2017-09-17 07:21:25,2017-09-17 19:51:40
2017-09-18,2017-09-18 07:22:58,2017-09-18 19:49:24
2017-09-19,2017-09-19 07:24:31,2017-09-19 19:47:09
2017-09-20,2017-09-20 07:26:04,2017-09-20 19:44:53
2017-09-21,2017-09-21 07:27:38,2017-09-21 19:42:37
2017-09-22,2017-09-22 07:29:12,2017-09-22 19:40:21
2017-09-23,2017-09-23 07:30:45,2017-09-23 19:38:06
2017-09-24,2017-09-24 07:32:19,2017-09-24 19:35:50
2017-09-25,2017-09-25 07:33:53,2017-09-25 19:33:35
2017-09-26,2017-09-26 07:35:27,2017-09-26 19:31:20
2017-09-27,2017-09-27 07:37:02,2017-09-27 19:29:05
2017-09-28,2017-09-28 07:38:36,2017-09-28 19:26:50
2017-09-29,2017-09-29 07:40:11,2017-09-29 19:24:35
2017-09-30,2017-09-30 07:41:46,2017-09-30 19:22:21
2017-10-01,2017-10-01 07:43:21,2017-10-01 19:20:07
2017-10-02,2017-10-02 07:44:57,2017-10-02 19:17:54
2017-10-03,2017-10-03 07:46:32,2017-10-03 19:15:41
2017-10-04,2017-10-04 07:48:08,2017-10-04 19:13:28
2017-10-05,2017-10-05 07:49:45,2017-10-05 19:11:16
2017-10-06,2017-10-06 07:51:21,2017-10-06 19:09:04
2017-10-07,2017-10-07 07:52:58,2017-10-07 19:06:52
2017-10-08,2017-10-08 07:54:35,2017-10-08 19:04:42
2017-10-09,2017-10-09 07:56:12,2017-10-09 19:02:31
2017-10-10,2017-10-10 07:57:50,2017-10-10 19:00:22
2017-10-11,2017-10-11 07:59:27,2017-10-11 18:58:13
2017-10-12,2017-10-12 08:01:06,2017-10-12 18:56:05
2017-10-13,2017-10-13 08:02:44,2017-10-13 18:53:57
2017-10-14,2017-10-14 08:04:23,2017-10-14 18:51:50
2017-10-15,2017-10-15 08:06:02,2017-10-15 18:49:45
2017-10-16,2017-10-16 08:07:41,2017-10-16 18:47:39
2017-10-17,2017-10-17 08:09:21,2017-10-17 18:45:35
2017-10-18,2017-10-18 08:11:01,2017-10-18 18:43:32
2017-10-19,2017-10-19 08:12:41,2017-10-19 18:41:29
2017-10-20,2017-10-20 08:14:22,2017-10-20 18:39:28
2017-10-21,2017-10-21 08:16:03,2017-10-21 18:37:28
2017-10-22,2017-10-22 08:17:44,2017-10-22 18:35:28
2017-10-23,2017-10-23 08:19:26,2017-10-23 18:33:30
2017-10-24,2017-10-24 08:21:07,2017-10-24 18:31:33
2017-10-25,2017-10-25 08:22:49,2017-10-25 18:29:37
2017-10-26,2017-10-26 08:24:31,2017-10-26 18:27:43
2017-10-27,2017-10-27 08:26:14,2017-10-27 18:25:49
2017-10-28,2017-10-28 08:27:56,2017-10-28 18:23:57
2017-10-29,2017-10-29 07:29:39,2017-10-29 17:22:07
2017-10-30,2017-10-30 07:31:22,2017-10-30 17:20:18
2017-10-31,2017-10-31 07:33:05,2017-10-31 17:18:30
2017-11-01,2017-11-01 07:34:48,2017-11-01 17:16:44
2017-11-02,2017-11-02 07:36:32,2017-11-02 17:14:59
2017-11-03,2017-11-03 07:38:15,2017-11-03 17:13:16
2017-11-04,2017-11-04 07:39:58,2017-11-04 17:11:35
2017-11-05,2017-11-05 07:41:42,2017-11-05 17:09:55
2017-11-06,2017-11-06 07:43:25,2017-11-06 17:08:17
2017-11-07,2017-11-07 07:45:08,2017-11-07 17:06:41
2017-11-08,2017-11-08 07:46:51,2017-11-08 17:05:07
2017-11-09,2017-11-09 07:48:34,2017-11-09 17:03:35
2017-11-10,2017-11-10 07:50:16,2017-11-10 17:02:05
2017-11-11,2017-11-11 07:51:59,2017-11-11 17:00:36
2017-11-12,2017-11-12 07:53:41,2017-11-12 16:59:10
2017-11-13,2017-11-13 07:55:22,2017-11-13 16:57:46
2017-11-14,2017-11-14 07:57:03,2017-11-14 16:56:24
2017-11-15,2017-11-15 07:58:44,2017-11-15 16:55:05
2017-11-16,2017-11-16 08:00:24,2017-11-16 16:53:47
2017-11-17,2017-11-17 08:02:03,2017-11-17 16:52:32
2017-11-18,2017-11-18 08:03:42,2017-11-18 16:51:20
2017-11-19,2017-11-19 08:05:20,2017-11-19 16:50:09
2017-11-20,2017-11-20 08:06:57,2017-11-20 16:49:02
2017-11-21,2017-11-21 08:08:33,2017-11-21 16:47:56
2017-11-22,2017-11-22 08:10:08,2017-11-22 16:46:54
2017-11-23,2017-11-23 08:11:42,2017-11-23 16:45:54
2017-11-24,2017-11-24 08:13:15,2017-11-24 16:44:57
2017-11-25,2017-11-25 08:14:47,2017-11-25 16:44:02
2017-11-26,2017-11-26 08:16:17,2017-11-26 16:43:11
2017-11-27,2017-11-27 08:17:46,2017-11-27 16:42:22
2017-11-28,2017-11-28 08:19:14,2017-11-28 16:41:36
2017-11-29,2017-11-29 08:20:40,2017-11-29 16:40:53
2017-11-30,2017-11-30 08:22:04,2017-11-30 16:40:13
2017-12-01,2017-12-01 08:23:27,2017-12-01 16:39:36
2017-12-02,2017-12-02 08:24:47,2017-12-02 16:39:02
2017-12-03,2017-12-03 08:26:06,2017-12-03 16:38:31
2017-12-04,2017-12-04 08:27:23,2017-12-04 16:38:04
2017-12-05,2017-12-05 08:28:38,2017-12-05 16:37:39
2017-12-06,2017-12-06 08:29:51,2017-12-06 16:37:18
2017-12-07,2017-12-07 08:31:02,2017-12-07 16:37:00
2017-12-08,2017-12-08 08:32:10,2017-12-08 16:36:45
2017-12-09,2017-12-09 08:33:16,2017-12-09 16:36:34
2017-12-10,2017-12-10 08:34:20,2017-12-10 16:36:25
2017-12-11,2017-12-11 08:35:21,2017-12-11 16:36:20
2017-12-12,2017-12-12 08:36:19,2017-12-12 16:36:19
2017-12-13,2017-12-13 08:37:15,2017-12-13 16:36:20
2017-12-14,2017-12-14 08:38:08,2017-12-14 16:36:25
2017-12-15,2017-12-15 08:38:59,2017-12-15 16:36:34
2017-12-16,2017-12-16 08:39:46,2017-12-16 16:36:45
2017-12-17,2017-12-17 08:40:31,2017-12-17 16:37:00
2017-12-18,2017-12-18 08:41:12,2017-12-18 16:37:19
2017-12-19,2017-12-19 08:41:51,2017-12-19 16:37:40
2017-12-20,2017-12-20 08:42:26,2017-12-20 16:38:05
2017-12-21,2017-12-21 08:42:59,2017-12-21 16:38:33
2017-12-22,2017-12-22 08:43:28,2017-12-22 16:39:04
2017-12-23,2017-12-23 08:43:54,2017-12-23 16:39:39
2017-12-24,2017-12-24 08:44:17,2017-12-24 16:40:16
2017-12-25,2017-12-25 08:44:37,2017-12-25 16:40:57
2017-12-26,2017-12-26 08:44:54,2017-12-26 16:41:40
2017-12-27,2017-12-27 08:45:07,2017-12-27 16:42:27
2017-12-28,2017-12-28 08:45:17,2017-12-28 16:43:17
2017-12-29,2017-12-29 08:45:24,2017-12-29 16:44:09
2017-12-30,2017-12-30 08:45:27,2017-12-30 16:45:05
2017-12-31,2017-12-31 08:45:27,2017-12-31 16:46:03
2018-01-01,2018-01-01 08:45:24,2018-01-01 16:47:03
2018-01-02,2018-01-02 08:45:18,2018-01-02 16:48:07
2018-01-03,2018-01-03 08:45:08,2018-01-03 16:49:13
2018-01-04,2018-01-04 08:44:55,2018-01-04 16:50:21
2018-01-05,2018-01-05 08:44:39,2018-01-05 16:51:32
2018-01-06,2018-01-06 08:44:20,2018-01-06 16:52:45
2018-01-07,2018-01-07 08:43:57,2018-01-07 16:54:01
2018-01-08,2018-01-08 08:43:32,2018-01-08 16:55:19
2018-01-09,2018-01-09 08:43:03,2018-01-09 16:56:38
2018-01-10,2018-01-10 08:42:31,2018-01-10 16:58:00
2018-01-11,2018-01-11 08:41:56,2018-01-11 16:59:24
2018-01-12,2018-01-12 08:41:18,2018-01-12 17:00:49
2018-01-13,2018-01-13 08:40:37,2018-01-13 17:02:16
2018-01-14,2018-01-14 08:39:53,2018-01-14 17:03:45
2018-01-15,2018-01-15 08:39:07,2018-01-15 17:05:16
2018-01-16,2018-01-16 08:38:17,2018-01-16 17:06:48
2018-01-17,2018-01-17 08:37:25,2018-01-17 17:08:21
2018-01-18,2018-01-18 08:36:29,2018-01-18 17:09:56
2018-01-19,2018-01-19 08:35:32,2018-01-19 17:11:32
2018-01-20,2018-01-20 08:34:31,2018-01-20 17:13:10
2018-01-21,2018-01-21 08:33:28,2018-01-21 17:14:48
2018-01-22,2018-01-22 08:32:22,2018-01-22 17:16:27
2018-01-23,2018-01-23 08:31:14,2018-01-23 17:18:08
2018-01-24,2018-01-24 08:30:03,2018-01-24 17:19:49
2018-01-25,2018-01-25 08:28:50,2018-01-25 17:21:31
2018-01-26,2018-01-26 08:27:35,2018-01-26 17:23:14
2018-01-27,2018-01-27 08:26:17,2018-01-27 17:24:57
2018-01-28,2018-01-28 08:24:57,2018-01-28 17:26:41
2018-01-29,2018-01-29 08:23:35,2018-01-29 17:28:26
2018-01-30,2018-01-30 08:22:10,2018-01-30 17:30:11
2018-01-31,2018-01-31 08:20:44,2018-01-31 17:31:57
2018-02-01,2018-02-01 08:19:15,2018-02-01 17:33:43
2018-02-02,2018-02-02 08:17:45,2018-02-02 17:35:29
2018-02-03,2018-02-03 08:16:12,2018-02-03 17:37:16
2018-02-04,2018-02-04 08:14:38,2018-02-04 17:39:02
2018-02-05,2018-02-05 08:13:02,2018-02-05 17:40:49
2018-02-06,2018-02-06 08:11:24,2018-02-06 17:42:36
2018-02-07,2018-02-07 08:09:45,2018-02-07 17:44:24
2018-02-08,2018-02-08 08:08:03,2018-02-08 17:46:11
2018-02-09,2018-02-09 08:06:20,2018-02-09 17:47:58
2018-02-10,2018-02-10 08:04:36,2018-02-10 17:49:45
2018-02-11,2018-02-11 08:02:50,2018-02-11 17:51:33
2018-02-12,2018-02-12 08:01:02,2018-02-12 17:53:20
2018-02-13,2018-02-13 07:59:13,2018-02-13 17:55:07
2018-02-14,2018-02-14 07:57:23,2018-02-14 17:56:54
2018-02-15,2018-02-15 07:55:31,2018-02-15 17:58:40
2018-02-16,2018-02-16 07:53:39,2018-02-16 18:00:27
2018-02-17,2018-02-17 07:51:44,2018-02-17 18:02:13
2018-02-18,2018-02-18 07:49:49,2018-02-18 18:04:00
2018-02-19,2018-02-19 07:47:52,2018-02-19 18:05:46
2018-02-20,2018-02-20 07:45:54,2018-02-20 18:07:31
2018-02-21,2018-02-21 07:43:56,2018-02-21 18:09:17
2018-02-22,2018-02-22 07:41:56,2018-02-22 18:11:02
2018-02-23,2018-02-23 07:39:55,2018-02-23 18:12:47
2018-02-24,2018-02-24 07:37:53,2018-02-24 18:14:32
2018-02-25,2018-02-25 07:35:50,2018-02-25 18:16:16
2018-02-26,2018-02-26 07:33:47,2018-02-26 18:18:01
2018-02-27,2018-02-27 07:31:42,2018-02-27 18:19:44
2018-02-28,2018-02-28 07:29:37,2018-02-28 18:21:28
2018-03-01,2018-03-01 07:27:31,2018-03-01 18:23:11
2018-03-02,2018-03-02 07:25:24,2018-03-02 18:24:54
2018-03-03,2018-03-03 07:23:17,2018-03-03 18:26:37
2018-03-04,2018-03-04 07:21:09,2018-03-04 18:28:20
2018-03-05,2018-03-05 07:19:00,2018-03-05 18:30:02
2018-03-06,2018-03-06 07:16:51,2018-03-06 18:31:44
2018-03-07,2018-03-07 07:14:41,2018-03-07 18:33:26
2018-03-08,2018-03-08 07:12:31,2018-03-08 18:35:07
2018-03-09,2018-03-09 07:10:20,2018-03-09 18:36:48
2018-03-10,2018-03-10 07:08:08,2018-03-10 18:38:29
2018-03-11,2018-03-11 07:05:57,2018-03-11 18:40:10
2018-03-12,2018-03-12 07:03:45,2018-03-12 18:41:50
2018-03-13,2018-03-13 07:01:32,2018-03-13 18:43:30
2018-03-14,2018-03-14 06:59:19,2018-03-14 18:45:10
2018-03-15,2018-03-15 06:57:06,2018-03-15 18:46:50
2018-03-16,2018-03-16 06:54:53,2018-03-16 18:48:30
2018-03-17,2018-03-17 06:52:39,2018-03-17 18:50:09
2018-03-18,2018-03-18 06:50:26,2018-03-18 18:51:48
2018-03-19,2018-03-19 06:48:12,2018-03-19 18:53:27
2018-03-20,2018-03-20 06:45:58,2018-03-20 18:55:06
2018-03-21,2018-03-21 06:43:44,2018-03-21 18:56:45
2018-03-22,2018-03-22 06:41:30,2018-03-22 18:58:24
2018-03-23,2018-03-23 06:39:15,2018-03-23 19:00:02
2018-03-24,2018-03-24 06:37:01,2018-03-24 19:01:41
2018-03-25,2018-03-25 07:34:47,2018-03-25 20:03:19
2018-03-26,2018-03-26 07:32:33,2018-03-26 20:04:57
2018-03-27,2018-03-27 07:30:19,2018-03-27 20:06:35
2018-03-28,2018-03-28 07:28:05,2018-03-28 20:08:13
2018-03-29,2018-03-29 07:25:51,2018-03-29 20:09:51
2018-03-30,2018-03-30 07:23:37,2018-03-30 20:11:29
2018-03-31,2018-03-31 07:21:24,2018-03-31 20:13:07
2018-04-01,2018-04-01 07:19:11,2018-04-01 20:14:45
2018-04-02,2018-04-02 07:16:58,2018-04-02 20:16:22
2018-04-03,2018-04-03 07:14:45,2018-04-03 20:18:00
2018-04-04,2018-04-04 07:12:33,2018-04-04 20:19:38
2018-04-05,2018-04-05 07:10:21,2018-04-05 20:21:15
2018-04-06,2018-04-06 07:08:09,2018-04-06 20:22:53
2018-04-07,2018-04-07 07:05:58,2018-04-07 20:24:31
2018-04-08,2018-04-08 07:03:47,2018-04-08 20:26:08
2018-04-09,2018-04-09 07:01:37,2018-04-09 20:27:46
2018-04-10,2018-04-10 06:59:28,2018-04-10 20:29:24
2018-04-11,2018-04-11 06:57:18,2018-04-11 20:31:01
2018-04-12,2018-04-12 06:55:10,2018-04-12 20:32:39
2018-04-13,2018-04-13 06:53:02,2018-04-13 20:34:16
2018-04-14,2018-04-14 06:50:55,2018-04-14 20:35:54
2018-04-15,2018-04-15 06:48:48,2018-04-15 20:37:31
2018-04-16,2018-04-16 06:46:42,2018-04-16 20:39:09
2018-04-17,2018-04-17 06:44:37,2018-04-17 20:40:46
2018-04-18,2018-04-18 06:42:33,2018-04-18 20:42:24
2018-04-19,2018-04-19 06:40:29,2018-04-19 20:44:01
2018-04-20,2018-04-20 06:38:26,2018-04-20 20:45:39
2018-04-21,2018-04-21 06:36:25,2018-04-21 20:47:16
2018-04-22,2018-04-22 06:34:24,2018-04-22 20:48:53
2018-04-23,2018-04-23 06:32:24,2018-04-23 20:50:30
2018-04-24,2018-04-24 06:30:25,2018-04-24 20:52:07
2018-04-25,2018-04-25 06:28:27,2018-04-25 20:53:44
2018-04-26,2018-04-26 06:26:31,2018-04-26 20:55:21
2018-04-27,2018-04-27 06:24:35,2018-04-27 20:56:57
2018-04-28,2018-04-28 06:22:41,2018-04-28 20:58:34
2018-04-29,2018-04-29 06:20:48,2018-04-29 21:00:10
2018-04-30,2018-04-30 06:18:56,2018-04-30 21:01:46
2018-05-01,2018-05-01 06:17:05,2018-05-01 21:03:21
2018-05-02,2018-05-02 06:15:16,2018-05-02 21:04:56
2018-05-03,2018-05-03 06:13:28,2018-05-03 21:06:31
2018-05-04,2018-05-04 06:11:41,2018-05-04 21:08:06
2018-05-05,2018-05-05 06:09:57,2018-05-05 21:09:40
2018-05-06,2018-05-06 06:08:13,2018-05-06 21:11:14
2018-05-07,2018-05-07 06:06:31,2018-05-07 21:12:47
2018-05-08,2018-05-08 06:04:51,2018-05-08 21:14:20
2018-05-09,2018-05-09 06:03:12,2018-05-09 21:15:52
2018-05-10,2018-05-10 06:01:36,2018-05-10 21:17:24
2018-05-11,2018-05-11 06:00:00,2018-05-11 21:18:55
2018-05-12,2018-05-12 05:58:27,2018-05-12 21:20:25
2018-05-13,2018-05-13 05:56:56,2018-05-13 21:21:54
2018-05-14,2018-05-14 05:55:26,2018-05-14 21:23:23
2018-05-15,2018-05-15 05:53:58,2018-05-15 21:24:51
2018-05-16,2018-05-16 05:52:33,2018-05-16 21:26:18
2018-05-17,2018-05-17 05:51:09,2018-05-17 21:27:44
2018-05-18,2018-05-18 05:49:48,2018-05-18 21:29:09
2018-05-19,2018-05-19 05:48:28,2018-05-19 21:30:33
2018-05-20,2018-05-20 05:47:11,2018-05-20 21:31:56
2018-05-21,2018-05-21 05:45:56,2018-05-21 21:33:17
2018-05-22,2018-05-22 05:44:43,2018-05-22 21:34:37
2018-05-23,2018-05-23 05:43:33,2018-05-23 21:35:56
2018-05-24,2018-05-24 05:42:25,2018-05-24 21:37:14
2018-05-25,2018-05-25 05:41:20,2018-05-25 21:38:30
2018-05-26,2018-05-26 05:40:16,2018-05-26 21:39:45
2018-05-27,2018-05-27 05:39:16,2018-05-27 21:40:58
2018-05-28,2018-05-28 05:38:18,2018-05-28 21:42:09
2018-05-29,2018-05-29 05:37:22,2018-05-29 21:43:18
2018-05-30,2018-05-30 05:36:29,2018-05-30 21:44:26
2018-05-31,2018-05-31 05:35:39,2018-05-31 21:45:32
2018-06-01,2018-06-01 05:34:52,2018-06-01 21:46:36
2018-06-02,2018-06-02 05:34:07,2018-06-02 21:47:38
2018-06-03,2018-06-03 05:33:25,2018-06-03 21:48:38
2018-06-04,2018-06-04 05:32:46,2018-06-04 21:49:36
2018-06-05,2018-06-05 05:32:10,2018-06-05 21:50:31
2018-06-06,2018-06-06 05:31:36,2018-06-06 21:51:25
2018-06-07,2018-06-07 05:31:06,2018-06-07 21:52:16
2018-06-08,2018-06-08 05:30:38,2018-06-08 21:53:05
2018-06-09,2018-06-09 05:30:13,2018-06-09 21:53:51
2018-06-10,2018-06-10 05:29:51,2018-06-10 21:54:35
2018-06-11,2018-06-11 05:29:32,2018-06-11 21:55:16
2018-06-12,2018-06-12 05:29:17,2018-06-12 21:55:54
2018-06-13,2018-06-13 05:29:04,2018-06-13 21:56:30
2018-06-14,2018-06-14 05:28:54,2018-06-14 21:57:03
2018-06-15,2018-06-15 05:28:47,2018-06-15 21:57:34
2018-06-16,2018-06-16 05:28:43,2018-06-16 21:58:02
2018-06-17,2018-06-17 05:28:42,2018-06-17 21:58:27
2018-06-18,2018-06-18 05:28:44,2018-06-18 21:58:49
2018-06-19,2018-06-19 05:28:49,2018-06-19 21:59:08
2018-06-20,2018-06-20 05:28:57,2018-06-20 21:59:24
2018-06-21,2018-06-21 05:29:07,2018-06-21 21:59:37
2018-06-22,2018-06-22 05:29:21,2018-06-22 21:59:48
2018-06-23,2018-06-23 05:29:38,2018-06-23 21:59:55
2018-06-24,2018-06-24 05:29:57,2018-06-24 21:59:59
2018-06-25,2018-06-25 05:30:19,2018-06-25 22:00:01
2018-06-26,2018-06-26 05:30:44,2018-06-26 21:59:59
2018-06-27,2018-06-27 05:31:12,2018-06-27 21:59:54
2018-06-28,2018-06-28 05:31:42,2018-06-28 21:59:47
2018-06-29,2018-06-29 05:32:16,2018-06-29 21:59:36
2018-06-30,2018-06-30 05:32:51,2018-06-30 21:59:22
2018-07-01,2018-07-01 05:33:30,2018-07-01 21:59:05
2018-07-02,2018-07-02 05:34:10,2018-07-02 21:58:45
2018-07-03,2018-07-03 05:34:54,2018-07-03 21:58:23
2018-07-04,2018-07-04 05:35:39,2018-07-04 21:57:57
2018-07-05,2018-07-05 05:36:27,2018-07-05 21:57:28
2018-07-06,2018-07-06 05:37:17,2018-07-06 21:56:57
2018-07-07,2018-07-07 05:38:10,2018-07-07 21:56:22
2018-07-08,2018-07-08 05:39:05,2018-07-08 21:55:44
2018-07-09,2018-07-09 05:40:01,2018-07-09 21:55:04
2018-07-10,2018-07-10 05:41:00,2018-07-10 21:54:21
2018-07-11,2018-07-11 05:42:01,2018-07-11 21:53:35
2018-07-12,2018-07-12 05:43:03,2018-07-12 21:52:46
2018-07-13,2018-07-13 05:44:08,2018-07-13 21:51:55
2018-07-14,2018-07-14 05:45:14,2018-07-14 21:51:01
2018-07-15,2018-07-15 05:46:22,2018-07-15 21:50:04
2018-07-16,2018-07-16 05:47:32,2018-07-16 21:49:05
2018-07-17,2018-07-17 05:48:43,2018-07-17 21:48:03
2018-07-18,2018-07-18 05:49:55,2018-07-18 21:46:59
2018-07-19,2018-07-19 05:51:09,2018-07-19 21:45:52
2018-07-20,2018-07-20 05:52:25,2018-07-20 21:44:43
2018-07-21,2018-07-21 05:53:41,2018-07-21 21:43:31
2018-07-22,2018-07-22 05:54:59,2018-07-22 21:42:17
2018-07-23,2018-07-23 05:56:19,2018-07-23 21:41:01
2018-07-24,2018-07-24 05:57:39,2018-07-24 21:39:42
2018-07-25,2018-07-25 05:59:00,2018-07-25 21:38:22
2018-07-26,2018-07-26 06:00:22,2018-07-26 21:36:59
2018-07-27,2018-07-27 06:01:45,2018-07-27 21:35:34
2018-07-28,2018-07-28 06:03:10,2018-07-28 21:34:07
2018-07-29,2018-07-29 06:04:34,2018-07-29 21:32:38
2018-07-30,2018-07-30 06:06:00,2018-07-30 21:31:07
2018-07-31,2018-07-31 06:07:26,2018-07-31 21:29:35
2018-08-01,2018-08-01 06:08:54,2018-08-01 21:28:00
2018-08-02,2018-08-02 06:10:21,2018-08-02 21:26:24
2018-08-03,2018-08-03 06:11:49,2018-08-03 21:24:45
2018-08-04,2018-08-04 06:13:18,2018-08-04 21:23:06
2018-08-05,2018-08-05 06:14:47,2018-08-05 21:21:24
2018-08-06,2018-08-06 06:16:17,2018-08-06 21:19:41
2018-08-07,2018-08-07 06:17:47,2018-08-07 21:17:56
2018-08-08,2018-08-08 06:19:18,2018-08-08 21:16:10
2018-08-09,2018-08-09 06:20:49,2018-08-09 21:14:22
2018-08-10,2018-08-10 06:22:20,2018-08-10 21:12:33
2018-08-11,2018-08-11 06:23:51,2018-08-11 21:10:43
2018-08-12,2018-08-12 06:25:23,2018-08-12 21:08:51
2018-08-13,2018-08-13 06:26:55,2018-08-13 21:06:58
2018-08-14,2018-08-14 06:28:27,2018-08-14 21:05:03
2018-08-15,2018-08-15 06:29:59,2018-08-15 21:03:08
2018-08-16,2018-08-16 06:31:31,2018-08-16 21:01:11
2018-08-17,2018-08-17 06:33:04,2018-08-17 20:59:13
2018-08-18,2018-08-18 06:34:37,2018-08-18 20:57:14
2018-08-19,2018-08-19 06:36:09,2018-08-19 20:55:14
2018-08-20,2018-08-20 06:37:42,2018-08-20 20:53:13
2018-08-21,2018-08-21 06:39:15,2018-08-21 20:51:11
2018-08-22,2018-08-22 06:40:48,2018-08-22 20:49:08
2018-08-23,2018-08-23 06:42:21,2018-08-23 20:47:04
2018-08-24,2018-08-24 06:43:53,2018-08-24 20:44:59
2018-08-25,2018-08-25 06:45:26,2018-08-25 20:42:54
2018-08-26,2018-08-26 06:46:59,2018-08-26 20:40:47
2018-08-27,2018-08-27 06:48:32,2018-08-27 20:38:40
2018-08-28,2018-08-28 06:50:05,2018-08-28 20:36:32
2018-08-29,2018-08-29 06:51:38,2018-08-29 20:34:24
2018-08-30,2018-08-30 06:53:11,2018-08-30 20:32:14
2018-08-31,2018-08-31 06:54:44,2018-08-31 20:30:05
2018-09-01,2018-09-01 06:56:17,2018-09-01 20:27:54
2018-09-02,2018-09-02 06:57:49,2018-09-02 20:25:43
2018-09-03,2018-09-03 06:59:22,2018-09-03 20:23:32
2018-09-04,2018-09-04 07:00:55,2018-09-04 20:21:20
2018-09-05,2018-09-05 07:02:28,2018-09-05 20:19:07
2018-09-06,2018-09-06 07:04:01,2018-09-06 20:16:54
2018-09-07,2018-09-07 07:05:33,2018-09-07 20:14:41
2018-09-08,2018-09-08 07:07:06,2018-09-08 20:12:27
2018-09-09,2018-09-09 07:08:39,2018-09-09 20:10:13
2018-09-10,2018-09-10 07:10:12,2018-09-10 20:07:59
2018-09-11,2018-09-11 07:11:44,2018-09-11 20:05:45
2018-09-12,2018-09-12 07:13:17,2018-09-12 20:03:30
2018-09-13,2018-09-13 07:14:50,2018-09-13 20:01:15
2018-09-14,2018-09-14 07:16:23,2018-09-14 19:59:00
2018-09-15,2018-09-15 07:17:56,2018-09-15 19:56:44
2018-09-16,2018-09-16 07:19:29,2018-09-16 19:54:29
2018-09-17,2018-09-17 07:21:02,2018-09-17 19:52:13
2018-09-18,2018-09-18 07:22:35,2018-09-18 19:49:57
2018-09-19,2018-09-19 07:24:08,2018-09-19 19:47:42
2018-09-20,2018-09-20 07:25:42,2018-09-20 19:45:26
2018-09-21,2018-09-21 07:27:15,2018-09-21 19:43:10
2018-09-22,2018-09-22 07:28:49,2018-09-22 19:40:54
2018-09-23,2018-09-23 07:30:22,2018-09-23 19:38:39
2018-09-24,2018-09-24 07:31:56,2018-09-24 19:36:23
2018-09-25,2018-09-25 07:33:30,2018-09-25 19:34:08
2018-09-26,2018-09-26 07:35:04,2018-09-26 19:31:53
2018-09-27,2018-09-27 07:36:39,2018-09-27 19:29:37
2018-09-28,2018-09-28 07:38:13,2018-09-28 19:27:23
2018-09-29,2018-09-29 07:39:48,2018-09-29 19:25:08
2018-09-30,2018-09-30 07:41:23,2018-09-30 19:22:54
2018-10-01,2018-10-01 07:42:58,2018-10-01 19:20:40
2018-10-02,2018-10-02 07:44:34,2018-10-02 19:18:26
2018-10-03,2018-10-03 07:46:09,2018-10-03 19:16:13
2018-10-04,2018-10-04 07:47:45,2018-10-04 19:14:00
2018-10-05,2018-10-05 07:49:21,2018-10-05 19:11:48
2018-10-06,2018-10-06 07:50:57,2018-10-06 19:09:36
2018-10-07,2018-10-07 07:52:34,2018-10-07 19:07:24
2018-10-08,2018-10-08 07:54:11,2018-10-08 19:05:13
2018-10-09,2018-10-09 07:55:48,2018-10-09 19:03:03
2018-10-10,2018-10-10 07:57:26,2018-10-10 19:00:53
2018-10-11,2018-10-11 07:59:04,2018-10-11 18:58:44
2018-10-12,2018-10-12 08:00:42,2018-10-12 18:56:36
2018-10-13,2018-10-13 08:02:20,2018-10-13 18:54:28
2018-10-14,2018-10-14 08:03:59,2018-10-14 18:52:21
2018-10-15,2018-10-15 08:05:38,2018-10-15 18:50:15
2018-10-16,2018-10-16 08:07:17,2018-10-16 18:48:10
2018-10-17,2018-10-17 08:08:57,2018-10-17 18:46:05
2018-10-18,2018-10-18 08:10:37,2018-10-18 18:44:02
2018-10-19,2018-10-19 08:12:17,2018-10-19 18:41:59
2018-10-20,2018-10-20 08:13:58,2018-10-20 18:39:57
2018-10-21,2018-10-21 08:15:38,2018-10-21 18:37:57
2018-10-22,2018-10-22 08:17:19,2018-10-22 18:35:57
2018-10-23,2018-10-23 08:19:01,2018-10-23 18:33:59
2018-10-24,2018-10-24 08:20:43,2018-10-24 18:32:01
2018-10-25,2018-10-25 08:22:24,2018-10-25 18:30:05
2018-10-26,2018-10-26 08:24:07,2018-10-26 18:28:10
2018-10-27,2018-10-27 08:25:49,2018-10-27 18:26:17
2018-10-28,2018-10-28 07:27:31,2018-10-28 17:24:24
2018-10-29,2018-10-29 07:29:14,2018-10-29 17:22:34
2018-10-30,2018-10-30 07:30:57,2018-10-30 17:20:44
2018-10-31,2018-10-31 07:32:40,2018-10-31 17:18:56
2018-11-01,2018-11-01 07:34:23,2018-11-01 17:17:09
2018-11-02,2018-11-02 07:36:07,2018-11-02 17:15:24
2018-11-03,2018-11-03 07:37:50,2018-11-03 17:13:41
2018-11-04,2018-11-04 07:39:33,2018-11-04 17:11:59
2018-11-05,2018-11-05 07:41:17,2018-11-05 17:10:19
2018-11-06,2018-11-06 07:43:00,2018-11-06 17:08:41
2018-11-07,2018-11-07 07:44:43,2018-11-07 17:07:04
2018-11-08,2018-11-08 07:46:26,2018-11-08 17:05:30
2018-11-09,2018-11-09 07:48:09,2018-11-09 17:03:57
2018-11-10,2018-11-10 07:49:51,2018-11-10 17:02:26
2018-11-11,2018-11-11 07:51:34,2018-11-11 17:00:58
2018-11-12,2018-11-12 07:53:16,2018-11-12 16:59:31
2018-11-13,2018-11-13 07:54:57,2018-11-13 16:58:06
2018-11-14,2018-11-14 07:56:39,2018-11-14 16:56:44
2018-11-15,2018-11-15 07:58:19,2018-11-15 16:55:24
2018-11-16,2018-11-16 07:59:59,2018-11-16 16:54:06
2018-11-17,2018-11-17 08:01:39,2018-11-17 16:52:50
2018-11-18,2018-11-18 08:03:18,2018-11-18 16:51:37
2018-11-19,2018-11-19 08:04:56,2018-11-19 16:50:26
2018-11-20,2018-11-20 08:06:33,2018-11-20 16:49:18
2018-11-21,2018-11-21 08:08:09,2018-11-21 16:48:12
2018-11-22,2018-11-22 08:09:45,2018-11-22 16:47:09
2018-11-23,2018-11-23 08:11:19,2018-11-23 16:46:08
2018-11-24,2018-11-24 08:12:52,2018-11-24 16:45:10
2018-11-25,2018-11-25 08:14:24,2018-11-25 16:44:15
2018-11-26,2018-11-26 08:15:55,2018-11-26 16:43:23
2018-11-27,2018-11-27 08:17:25,2018-11-27 16:42:33
2018-11-28,2018-11-28 08:18:52,2018-11-28 16:41:47
2018-11-29,2018-11-29 08:20:19,2018-11-29 16:41:03
2018-11-30,2018-11-30 08:21:44,2018-11-30 16:40:22
2018-12-01,2018-12-01 08:23:07,2018-12-01 16:39:45
2018-12-02,2018-12-02 08:24:28,2018-12-02 16:39:10
2018-12-03,2018-12-03 08:25:47,2018-12-03 16:38:38
2018-12-04,2018-12-04 08:27:05,2018-12-04 16:38:10
2018-12-05,2018-12-05 08:28:20,2018-12-05 16:37:45
2018-12-06,2018-12-06 08:29:34,2018-12-06 16:37:23
2018-12-07,2018-12-07 08:30:45,2018-12-07 16:37:04
2018-12-08,2018-12-08 08:31:54,2018-12-08 16:36:48
2018-12-09,2018-12-09 08:33:01,2018-12-09 16:36:36
2018-12-10,2018-12-10 08:34:05,2018-12-10 16:36:27
2018-12-11,2018-12-11 08:35:06,2018-12-11 16:36:21
2018-12-12,2018-12-12 08:36:05,2018-12-12 16:36:19
2018-12-13,2018-12-13 08:37:02,2018-12-13 16:36:19
2018-12-14,2018-12-14 08:37:56,2018-12-14 16:36:24
2018-12-15,2018-12-15 08:38:47,2018-12-15 16:36:31
2018-12-16,2018-12-16 08:39:35,2018-12-16 16:36:42
2018-12-17,2018-12-17 08:40:20,2018-12-17 16:36:56
2018-12-18,2018-12-18 08:41:02,2018-12-18 16:37:14
2018-12-19,2018-12-19 08:41:42,2018-12-19 16:37:34
2018-12-20,2018-12-20 08:42:18,2018-12-20 16:37:58
2018-12-21,2018-12-21 08:42:51,2018-12-21 16:38:26
2018-12-22,2018-12-22 08:43:21,2018-12-22 16:38:56
2018-12-23,2018-12-23 08:43:48,2018-12-23 16:39:30
2018-12-24,2018-12-24 08:44:12,2018-12-24 16:40:06
2018-12-25,2018-12-25 08:44:33,2018-12-25 16:40:46
2018-12-26,2018-12-26 08:44:50,2018-12-26 16:41:29
2018-12-27,2018-12-27 08:45:04,2018-12-27 16:42:15
2018-12-28,2018-12-28 08:45:15,2018-12-28 16:43:04
2018-12-29,2018-12-29 08:45:22,2018-12-29 16:43:56
2018-12-30,2018-12-30 08:45:27,2018-12-30 16:44:51
2018-12-31,2018-12-31 08:45:28,2018-12-31 16:45:48
2019-01-01,2019-01-01 08:45:25,2019-01-01 16:46:48
2019-01-02,2019-01-02 08:45:20,2019-01-02 16:47:51
2019-01-03,2019-01-03 08:45:11,2019-01-03 16:48:56
2019-01-04,2019-01-04 08:44:59,2019-01-04 16:50:04
2019-01-05,2019-01-05 08:44:44,2019-01-05 16:51:14
2019-01-06,2019-01-06 08:44:25,2019-01-06 16:52:27
2019-01-07,2019-01-07 08:44:03,2019-01-07 16:53:42
2019-01-08,2019-01-08 08:43:38,2019-01-08 16:54:59
2019-01-09,2019-01-09 08:43:10,2019-01-09 16:56:18
2019-01-10,2019-01-10 08:42:39,2019-01-10 16:57:40
2019-01-11,2019-01-11 08:42:05,2019-01-11 16:59:03
2019-01-12,2019-01-12 08:41:28,2019-01-12 17:00:28
2019-01-13,2019-01-13 08:40:48,2019-01-13 17:01:55
2019-01-14,2019-01-14 08:40:05,2019-01-14 17:03:23
2019-01-15,2019-01-15 08:39:18,2019-01-15 17:04:53
2019-01-16,2019-01-16 08:38:30,2019-01-16 17:06:25
2019-01-17,2019-01-17 08:37:38,2019-01-17 17:07:58
2019-01-18,2019-01-18 08:36:43,2019-01-18 17:09:33
2019-01-19,2019-01-19 08:35:46,2019-01-19 17:11:09
2019-01-20,2019-01-20 08:34:46,2019-01-20 17:12:46
2019-01-21,2019-01-21 08:33:44,2019-01-21 17:14:24
2019-01-22,2019-01-22 08:32:38,2019-01-22 17:16:03
2019-01-23,2019-01-23 08:31:31,2019-01-23 17:17:43
2019-01-24,2019-01-24 08:30:21,2019-01-24 17:19:24
2019-01-25,2019-01-25 08:29:08,2019-01-25 17:21:06
2019-01-26,2019-01-26 08:27:53,2019-01-26 17:22:48
2019-01-27,2019-01-27 08:26:36,2019-01-27 17:24:32
2019-01-28,2019-01-28 08:25:17,2019-01-28 17:26:16
2019-01-29,2019-01-29 08:23:55,2019-01-29 17:28:00
2019-01-30,2019-01-30 08:22:31,2019-01-30 17:29:45
2019-01-31,2019-01-31 08:21:05,2019-01-31 17:31:31
2019-02-01,2019-02-01 08:19:37,2019-02-01 17:33:17
2019-02-02,2019-02-02 08:18:07,2019-02-02 17:35:03
2019-02-03,2019-02-03 08:16:35,2019-02-03 17:36:49
2019-02-04,2019-02-04 08:15:01,2019-02-04 17:38:36
2019-02-05,2019-02-05 08:13:26,2019-02-05 17:40:23
2019-02-06,2019-02-06 08:11:48,2019-02-06 17:42:10
2019-02-07,2019-02-07 08:10:09,2019-02-07 17:43:57
2019-02-08,2019-02-08 08:08:28,2019-02-08 17:45:44
2019-02-09,2019-02-09 08:06:46,2019-02-09 17:47:32
2019-02-10,2019-02-10 08:05:02,2019-02-10 17:49:19
2019-02-11,2019-02-11 08:03:16,2019-02-11 17:51:06
2019-02-12,2019-02-12 08:01:29,2019-02-12 17:52:53
2019-02-13,2019-02-13 07:59:40,2019-02-13 17:54:40
2019-02-14,2019-02-14 07:57:50,2019-02-14 17:56:27
2019-02-15,2019-02-15 07:55:59,2019-02-15 17:58:14
2019-02-16,2019-02-16 07:54:06,2019-02-16 18:00:01
2019-02-17,2019-02-17 07:52:12,2019-02-17 18:01:47
2019-02-18,2019-02-18 07:50:17,2019-02-18 18:03:34
2019-02-19,2019-02-19 07:48:21,2019-02-19 18:05:20
2019-02-20,2019-02-20 07:46:23,2019-02-20 18:07:06
2019-02-21,2019-02-21 07:44:25,2019-02-21 18:08:51
2019-02-22,2019-02-22 07:42:25,2019-02-22 18:10:36
2019-02-23,2019-02-23 07:40:24,2019-02-23 18:12:22
2019-02-24,2019-02-24 07:38:23,2019-02-24 18:14:06
2019-02-25,2019-02-25 07:36:20,2019-02-25 18:15:51
2019-02-26,2019-02-26 07:34:17,2019-02-26 18:17:35
2019-02-27,2019-02-27 07:32:13,2019-02-27 18:19:19
2019-02-28,2019-02-28 07:30:08,2019-02-28 18:21:03
2019-03-01,2019-03-01 07:28:02,2019-03-01 18:22:46
2019-03-02,2019-03-02 07:25:55,2019-03-02 18:24:29
2019-03-03,2019-03-03 07:23:48,2019-03-03 18:26:12
2019-03-04,2019-03-04 07:21:40,2019-03-04 18:27:55
2019-03-05,2019-03-05 07:19:31,2019-03-05 18:29:37
2019-03-06,2019-03-06 07:17:22,2019-03-06 18:31:19
2019-03-07,2019-03-07 07:15:12,2019-03-07 18:33:01
2019-03-08,2019-03-08 07:13:02,2019-03-08 18:34:42
2019-03-09,2019-03-09 07:10:51,2019-03-09 18:36:23
2019-03-10,2019-03-10 07:08:40,2019-03-10 18:38:04
2019-03-11,2019-03-11 07:06:29,2019-03-11 18:39:45
2019-03-12,2019-03-12 07:04:17,2019-03-12 18:41:26
2019-03-13,2019-03-13 07:02:04,2019-03-13 18:43:06
2019-03-14,2019-03-14 06:59:52,2019-03-14 18:44:46
2019-03-15,2019-03-15 06:57:39,2019-03-15 18:46:26
2019-03-16,2019-03-16 06:55:25,2019-03-16 18:48:05
2019-03-17,2019-03-17 06:53:12,2019-03-17 18:49:45
2019-03-18,2019-03-18 06:50:58,2019-03-18 18:51:24
2019-03-19,2019-03-19 06:48:44,2019-03-19 18:53:03
2019-03-20,2019-03-20 06:46:30,2019-03-20 18:54:42
2019-03-21,2019-03-21 06:44:16,2019-03-21 18:56:21
2019-03-22,2019-03-22 06:42:02,2019-03-22 18:58:00
2019-03-23,2019-03-23 06:39:48,2019-03-23 18:59:38
2019-03-24,2019-03-24 06:37:34,2019-03-24 19:01:17
2019-03-25,2019-03-25 06:35:19,2019-03-25 19:02:55
2019-03-26,2019-03-26 06:33:05,2019-03-26 19:04:33
2019-03-27,2019-03-27 06:30:51,2019-03-27 19:06:11
2019-03-28,2019-03-28 06:28:37,2019-03-28 19:07:49
2019-03-29,2019-03-29 06:26:23,2019-03-29 19:09:27
2019-03-30,2019-03-30 06:24:10,2019-03-30 19:11:05
2019-03-31,2019-03-31 07:21:56,2019-03-31 20:12:43
2019-04-01,2019-04-01 07:19:43,2019-04-01 20:14:21
2019-04-02,2019-04-02 07:17:30,2019-04-02 20:15:59
2019-04-03,2019-04-03 07:15:17,2019-04-03 20:17:36
2019-04-04,2019-04-04 07:13:05,2019-04-04 20:19:14
2019-04-05,2019-04-05 07:10:53,2019-04-05 20:20:52
2019-04-06,2019-04-06 07:08:41,2019-04-06 20:22:29
2019-04-07,2019-04-07 07:06:30,2019-04-07 20:24:07
2019-04-08,2019-04-08 07:04:19,2019-04-08 20:25:45
2019-04-09,2019-04-09 07:02:09,2019-04-09 20:27:22
2019-04-10,2019-04-10 06:59:59,2019-04-10 20:29:00
2019-04-11,2019-04-11 06:57:50,2019-04-11 20:30:38
2019-04-12,2019-04-12 06:55:41,2019-04-12 20:32:15
2019-04-13,2019-04-13 06:53:33,2019-04-13 20:33:53
2019-04-14,2019-04-14 06:51:25,2019-04-14 20:35:30
2019-04-15,2019-04-15 06:49:19,2019-04-15 20:37:08
2019-04-16,2019-04-16 06:47:12,2019-04-16 20:38:45
2019-04-17,2019-04-17 06:45:07,2019-04-17 20:40:23
2019-04-18,2019-04-18 06:43:03,2019-04-18 20:42:00
2019-04-19,2019-04-19 06:40:59,2019-04-19 20:43:38
2019-04-20,2019-04-20 06:38:56,2019-04-20 20:45:15
2019-04-21,2019-04-21 06:36:54,2019-04-21 20:46:52
2019-04-22,2019-04-22 06:34:53,2019-04-22 20:48:30
2019-04-23,2019-04-23 06:32:53,2019-04-23 20:50:07
2019-04-24,2019-04-24 06:30:54,2019-04-24 20:51:44
2019-04-25,2019-04-25 06:28:56,2019-04-25 20:53:21
2019-04-26,2019-04-26 06:26:59,2019-04-26 20:54:57
2019-04-27,2019-04-27 06:25:03,2019-04-27 20:56:34
2019-04-28,2019-04-28 06:23:08,2019-04-28 20:58:10
2019-04-29,2019-04-29 06:21:15,2019-04-29 20:59:46
2019-04-30,2019-04-30 06:19:23,2019-04-30 21:01:22
2019-05-01,2019-05-01 06:17:32,2019-05-01 21:02:58
2019-05-02,2019-05-02 06:15:42,2019-05-02 21:04:33
2019-05-03,2019-05-03 06:13:54,2019-05-03 21:06:08
2019-05-04,2019-05-04 06:12:07,2019-05-04 21:07:43
2019-05-05,2019-05-05 06:10:22,2019-05-05 21:09:17
2019-05-06,2019-05-06 06:08:38,2019-05-06 21:10:51
2019-05-07,2019-05-07 06:06:56,2019-05-07 21:12:25
2019-05-08,2019-05-08 06:05:15,2019-05-08 21:13:58
2019-05-09,2019-05-09 06:03:36,2019-05-09 21:15:30
2019-05-10,2019-05-10 06:01:59,2019-05-10 21:17:02
2019-05-11,2019-05-11 06:00:23,2019-05-11 21:18:33
2019-05-12,2019-05-12 05:58:49,2019-05-12 21:20:03
2019-05-13,2019-05-13 05:57:17,2019-05-13 21:21:33
2019-05-14,2019-05-14 05:55:47,2019-05-14 21:23:02
2019-05-15,2019-05-15 05:54:19,2019-05-15 21:24:30
2019-05-16,2019-05-16 05:52:53,2019-05-16 21:25:57
2019-05-17,2019-05-17 05:51:29,2019-05-17 21:27:23
2019-05-18,2019-05-18 05:50:07,2019-05-18 21:28:49
2019-05-19,2019-05-19 05:48:47,2019-05-19 21:30:13
2019-05-20,2019-05-20 05:47:29,2019-05-20 21:31:36
2019-05-21,2019-05-21 05:46:14,2019-05-21 21:32:58
2019-05-22,2019-05-22 05:45:01,2019-05-22 21:34:18
2019-05-23,2019-05-23 05:43:50,2019-05-23 21:35:38
2019-05-24,2019-05-24 05:42:41,2019-05-24 21:36:55
2019-05-25,2019-05-25 05:41:35,2019-05-25 21:38:12
2019-05-26,2019-05-26 05:40:31,2019-05-26 21:39:27
2019-05-27,2019-05-27 05:39:30,2019-05-27 21:40:40
2019-05-28,2019-05-28 05:38:31,2019-05-28 21:41:52
2019-05-29,2019-05-29 05:37:35,2019-05-29 21:43:02
2019-05-30,2019-05-30 05:36:42,2019-05-30 21:44:10
2019-05-31,2019-05-31 05:35:51,2019-05-31 21:45:17
2019-06-01,2019-06-01 05:35:03,2019-06-01 21:46:21
2019-06-02,2019-06-02 05:34:18,2019-06-02 21:47:24
2019-06-03,2019-06-03 05:33:35,2019-06-03 21:48:24
2019-06-04,2019-06-04 05:32:55,2019-06-04 21:49:22
2019-06-05,2019-06-05 05:32:18,2019-06-05 21:50:19
2019-06-06,2019-06-06 05:31:44,2019-06-06 21:51:12
2019-06-07,2019-06-07 05:31:13,2019-06-07 21:52:04
2019-06-08,2019-06-08 05:30:44,2019-06-08 21:52:53
2019-06-09,2019-06-09 05:30:19,2019-06-09 21:53:40
2019-06-10,2019-06-10 05:29:56,2019-06-10 21:54:25
2019-06-11,2019-06-11 05:29:37,2019-06-11 21:55:06
2019-06-12,2019-06-12 05:29:20,2019-06-12 21:55:46
2019-06-13,2019-06-13 05:29:06,2019-06-13 21:56:22
2019-06-14,2019-06-14 05:28:56,2019-06-14 21:56:56
2019-06-15,2019-06-15 05:28:48,2019-06-15 21:57:27
2019-06-16,2019-06-16 05:28:43,2019-06-16 21:57:56
2019-06-17,2019-06-17 05:28:42,2019-06-17 21:58:21
2019-06-18,2019-06-18 05:28:43,2019-06-18 21:58:44
2019-06-19,2019-06-19 05:28:47,2019-06-19 21:59:04
2019-06-20,2019-06-20 05:28:54,2019-06-20 21:59:21
2019-06-21,2019-06-21 05:29:04,2019-06-21 21:59:35
2019-06-22,2019-06-22 05:29:17,2019-06-22 21:59:46
2019-06-23,2019-06-23 05:29:33,2019-06-23 21:59:54
2019-06-24,2019-06-24 05:29:52,2019-06-24 21:59:59
2019-06-25,2019-06-25 05:30:14,2019-06-25 22:00:01
2019-06-26,2019-06-26 05:30:38,2019-06-26 22:00:00
2019-06-27,2019-06-27 05:31:05,2019-06-27 21:59:56
2019-06-28,2019-06-28 05:31:35,2019-06-28 21:59:49
2019-06-29,2019-06-29 05:32:07,2019-06-29 21:59:39
2019-06-30,2019-06-30 05:32:42,2019-06-30 21:59:26
2019-07-01,2019-07-01 05:33:20,2019-07-01 21:59:10
2019-07-02,2019-07-02 05:34:00,2019-07-02 21:58:51
2019-07-03,2019-07-03 05:34:43,2019-07-03 21:58:29
2019-07-04,2019-07-04 05:35:28,2019-07-04 21:58:04
2019-07-05,2019-07-05 05:36:15,2019-07-05 21:57:36
2019-07-06,2019-07-06 05:37:05,2019-07-06 21:57:05
2019-07-07,2019-07-07 05:37:57,2019-07-07 21:56:31
2019-07-08,2019-07-08 05:38:51,2019-07-08 21:55:54
2019-07-09,2019-07-09 05:39:47,2019-07-09 21:55:15
2019-07-10,2019-07-10 05:40:46,2019-07-10 21:54:32
2019-07-11,2019-07-11 05:41:46,2019-07-11 21:53:47
2019-07-12,2019-07-12 05:42:48,2019-07-12 21:52:59
2019-07-13,2019-07-13 05:43:52,2019-07-13 21:52:08
2019-07-14,2019-07-14 05:44:58,2019-07-14 21:51:15
2019-07-15,2019-07-15 05:46:05,2019-07-15 21:50:19
2019-07-16,2019-07-16 05:47:15,2019-07-16 21:49:20
2019-07-17,2019-07-17 05:48:25,2019-07-17 21:48:19
2019-07-18,2019-07-18 05:49:38,2019-07-18 21:47:15
2019-07-19,2019-07-19 05:50:51,2019-07-19 21:46:09
2019-07-20,2019-07-20 05:52:06,2019-07-20 21:45:00
2019-07-21,2019-07-21 05:53:23,2019-07-21 21:43:49
2019-07-22,2019-07-22 05:54:40,2019-07-22 21:42:36
2019-07-23,2019-07-23 05:55:59,2019-07-23 21:41:20
2019-07-24,2019-07-24 05:57:19,2019-07-24 21:40:02
2019-07-25,2019-07-25 05:58:40,2019-07-25 21:38:42
2019-07-26,2019-07-26 06:00:02,2019-07-26 21:37:19
2019-07-27,2019-07-27 06:01:25,2019-07-27 21:35:55
2019-07-28,2019-07-28 06:02:49,2019-07-28 21:34:29
2019-07-29,2019-07-29 06:04:14,2019-07-29 21:33:00
2019-07-30,2019-07-30 06:05:39,2019-07-30 21:31:30
2019-07-31,2019-07-31 06:07:05,2019-07-31 21:29:58
2019-08-01,2019-08-01 06:08:32,2019-08-01 21:28:23
2019-08-02,2019-08-02 06:10:00,2019-08-02 21:26:47
2019-08-03,2019-08-03 06:11:28,2019-08-03 21:25:10
2019-08-04,2019-08-04 06:12:57,2019-08-04 21:23:30
2019-08-05,2019-08-05 06:14:26,2019-08-05 21:21:49
2019-08-06,2019-08-06 06:15:55,2019-08-06 21:20:06
2019-08-07,2019-08-07 06:17:25,2019-08-07 21:18:22
2019-08-08,2019-08-08 06:18:56,2019-08-08 21:16:36
2019-08-09,2019-08-09 06:20:27,2019-08-09 21:14:49
2019-08-10,2019-08-10 06:21:58,2019-08-10 21:13:00
2019-08-11,2019-08-11 06:23:29,2019-08-11 21:11:10
2019-08-12,2019-08-12 06:25:01,2019-08-12 21:09:18
2019-08-13,2019-08-13 06:26:32,2019-08-13 21:07:25
2019-08-14,2019-08-14 06:28:05,2019-08-14 21:05:31
2019-08-15,2019-08-15 06:29:37,2019-08-15 21:03:36
2019-08-16,2019-08-16 06:31:09,2019-08-16 21:01:40
2019-08-17,2019-08-17 06:32:42,2019-08-17 20:59:42
2019-08-18,2019-08-18 06:34:14,2019-08-18 20:57:43
2019-08-19,2019-08-19 06:35:47,2019-08-19 20:55:43
2019-08-20,2019-08-20 06:37:20,2019-08-20 20:53:42
2019-08-21,2019-08-21 06:38:52,2019-08-21 20:51:41
2019-08-22,2019-08-22 06:40:25,2019-08-22 20:49:38
2019-08-23,2019-08-23 06:41:58,2019-08-23 20:47:34
2019-08-24,2019-08-24 06:43:31,2019-08-24 20:45:30
2019-08-25,2019-08-25 06:45:04,2019-08-25 20:43:24
2019-08-26,2019-08-26 06:46:37,2019-08-26 20:41:18
2019-08-27,2019-08-27 06:48:10,2019-08-27 20:39:11
2019-08-28,2019-08-28 06:49:43,2019-08-28 20:37:03
2019-08-29,2019-08-29 06:51:16,2019-08-29 20:34:55
2019-08-30,2019-08-30 06:52:48,2019-08-30 20:32:46
2019-08-31,2019-08-31 06:54:21,2019-08-31 20:30:36
2019-09-01,2019-09-01 06:55:54,2019-09-01 20:28:26
2019-09-02,2019-09-02 06:57:27,2019-09-02 20:26:15
2019-09-03,2019-09-03 06:59:00,2019-09-03 20:24:04
2019-09-04,2019-09-04 07:00:33,2019-09-04 20:21:52
2019-09-05,2019-09-05 07:02:05,2019-09-05 20:19:40
2019-09-06,2019-09-06 07:03:38,2019-09-06 20:17:27
2019-09-07,2019-09-07 07:05:11,2019-09-07 20:15:14
2019-09-08,2019-09-08 07:06:44,2019-09-08 20:13:00
2019-09-09,2019-09-09 07:08:16,2019-09-09 20:10:46
2019-09-10,2019-09-10 07:09:49,2019-09-10 20:08:32
2019-09-11,2019-09-11 07:11:22,2019-09-11 20:06:17
2019-09-12,2019-09-12 07:12:55,2019-09-12 20:04:03
2019-09-13,2019-09-13 07:14:28,2019-09-13 20:01:48
2019-09-14,2019-09-14 07:16:01,2019-09-14 19:59:32
2019-09-15,2019-09-15 07:17:33,2019-09-15 19:57:17
2019-09-16,2019-09-16 07:19:06,2019-09-16 19:55:02
2019-09-17,2019-09-17 07:20:39,2019-09-17 19:52:46
2019-09-18,2019-09-18 07:22:13,2019-09-18 19:50:30
2019-09-19,2019-09-19 07:23:46,2019-09-19 19:48:15
2019-09-20,2019-09-20 07:25:19,2019-09-20 19:45:59
2019-09-21,2019-09-21 07:26:53,2019-09-21 19:43:43
2019-09-22,2019-09-22 07:28:26,2019-09-22 19:41:27
2019-09-23,2019-09-23 07:30:00,2019-09-23 19:39:12
2019-09-24,2019-09-24 07:31:34,2019-09-24 19:36:56
2019-09-25,2019-09-25 07:33:08,2019-09-25 19:34:41
2019-09-26,2019-09-26 07:34:42,2019-09-26 19:32:25
2019-09-27,2019-09-27 07:36:16,2019-09-27 19:30:10
2019-09-28,2019-09-28 07:37:50,2019-09-28 19:27:55
2019-09-29,2019-09-29 07:39:25,2019-09-29 19:25:41
2019-09-30,2019-09-30 07:41:00,2019-09-30 19:23:26
2019-10-01,2019-10-01 07:42:35,2019-10-01 19:21:12
2019-10-02,2019-10-02 07:44:10,2019-10-02 19:18:59
2019-10-03,2019-10-03 07:45:46,2019-10-03 19:16:45
2019-10-04,2019-10-04 07:47:22,2019-10-04 19:14:32
2019-10-05,2019-10-05 07:48:58,2019-10-05 19:12:20
2019-10-06,2019-10-06 07:50:34,2019-10-06 19:10:08
2019-10-07,2019-10-07 07:52:11,2019-10-07 19:07:56
2019-10-08,2019-10-08 07:53:48,2019-10-08 19:05:45
2019-10-09,2019-10-09 07:55:25,2019-10-09 19:03:35
2019-10-10,2019-10-10 07:57:02,2019-10-10 19:01:25
2019-10-11,2019-10-11 07:58:40,2019-10-11 18:59:15
2019-10-12,2019-10-12 08:00:18,2019-10-12 18:57:07
2019-10-13,2019-10-13 08:01:56,2019-10-13 18:54:59
2019-10-14,2019-10-14 08:03:35,2019-10-14 18:52:52
2019-10-15,2019-10-15 08:05:14,2019-10-15 18:50:45
2019-10-16,2019-10-16 08:06:53,2019-10-16 18:48:40
2019-10-17,2019-10-17 08:08:33,2019-10-17 18:46:35
2019-10-18,2019-10-18 08:10:12,2019-10-18 18:44:31
2019-10-19,2019-10-19 08:11:53,2019-10-19 18:42:29
2019-10-20,2019-10-20 08:13:33,2019-10-20 18:40:27
2019-10-21,2019-10-21 08:15:14,2019-10-21 18:38:26
2019-10-22,2019-10-22 08:16:55,2019-10-22 18:36:26
2019-10-23,2019-10-23 08:18:36,2019-10-23 18:34:27
2019-10-24,2019-10-24 08:20:18,2019-10-24 18:32:30
2019-10-25,2019-10-25 08:22:00,2019-10-25 18:30:33
2019-10-26,2019-10-26 08:23:42,2019-10-26 18:28:38
2019-10-27,2019-10-27 07:25:24,2019-10-27 17:26:44
2019-10-28,2019-10-28 07:27:07,2019-10-28 17:24:51
2019-10-29,2019-10-29 07:28:49,2019-10-29 17:23:00
2019-10-30,2019-10-30 07:30:32,2019-10-30 17:21:10
2019-10-31,2019-10-31 07:32:15,2019-10-31 17:19:22
2019-11-01,2019-11-01 07:33:58,2019-11-01 17:17:35
2019-11-02,2019-11-02 07:35:42,2019-11-02 17:15:50
2019-11-03,2019-11-03 07:37:25,2019-11-03 17:14:06
2019-11-04,2019-11-04 07:39:08,2019-11-04 17:12:24
2019-11-05,2019-11-05 07:40:51,2019-11-05 17:10:43
2019-11-06,2019-11-06 07:42:35,2019-11-06 17:09:04
2019-11-07,2019-11-07 07:44:18,2019-11-07 17:07:27
2019-11-08,2019-11-08 07:46:01,2019-11-08 17:05:52
2019-11-09,2019-11-09 07:47:44,2019-11-09 17:04:19
2019-11-10,2019-11-10 07:49:27,2019-11-10 17:02:48
2019-11-11,2019-11-11 07:51:09,2019-11-11 17:01:19
2019-11-12,2019-11-12 07:52:51,2019-11-12 16:59:51
2019-11-13,2019-11-13 07:54:33,2019-11-13 16:58:26
2019-11-14,2019-11-14 07:56:14,2019-11-14 16:57:03
2019-11-15,2019-11-15 07:57:55,2019-11-15 16:55:43
2019-11-16,2019-11-16 07:59:35,2019-11-16 16:54:24
2019-11-17,2019-11-17 08:01:15,2019-11-17 16:53:08
2019-11-18,2019-11-18 08:02:54,2019-11-18 16:51:54
2019-11-19,2019-11-19 08:04:32,2019-11-19 16:50:43
2019-11-20,2019-11-20 08:06:10,2019-11-20 16:49:34
2019-11-21,2019-11-21 08:07:46,2019-11-21 16:48:27
2019-11-22,2019-11-22 08:09:22,2019-11-22 16:47:23
2019-11-23,2019-11-23 08:10:56,2019-11-23 16:46:22
2019-11-24,2019-11-24 08:12:30,2019-11-24 16:45:24
2019-11-25,2019-11-25 08:14:02,2019-11-25 16:44:28
2019-11-26,2019-11-26 08:15:33,2019-11-26 16:43:35
2019-11-27,2019-11-27 08:17:03,2019-11-27 16:42:45
2019-11-28,2019-11-28 08:18:31,2019-11-28 16:41:57
2019-11-29,2019-11-29 08:19:58,2019-11-29 16:41:13
2019-11-30,2019-11-30 08:21:23,2019-11-30 16:40:32
2019-12-01,2019-12-01 08:22:47,2019-12-01 16:39:53
2019-12-02,2019-12-02 08:24:09,2019-12-02 16:39:18
2019-12-03,2019-12-03 08:25:28,2019-12-03 16:38:45
2019-12-04,2019-12-04 08:26:46,2019-12-04 16:38:16
2019-12-05,2019-12-05 08:28:02,2019-12-05 16:37:50
2019-12-06,2019-12-06 08:29:16,2019-12-06 16:37:27
2019-12-07,2019-12-07 08:30:28,2019-12-07 16:37:08
2019-12-08,2019-12-08 08:31:38,2019-12-08 16:36:51
2019-12-09,2019-12-09 08:32:45,2019-12-09 16:36:38
2019-12-10,2019-12-10 08:33:49,2019-12-10 16:36:28
2019-12-11,2019-12-11 08:34:52,2019-12-11 16:36:22
2019-12-12,2019-12-12 08:35:51,2019-12-12 16:36:18
2019-12-13,2019-12-13 08:36:49,2019-12-13 16:36:18
2019-12-14,2019-12-14 08:37:43,2019-12-14 16:36:22
2019-12-15,2019-12-15 08:38:35,2019-12-15 16:36:29
2019-12-16,2019-12-16 08:39:23,2019-12-16 16:36:39
2019-12-17,2019-12-17 08:40:09,2019-12-17 16:36:52
2019-12-18,2019-12-18 08:40:53,2019-12-18 16:37:09
2019-12-19,2019-12-19 08:41:33,2019-12-19 16:37:29
2019-12-20,2019-12-20 08:42:10,2019-12-20 16:37:52
2019-12-21,2019-12-21 08:42:44,2019-12-21 16:38:18
2019-12-22,2019-12-22 08:43:14,2019-12-22 16:38:48
2019-12-23,2019-12-23 08:43:42,2019-12-23 16:39:21
2019-12-24,2019-12-24 08:44:07,2019-12-24 16:39:57
2019-12-25,2019-12-25 08:44:28,2019-12-25 16:40:36
2019-12-26,2019-12-26 08:44:46,2019-12-26 16:41:18
2019-12-27,2019-12-27 08:45:01,2019-12-27 16:42:03
2019-12-28,2019-12-28 08:45:13,2019-12-28 16:42:52
2019-12-29,2019-12-29 08:45:21,2019-12-29 16:43:43
2019-12-30,2019-12-30 08:45:26,2019-12-30 16:44:37
2019-12-31,2019-12-31 08:45:28,2019-12-31 16:45:33
2020-01-01,2020-01-01 08:45:26,2020-01-01 16:46:33
2020-01-02,2020-01-02 08:45:22,2020-01-02 16:47:35
2020-01-03,2020-01-03 08:45:14,2020-01-03 16:48:40
2020-01-04,2020-01-04 08:45:02,2020-01-04 16:49:47
2020-01-05,2020-01-05 08:44:48,2020-01-05 16:50:57
2020-01-06,2020-01-06 08:44:30,2020-01-06 16:52:09
2020-01-07,2020-01-07 08:44:09,2020-01-07 16:53:23
2020-01-08,2020-01-08 08:43:45,2020-01-08 16:54:40
2020-01-09,2020-01-09 08:43:18,2020-01-09 16:55:59
2020-01-10,2020-01-10 08:42:47,2020-01-10 16:57:19
2020-01-11,2020-01-11 08:42:14,2020-01-11 16:58:42
2020-01-12,2020-01-12 08:41:37,2020-01-12 17:00:07
2020-01-13,2020-01-13 08:40:58,2020-01-13 17:01:33
2020-01-14,2020-01-14 08:40:15,2020-01-14 17:03:01
2020-01-15,2020-01-15 08:39:30,2020-01-15 17:04:31
2020-01-16,2020-01-16 08:38:42,2020-01-16 17:06:02
2020-01-17,2020-01-17 08:37:51,2020-01-17 17:07:35
2020-01-18,2020-01-18 08:36:57,2020-01-18 17:09:09
2020-01-19,2020-01-19 08:36:00,2020-01-19 17:10:45
2020-01-20,2020-01-20 08:35:01,2020-01-20 17:12:22
2020-01-21,2020-01-21 08:33:59,2020-01-21 17:13:59
2020-01-22,2020-01-22 08:32:55,2020-01-22 17:15:38
2020-01-23,2020-01-23 08:31:48,2020-01-23 17:17:18
2020-01-24,2020-01-24 08:30:38,2020-01-24 17:18:59
2020-01-25,2020-01-25 08:29:26,2020-01-25 17:20:41
2020-01-26,2020-01-26 08:28:12,2020-01-26 17:22:23
2020-01-27,2020-01-27 08:26:55,2020-01-27 17:24:06
2020-01-28,2020-01-28 08:25:36,2020-01-28 17:25:50
2020-01-29,2020-01-29 08:24:15,2020-01-29 17:27:35
2020-01-30,2020-01-30 08:22:52,2020-01-30 17:29:19
2020-01-31,2020-01-31 08:21:26,2020-01-31 17:31:05
2020-02-01,2020-02-01 08:19:59,2020-02-01 17:32:51
2020-02-02,2020-02-02 08:18:29,2020-02-02 17:34:37
2020-02-03,2020-02-03 08:16:58,2020-02-03 17:36:23
2020-02-04,2020-02-04 08:15:24,2020-02-04 17:38:10
2020-02-05,2020-02-05 08:13:49,2020-02-05 17:39:57
2020-02-06,2020-02-06 08:12:12,2020-02-06 17:41:44
2020-02-07,2020-02-07 08:10:33,2020-02-07 17:43:31
2020-02-08,2020-02-08 08:08:53,2020-02-08 17:45:18
2020-02-09,2020-02-09 08:07:11,2020-02-09 17:47:05
2020-02-10,2020-02-10 08:05:27,2020-02-10 17:48:53
2020-02-11,2020-02-11 08:03:42,2020-02-11 17:50:40
2020-02-12,2020-02-12 08:01:55,2020-02-12 17:52:27
2020-02-13,2020-02-13 08:00:07,2020-02-13 17:54:14
2020-02-14,2020-02-14 07:58:17,2020-02-14 17:56:01
2020-02-15,2020-02-15 07:56:26,2020-02-15 17:57:48
2020-02-16,2020-02-16 07:54:34,2020-02-16 17:59:35
2020-02-17,2020-02-17 07:52:40,2020-02-17 18:01:21
2020-02-18,2020-02-18 07:50:45,2020-02-18 18:03:08
2020-02-19,2020-02-19 07:48:49,2020-02-19 18:04:54
2020-02-20,2020-02-20 07:46:52,2020-02-20 18:06:40
2020-02-21,2020-02-21 07:44:54,2020-02-21 18:08:25
2020-02-22,2020-02-22 07:42:54,2020-02-22 18:10:11
2020-02-23,2020-02-23 07:40:54,2020-02-23 18:11:56
2020-02-24,2020-02-24 07:38:53,2020-02-24 18:13:41
2020-02-25,2020-02-25 07:36:50,2020-02-25 18:15:25
2020-02-26,2020-02-26 07:34:47,2020-02-26 18:17:10
2020-02-27,2020-02-27 07:32:43,2020-02-27 18:18:54
2020-02-28,2020-02-28 07:30:38,2020-02-28 18:20:37
2020-02-29,2020-02-29 07:28:32,2020-02-29 18:22:21
2020-03-01,2020-03-01 07:26:26,2020-03-01 18:24:04
2020-03-02,2020-03-02 07:24:19,2020-03-02 18:25:47
2020-03-03,2020-03-03 07:22:11,2020-03-03 18:27:30
2020-03-04,2020-03-04 07:20:03,2020-03-04 18:29:12
2020-03-05,2020-03-05 07:17:54,2020-03-05 18:30:54
2020-03-06,2020-03-06 07:15:44,2020-03-06 18:32:36
2020-03-07,2020-03-07 07:13:34,2020-03-07 18:34:17
2020-03-08,2020-03-08 07:11:23,2020-03-08 18:35:59
2020-03-09,2020-03-09 07:09:12,2020-03-09 18:37:40
2020-03-10,2020-03-10 07:07:01,2020-03-10 18:39:21
2020-03-11,2020-03-11 07:04:49,2020-03-11 18:41:01
2020-03-12,2020-03-12 07:02:36,2020-03-12 18:42:41
2020-03-13,2020-03-13 07:00:24,2020-03-13 18:44:22
2020-03-14,2020-03-14 06:58:11,2020-03-14 18:46:01
2020-03-15,2020-03-15 06:55:58,2020-03-15 18:47:41
2020-03-16,2020-03-16 06:53:44,2020-03-16 18:49:21
2020-03-17,2020-03-17 06:51:31,2020-03-17 18:51:00
2020-03-18,2020-03-18 06:49:17,2020-03-18 18:52:39
2020-03-19,2020-03-19 06:47:03,2020-03-19 18:54:18
2020-03-20,2020-03-20 06:44:49,2020-03-20 18:55:57
2020-03-21,2020-03-21 06:42:35,2020-03-21 18:57:36
2020-03-22,2020-03-22 06:40:20,2020-03-22 18:59:14
2020-03-23,2020-03-23 06:38:06,2020-03-23 19:00:53
2020-03-24,2020-03-24 06:35:52,2020-03-24 19:02:31
2020-03-25,2020-03-25 06:33:38,2020-03-25 19:04:09
2020-03-26,2020-03-26 06:31:24,2020-03-26 19:05:47
2020-03-27,2020-03-27 06:29:10,2020-03-27 19:07:26
2020-03-28,2020-03-28 06:26:56,2020-03-28 19:09:04
2020-03-29,2020-03-29 07:24:42,2020-03-29 20:10:41
2020-03-30,2020-03-30 07:22:29,2020-03-30 20:12:19
2020-03-31,2020-03-31 07:20:15,2020-03-31 20:13:57
2020-04-01,2020-04-01 07:18:02,2020-04-01 20:15:35
2020-04-02,2020-04-02 07:15:49,2020-04-02 20:17:13
2020-04-03,2020-04-03 07:13:37,2020-04-03 20:18:50
2020-04-04,2020-04-04 07:11:25,2020-04-04 20:20:28
2020-04-05,2020-04-05 07:09:13,2020-04-05 20:22:06
2020-04-06,2020-04-06 07:07:02,2020-04-06 20:23:43
2020-04-07,2020-04-07 07:04:51,2020-04-07 20:25:21
2020-04-08,2020-04-08 07:02:40,2020-04-08 20:26:59
2020-04-09,2020-04-09 07:00:30,2020-04-09 20:28:36
2020-04-10,2020-04-10 06:58:21,2020-04-10 20:30:14
2020-04-11,2020-04-11 06:56:12,2020-04-11 20:31:52
2020-04-12,2020-04-12 06:54:04,2020-04-12 20:33:29
2020-04-13,2020-04-13 06:51:56,2020-04-13 20:35:07
2020-04-14,2020-04-14 06:49:49,2020-04-14 20:36:44
2020-04-15,2020-04-15 06:47:43,2020-04-15 20:38:22
2020-04-16,2020-04-16 06:45:37,2020-04-16 20:39:59
2020-04-17,2020-04-17 06:43:33,2020-04-17 20:41:37
2020-04-18,2020-04-18 06:41:29,2020-04-18 20:43:14
2020-04-19,2020-04-19 06:39:26,2020-04-19 20:44:52
2020-04-20,2020-04-20 06:37:23,2020-04-20 20:46:29
2020-04-21,2020-04-21 06:35:22,2020-04-21 20:48:06
2020-04-22,2020-04-22 06:33:22,2020-04-22 20:49:43
2020-04-23,2020-04-23 06:31:22,2020-04-23 20:51:20
2020-04-24,2020-04-24 06:29:24,2020-04-24 20:52:57
2020-04-25,2020-04-25 06:27:27,2020-04-25 20:54:34
2020-04-26,2020-04-26 06:25:31,2020-04-26 20:56:11
2020-04-27,2020-04-27 06:23:36,2020-04-27 20:57:47
2020-04-28,2020-04-28 06:21:42,2020-04-28 20:59:23
2020-04-29,2020-04-29 06:19:50,2020-04-29 21:00:59
2020-04-30,2020-04-30 06:17:58,2020-04-30 21:02:35
2020-05-01,2020-05-01 06:16:08,2020-05-01 21:04:11
2020-05-02,2020-05-02 06:14:20,2020-05-02 21:05:46
2020-05-03,2020-05-03 06:12:33,2020-05-03 21:07:20
2020-05-04,2020-05-04 06:10:47,2020-05-04 21:08:55
2020-05-05,2020-05-05 06:09:03,2020-05-05 21:10:29
2020-05-06,2020-05-06 06:07:20,2020-05-06 21:12:02
2020-05-07,2020-05-07 06:05:39,2020-05-07 21:13:35
2020-05-08,2020-05-08 06:04:00,2020-05-08 21:15:08
2020-05-09,2020-05-09 06:02:22,2020-05-09 21:16:40
2020-05-10,2020-05-10 06:00:46,2020-05-10 21:18:11
2020-05-11,2020-05-11 05:59:12,2020-05-11 21:19:42
2020-05-12,2020-05-12 05:57:39,2020-05-12 21:21:12
2020-05-13,2020-05-13 05:56:09,2020-05-13 21:22:41
2020-05-14,2020-05-14 05:54:40,2020-05-14 21:24:09
2020-05-15,2020-05-15 05:53:14,2020-05-15 21:25:36
2020-05-16,2020-05-16 05:51:49,2020-05-16 21:27:03
2020-05-17,2020-05-17 05:50:27,2020-05-17 21:28:28
2020-05-18,2020-05-18 05:49:06,2020-05-18 21:29:53
2020-05-19,2020-05-19 05:47:48,2020-05-19 21:31:16
2020-05-20,2020-05-20 05:46:32,2020-05-20 21:32:38
2020-05-21,2020-05-21 05:45:18,2020-05-21 21:33:59
2020-05-22,2020-05-22 05:44:07,2020-05-22 21:35:19
2020-05-23,2020-05-23 05:42:57,2020-05-23 21:36:37
2020-05-24,2020-05-24 05:41:51,2020-05-24 21:37:54
2020-05-25,2020-05-25 05:40:46,2020-05-25 21:39:09
2020-05-26,2020-05-26 05:39:45,2020-05-26 21:40:23
2020-05-27,2020-05-27 05:38:45,2020-05-27 21:41:35
2020-05-28,2020-05-28 05:37:49,2020-05-28 21:42:46
2020-05-29,2020-05-29 05:36:54,2020-05-29 21:43:54
2020-05-30,2020-05-30 05:36:03,2020-05-30 21:45:01
2020-05-31,2020-05-31 05:35:14,2020-05-31 21:46:06
2020-06-01,2020-06-01 05:34:28,2020-06-01 21:47:09
2020-06-02,2020-06-02 05:33:45,2020-06-02 21:48:10
2020-06-03,2020-06-03 05:33:04,2020-06-03 21:49:09
2020-06-04,2020-06-04 05:32:27,2020-06-04 21:50:06
2020-06-05,2020-06-05 05:31:52,2020-06-05 21:51:00
2020-06-06,2020-06-06 05:31:20,2020-06-06 21:51:52
2020-06-07,2020-06-07 05:30:51,2020-06-07 21:52:42
2020-06-08,2020-06-08 05:30:24,2020-06-08 21:53:29
2020-06-09,2020-06-09 05:30:01,2020-06-09 21:54:14
2020-06-10,2020-06-10 05:29:41,2020-06-10 21:54:57
2020-06-11,2020-06-11 05:29:24,2020-06-11 21:55:37
2020-06-12,2020-06-12 05:29:09,2020-06-12 21:56:14
2020-06-13,2020-06-13 05:28:58,2020-06-13 21:56:49
2020-06-14,2020-06-14 05:28:49,2020-06-14 21:57:20
2020-06-15,2020-06-15 05:28:44,2020-06-15 21:57:49
2020-06-16,2020-06-16 05:28:42,2020-06-16 21:58:16
2020-06-17,2020-06-17 05:28:42,2020-06-17 21:58:39
2020-06-18,2020-06-18 05:28:46,2020-06-18 21:59:00
2020-06-19,2020-06-19 05:28:52,2020-06-19 21:59:17
2020-06-20,2020-06-20 05:29:02,2020-06-20 21:59:32
2020-06-21,2020-06-21 05:29:14,2020-06-21 21:59:44
2020-06-22,2020-06-22 05:29:29,2020-06-22 21:59:53
2020-06-23,2020-06-23 05:29:47,2020-06-23 21:59:59
2020-06-24,2020-06-24 05:30:08,2020-06-24 22:00:01
2020-06-25,2020-06-25 05:30:32,2020-06-25 22:00:01
2020-06-26,2020-06-26 05:30:58,2020-06-26 21:59:58
2020-06-27,2020-06-27 05:31:27,2020-06-27 21:59:52
2020-06-28,2020-06-28 05:31:59,2020-06-28 21:59:42
2020-06-29,2020-06-29 05:32:33,2020-06-29 21:59:30
2020-06-30,2020-06-30 05:33:10,2020-06-30 21:59:15
2020-07-01,2020-07-01 05:33:50,2020-07-01 21:58:56
2020-07-02,2020-07-02 05:34:32,2020-07-02 21:58:35
2020-07-03,2020-07-03 05:35:17,2020-07-03 21:58:11
2020-07-04,2020-07-04 05:36:03,2020-07-04 21:57:43
2020-07-05,2020-07-05 05:36:53,2020-07-05 21:57:13
2020-07-06,2020-07-06 05:37:44,2020-07-06 21:56:40
2020-07-07,2020-07-07 05:38:38,2020-07-07 21:56:04
2020-07-08,2020-07-08 05:39:33,2020-07-08 21:55:25
2020-07-09,2020-07-09 05:40:31,2020-07-09 21:54:43
2020-07-10,2020-07-10 05:41:31,2020-07-10 21:53:59
2020-07-11,2020-07-11 05:42:33,2020-07-11 21:53:11
2020-07-12,2020-07-12 05:43:36,2020-07-12 21:52:21
2020-07-13,2020-07-13 05:44:42,2020-07-13 21:51:28
2020-07-14,2020-07-14 05:45:49,2020-07-14 21:50:33
2020-07-15,2020-07-15 05:46:58,2020-07-15 21:49:35
2020-07-16,2020-07-16 05:48:08,2020-07-16 21:48:34
2020-07-17,2020-07-17 05:49:20,2020-07-17 21:47:31
2020-07-18,2020-07-18 05:50:33,2020-07-18 21:46:25
2020-07-19,2020-07-19 05:51:48,2020-07-19 21:45:17
2020-07-20,2020-07-20 05:53:04,2020-07-20 21:44:07
2020-07-21,2020-07-21 05:54:21,2020-07-21 21:42:54
2020-07-22,2020-07-22 05:55:40,2020-07-22 21:41:39
2020-07-23,2020-07-23 05:57:00,2020-07-23 21:40:21
2020-07-24,2020-07-24 05:58:20,2020-07-24 21:39:02
2020-07-25,2020-07-25 05:59:42,2020-07-25 21:37:40
2020-07-26,2020-07-26 06:01:05,2020-07-26 21:36:16
2020-07-27,2020-07-27 06:02:29,2020-07-27 21:34:50
2020-07-28,2020-07-28 06:03:53,2020-07-28 21:33:22
2020-07-29,2020-07-29 06:05:18,2020-07-29 21:31:52
2020-07-30,2020-07-30 06:06:45,2020-07-30 21:30:20
2020-07-31,2020-07-31 06:08:11,2020-07-31 21:28:47
2020-08-01,2020-08-01 06:09:39,2020-08-01 21:27:11
2020-08-02,2020-08-02 06:11:07,2020-08-02 21:25:34
2020-08-03,2020-08-03 06:12:35,2020-08-03 21:23:55
2020-08-04,2020-08-04 06:14:04,2020-08-04 21:22:14
2020-08-05,2020-08-05 06:15:34,2020-08-05 21:20:32
2020-08-06,2020-08-06 06:17:04,2020-08-06 21:18:48
2020-08-07,2020-08-07 06:18:34,2020-08-07 21:17:02
2020-08-08,2020-08-08 06:20:05,2020-08-08 21:15:15
2020-08-09,2020-08-09 06:21:36,2020-08-09 21:13:27
2020-08-10,2020-08-10 06:23:07,2020-08-10 21:11:37
2020-08-11,2020-08-11 06:24:38,2020-08-11 21:09:46
2020-08-12,2020-08-12 06:26:10,2020-08-12 21:07:53
2020-08-13,2020-08-13 06:27:42,2020-08-13 21:05:59
2020-08-14,2020-08-14 06:29:14,2020-08-14 21:04:04
2020-08-15,2020-08-15 06:30:47,2020-08-15 21:02:08
2020-08-16,2020-08-16 06:32:19,2020-08-16 21:00:11
2020-08-17,2020-08-17 06:33:52,2020-08-17 20:58:12
2020-08-18,2020-08-18 06:35:24,2020-08-18 20:56:13
2020-08-19,2020-08-19 06:36:57,2020-08-19 20:54:12
2020-08-20,2020-08-20 06:38:30,2020-08-20 20:52:10
2020-08-21,2020-08-21 06:40:03,2020-08-21 20:50:08
2020-08-22,2020-08-22 06:41:36,2020-08-22 20:48:04
2020-08-23,2020-08-23 06:43:09,2020-08-23 20:46:00
2020-08-24,2020-08-24 06:44:41,2020-08-24 20:43:55
2020-08-25,2020-08-25 06:46:14,2020-08-25 20:41:49
2020-08-26,2020-08-26 06:47:47,2020-08-26 20:39:42
2020-08-27,2020-08-27 06:49:20,2020-08-27 20:37:35
2020-08-28,2020-08-28 06:50:53,2020-08-28 20:35:26
2020-08-29,2020-08-29 06:52:26,2020-08-29 20:33:17
2020-08-30,2020-08-30 06:53:59,2020-08-30 20:31:08
2020-08-31,2020-08-31 06:55:32,2020-08-31 20:28:58
2020-09-01,2020-09-01 06:57:05,2020-09-01 20:26:47
2020-09-02,2020-09-02 06:58:37,2020-09-02 20:24:36
2020-09-03,2020-09-03 07:00:10,2020-09-03 20:22:24
2020-09-04,2020-09-04 07:01:43,2020-09-04 20:20:12
2020-09-05,2020-09-05 07:03:16,2020-09-05 20:17:59
2020-09-06,2020-09-06 07:04:48,2020-09-06 20:15:46
2020-09-07,2020-09-07 07:06:21,2020-09-07 20:13:33
2020-09-08,2020-09-08 07:07:54,2020-09-08 20:11:19
2020-09-09,2020-09-09 07:09:27,2020-09-09 20:09:05
2020-09-10,2020-09-10 07:11:00,2020-09-10 20:06:50
2020-09-11,2020-09-11 07:12:32,2020-09-11 20:04:35
2020-09-12,2020-09-12 07:14:05,2020-09-12 20:02:20
2020-09-13,2020-09-13 07:15:38,2020-09-13 20:00:05
2020-09-14,2020-09-14 07:17:11,2020-09-14 19:57:50
2020-09-15,2020-09-15 07:18:44,2020-09-15 19:55:34
2020-09-16,2020-09-16 07:20:17,2020-09-16 19:53:19
2020-09-17,2020-09-17 07:21:50,2020-09-17 19:51:03
2020-09-18,2020-09-18 07:23:23,2020-09-18 19:48:47
2020-09-19,2020-09-19 07:24:57,2020-09-19 19:46:32
2020-09-20,2020-09-20 07:26:30,2020-09-20 19:44:16
2020-09-21,2020-09-21 07:28:03,2020-09-21 19:42:00
2020-09-22,2020-09-22 07:29:37,2020-09-22 19:39:45
2020-09-23,2020-09-23 07:31:11,2020-09-23 19:37:29
2020-09-24,2020-09-24 07:32:45,2020-09-24 19:35:13
2020-09-25,2020-09-25 07:34:19,2020-09-25 19:32:58
2020-09-26,2020-09-26 07:35:53,2020-09-26 19:30:43
2020-09-27,2020-09-27 07:37:28,2020-09-27 19:28:28
2020-09-28,2020-09-28 07:39:02,2020-09-28 19:26:13
2020-09-29,2020-09-29 07:40:37,2020-09-29 19:23:59
2020-09-30,2020-09-30 07:42:12,2020-09-30 19:21:45
2020-10-01,2020-10-01 07:43:47,2020-10-01 19:19:31
2020-10-02,2020-10-02 07:45:23,2020-10-02 19:17:17
2020-10-03,2020-10-03 07:46:59,2020-10-03 19:15:04
2020-10-04,2020-10-04 07:48:35,2020-10-04 19:12:52
2020-10-05,2020-10-05 07:50:11,2020-10-05 19:10:39
2020-10-06,2020-10-06 07:51:47,2020-10-06 19:08:28
2020-10-07,2020-10-07 07:53:24,2020-10-07 19:06:17
2020-10-08,2020-10-08 07:55:01,2020-10-08 19:04:06
2020-10-09,2020-10-09 07:56:39,2020-10-09 19:01:56
2020-10-10,2020-10-10 07:58:16,2020-10-10 18:59:47
2020-10-11,2020-10-11 07:59:54,2020-10-11 18:57:38
2020-10-12,2020-10-12 08:01:32,2020-10-12 18:55:30
2020-10-13,2020-10-13 08:03:11,2020-10-13 18:53:22
2020-10-14,2020-10-14 08:04:50,2020-10-14 18:51:16
2020-10-15,2020-10-15 08:06:29,2020-10-15 18:49:10
2020-10-16,2020-10-16 08:08:08,2020-10-16 18:47:05
2020-10-17,2020-10-17 08:09:48,2020-10-17 18:45:01
2020-10-18,2020-10-18 08:11:28,2020-10-18 18:42:58
2020-10-19,2020-10-19 08:13:09,2020-10-19 18:40:56
2020-10-20,2020-10-20 08:14:49,2020-10-20 18:38:55
2020-10-21,2020-10-21 08:16:30,2020-10-21 18:36:55
2020-10-22,2020-10-22 08:18:12,2020-10-22 18:34:56
2020-10-23,2020-10-23 08:19:53,2020-10-23 18:32:58
2020-10-24,2020-10-24 08:21:35,2020-10-24 18:31:01
2020-10-25,2020-10-25 07:23:17,2020-10-25 17:29:06
2020-10-26,2020-10-26 07:24:59,2020-10-26 17:27:11
2020-10-27,2020-10-27 07:26:42,2020-10-27 17:25:18
2020-10-28,2020-10-28 07:28:24,2020-10-28 17:23:27
2020-10-29,2020-10-29 07:30:07,2020-10-29 17:21:37
2020-10-30,2020-10-30 07:31:50,2020-10-30 17:19:48
2020-10-31,2020-10-31 07:33:33,2020-10-31 17:18:00
2020-11-01,2020-11-01 07:35:17,2020-11-01 17:16:15
2020-11-02,2020-11-02 07:37:00,2020-11-02 17:14:31
2020-11-03,2020-11-03 07:38:43,2020-11-03 17:12:48
2020-11-04,2020-11-04 07:40:26,2020-11-04 17:11:07
2020-11-05,2020-11-05 07:42:10,2020-11-05 17:09:28
2020-11-06,2020-11-06 07:43:53,2020-11-06 17:07:51
2020-11-07,2020-11-07 07:45:36,2020-11-07 17:06:15
2020-11-08,2020-11-08 07:47:19,2020-11-08 17:04:41
2020-11-09,2020-11-09 07:49:02,2020-11-09 17:03:10
2020-11-10,2020-11-10 07:50:44,2020-11-10 17:01:40
2020-11-11,2020-11-11 07:52:26,2020-11-11 17:00:12
2020-11-12,2020-11-12 07:54:08,2020-11-12 16:58:46
2020-11-13,2020-11-13 07:55:50,2020-11-13 16:57:23
2020-11-14,2020-11-14 07:57:31,2020-11-14 16:56:02
2020-11-15,2020-11-15 07:59:11,2020-11-15 16:54:43
2020-11-16,2020-11-16 08:00:51,2020-11-16 16:53:26
2020-11-17,2020-11-17 08:02:30,2020-11-17 16:52:11
2020-11-18,2020-11-18 08:04:09,2020-11-18 16:50:59
2020-11-19,2020-11-19 08:05:46,2020-11-19 16:49:50
2020-11-20,2020-11-20 08:07:23,2020-11-20 16:48:43
2020-11-21,2020-11-21 08:08:59,2020-11-21 16:47:38
2020-11-22,2020-11-22 08:10:34,2020-11-22 16:46:36
2020-11-23,2020-11-23 08:12:07,2020-11-23 16:45:37
2020-11-24,2020-11-24 08:13:40,2020-11-24 16:44:41
2020-11-25,2020-11-25 08:15:11,2020-11-25 16:43:47
2020-11-26,2020-11-26 08:16:41,2020-11-26 16:42:56
2020-11-27,2020-11-27 08:18:10,2020-11-27 16:42:08
2020-11-28,2020-11-28 08:19:37,2020-11-28 16:41:23
2020-11-29,2020-11-29 08:21:03,2020-11-29 16:40:41
2020-11-30,2020-11-30 08:22:27,2020-11-30 16:40:02
2020-12-01,2020-12-01 08:23:49,2020-12-01 16:39:26
2020-12-02,2020-12-02 08:25:09,2020-12-02 16:38:53
2020-12-03,2020-12-03 08:26:28,2020-12-03 16:38:23
2020-12-04,2020-12-04 08:27:44,2020-12-04 16:37:56
2020-12-05,2020-12-05 08:28:59,2020-12-05 16:37:32
2020-12-06,2020-12-06 08:30:11,2020-12-06 16:37:12
2020-12-07,2020-12-07 08:31:21,2020-12-07 16:36:55
2020-12-08,2020-12-08 08:32:29,2020-12-08 16:36:41
2020-12-09,2020-12-09 08:33:34,2020-12-09 16:36:30
2020-12-10,2020-12-10 08:34:37,2020-12-10 16:36:23
2020-12-11,2020-12-11 08:35:37,2020-12-11 16:36:18
2020-12-12,2020-12-12 08:36:35,2020-12-12 16:36:18
2020-12-13,2020-12-13 08:37:30,2020-12-13 16:36:20
2020-12-14,2020-12-14 08:38:23,2020-12-14 16:36:26
2020-12-15,2020-12-15 08:39:12,2020-12-15 16:36:35
2020-12-16,2020-12-16 08:39:59,2020-12-16 16:36:48
2020-12-17,2020-12-17 08:40:43,2020-12-17 16:37:04
2020-12-18,2020-12-18 08:41:23,2020-12-18 16:37:23
2020-12-19,2020-12-19 08:42:01,2020-12-19 16:37:45
2020-12-20,2020-12-20 08:42:36,2020-12-20 16:38:11
2020-12-21,2020-12-21 08:43:07,2020-12-21 16:38:40
2020-12-22,2020-12-22 08:43:36,2020-12-22 16:39:12
2020-12-23,2020-12-23 08:44:01,2020-12-23 16:39:47
2020-12-24,2020-12-24 08:44:23,2020-12-24 16:40:26
2020-12-25,2020-12-25 08:44:42,2020-12-25 16:41:07
2020-12-26,2020-12-26 08:44:58,2020-12-26 16:41:52
2020-12-27,2020-12-27 08:45:10,2020-12-27 16:42:39
2020-12-28,2020-12-28 08:45:19,2020-12-28 16:43:30
2020-12-29,2020-12-29 08:45:25,2020-12-29 16:44:23
2020-12-30,2020-12-30 08:45:28,2020-12-30 16:45:19
2020-12-31,2020-12-31 08:45:27,2020-12-31 16:46:18
2021-01-01,2021-01-01 08:45:23,2021-01-01 16:47:19
2021-01-02,2021-01-02 08:45:16,2021-01-02 16:48:23
2021-01-03,2021-01-03 08:45:05,2021-01-03 16:49:30
2021-01-04,2021-01-04 08:44:52,2021-01-04 16:50:39
2021-01-05,2021-01-05 08:44:35,2021-01-05 16:51:51
2021-01-06,2021-01-06 08:44:15,2021-01-06 16:53:05
2021-01-07,2021-01-07 08:43:51,2021-01-07 16:54:21
2021-01-08,2021-01-08 08:43:25,2021-01-08 16:55:39
2021-01-09,2021-01-09 08:42:55,2021-01-09 16:56:59
2021-01-10,2021-01-10 08:42:22,2021-01-10 16:58:21
2021-01-11,2021-01-11 08:41:47,2021-01-11 16:59:46
2021-01-12,2021-01-12 08:41:08,2021-01-12 17:01:12
2021-01-13,2021-01-13 08:40:26,2021-01-13 17:02:39
2021-01-14,2021-01-14 08:39:41,2021-01-14 17:04:09
2021-01-15,2021-01-15 08:38:54,2021-01-15 17:05:40
2021-01-16,2021-01-16 08:38:04,2021-01-16 17:07:12
2021-01-17,2021-01-17 08:37:10,2021-01-17 17:08:46
2021-01-18,2021-01-18 08:36:14,2021-01-18 17:10:21
2021-01-19,2021-01-19 08:35:16,2021-01-19 17:11:58
2021-01-20,2021-01-20 08:34:14,2021-01-20 17:13:35
2021-01-21,2021-01-21 08:33:11,2021-01-21 17:15:14
2021-01-22,2021-01-22 08:32:04,2021-01-22 17:16:54
2021-01-23,2021-01-23 08:30:55,2021-01-23 17:18:34
2021-01-24,2021-01-24 08:29:44,2021-01-24 17:20:16
2021-01-25,2021-01-25 08:28:30,2021-01-25 17:21:58
2021-01-26,2021-01-26 08:27:14,2021-01-26 17:23:41
2021-01-27,2021-01-27 08:25:56,2021-01-27 17:25:25
2021-01-28,2021-01-28 08:24:35,2021-01-28 17:27:09
2021-01-29,2021-01-29 08:23:12,2021-01-29 17:28:54
2021-01-30,2021-01-30 08:21:47,2021-01-30 17:30:39
2021-01-31,2021-01-31 08:20:20,2021-01-31 17:32:25
2021-02-01,2021-02-01 08:18:51,2021-02-01 17:34:11
2021-02-02,2021-02-02 08:17:20,2021-02-02 17:35:57
2021-02-03,2021-02-03 08:15:47,2021-02-03 17:37:44
2021-02-04,2021-02-04 08:14:13,2021-02-04 17:39:31
2021-02-05,2021-02-05 08:12:36,2021-02-05 17:41:18
2021-02-06,2021-02-06 08:10:58,2021-02-06 17:43:05
2021-02-07,2021-02-07 08:09:18,2021-02-07 17:44:52
2021-02-08,2021-02-08 08:07:36,2021-02-08 17:46:39
2021-02-09,2021-02-09 08:05:52,2021-02-09 17:48:26
2021-02-10,2021-02-10 08:04:08,2021-02-10 17:50:14
2021-02-11,2021-02-11 08:02:21,2021-02-11 17:52:01
2021-02-12,2021-02-12 08:00:33,2021-02-12 17:53:48
2021-02-13,2021-02-13 07:58:44,2021-02-13 17:55:35
2021-02-14,2021-02-14 07:56:53,2021-02-14 17:57:22
2021-02-15,2021-02-15 07:55:01,2021-02-15 17:59:09
2021-02-16,2021-02-16 07:53:08,2021-02-16 18:00:55
2021-02-17,2021-02-17 07:51:13,2021-02-17 18:02:42
2021-02-18,2021-02-18 07:49:17,2021-02-18 18:04:28
2021-02-19,2021-02-19 07:47:20,2021-02-19 18:06:14
2021-02-20,2021-02-20 07:45:22,2021-02-20 18:08:00
2021-02-21,2021-02-21 07:43:23,2021-02-21 18:09:45
2021-02-22,2021-02-22 07:41:23,2021-02-22 18:11:30
2021-02-23,2021-02-23 07:39:22,2021-02-23 18:13:15
2021-02-24,2021-02-24 07:37:20,2021-02-24 18:15:00
2021-02-25,2021-02-25 07:35:17,2021-02-25 18:16:44
2021-02-26,2021-02-26 07:33:13,2021-02-26 18:18:28
2021-02-27,2021-02-27 07:31:08,2021-02-27 18:20:12
2021-02-28,2021-02-28 07:29:03,2021-02-28 18:21:56
2021-03-01,2021-03-01 07:26:57,2021-03-01 18:23:39
2021-03-02,2021-03-02 07:24:50,2021-03-02 18:25:22
2021-03-03,2021-03-03 07:22:42,2021-03-03 18:27:05
2021-03-04,2021-03-04 07:20:34,2021-03-04 18:28:47
2021-03-05,2021-03-05 07:18:25,2021-03-05 18:30:29
2021-03-06,2021-03-06 07:16:15,2021-03-06 18:32:11
2021-03-07,2021-03-07 07:14:05,2021-03-07 18:33:53
2021-03-08,2021-03-08 07:11:55,2021-03-08 18:35:34
2021-03-09,2021-03-09 07:09:44,2021-03-09 18:37:15
2021-03-10,2021-03-10 07:07:33,2021-03-10 18:38:56
2021-03-11,2021-03-11 07:05:21,2021-03-11 18:40:37
2021-03-12,2021-03-12 07:03:09,2021-03-12 18:42:17
2021-03-13,2021-03-13 07:00:56,2021-03-13 18:43:57
2021-03-14,2021-03-14 06:58:43,2021-03-14 18:45:37
2021-03-15,2021-03-15 06:56:30,2021-03-15 18:47:17
2021-03-16,2021-03-16 06:54:17,2021-03-16 18:48:56
2021-03-17,2021-03-17 06:52:03,2021-03-17 18:50:36
2021-03-18,2021-03-18 06:49:49,2021-03-18 18:52:15
2021-03-19,2021-03-19 06:47:35,2021-03-19 18:53:54
2021-03-20,2021-03-20 06:45:21,2021-03-20 18:55:33
2021-03-21,2021-03-21 06:43:07,2021-03-21 18:57:12
2021-03-22,2021-03-22 06:40:53,2021-03-22 18:58:50
2021-03-23,2021-03-23 06:38:39,2021-03-23 19:00:29
2021-03-24,2021-03-24 06:36:24,2021-03-24 19:02:07
2021-03-25,2021-03-25 06:34:10,2021-03-25 19:03:45
2021-03-26,2021-03-26 06:31:56,2021-03-26 19:05:24
2021-03-27,2021-03-27 06:29:42,2021-03-27 19:07:02
2021-03-28,2021-03-28 07:27:28,2021-03-28 20:08:40
2021-03-29,2021-03-29 07:25:14,2021-03-29 20:10:18
2021-03-30,2021-03-30 07:23:01,2021-03-30 20:11:56
2021-03-31,2021-03-31 07:20:47,2021-03-31 20:13:33
2021-04-01,2021-04-01 07:18:34,2021-04-01 20:15:11
2021-04-02,2021-04-02 07:16:21,2021-04-02 20:16:49
2021-04-03,2021-04-03 07:14:09,2021-04-03 20:18:27
2021-04-04,2021-04-04 07:11:57,2021-04-04 20:20:04
2021-04-05,2021-04-05 07:09:45,2021-04-05 20:21:42
2021-04-06,2021-04-06 07:07:33,2021-04-06 20:23:20
2021-04-07,2021-04-07 07:05:22,2021-04-07 20:24:57
2021-04-08,2021-04-08 07:03:12,2021-04-08 20:26:35
2021-04-09,2021-04-09 07:01:02,2021-04-09 20:28:13
2021-04-10,2021-04-10 06:58:52,2021-04-10 20:29:50
2021-04-11,2021-04-11 06:56:43,2021-04-11 20:31:28
2021-04-12,2021-04-12 06:54:35,2021-04-12 20:33:06
2021-04-13,2021-04-13 06:52:27,2021-04-13 20:34:43
2021-04-14,2021-04-14 06:50:20,2021-04-14 20:36:21
2021-04-15,2021-04-15 06:48:13,2021-04-15 20:37:58
2021-04-16,2021-04-16 06:46:08,2021-04-16 20:39:36
2021-04-17,2021-04-17 06:44:03,2021-04-17 20:41:13
2021-04-18,2021-04-18 06:41:58,2021-04-18 20:42:51
2021-04-19,2021-04-19 06:39:55,2021-04-19 20:44:28
2021-04-20,2021-04-20 06:37:53,2021-04-20 20:46:05
2021-04-21,2021-04-21 06:35:51,2021-04-21 20:47:43
2021-04-22,2021-04-22 06:33:51,2021-04-22 20:49:20
2021-04-23,2021-04-23 06:31:51,2021-04-23 20:50:57
2021-04-24,2021-04-24 06:29:52,2021-04-24 20:52:34
2021-04-25,2021-04-25 06:27:55,2021-04-25 20:54:11
2021-04-26,2021-04-26 06:25:59,2021-04-26 20:55:47
2021-04-27,2021-04-27 06:24:03,2021-04-27 20:57:24
2021-04-28,2021-04-28 06:22:09,2021-04-28 20:59:00
2021-04-29,2021-04-29 06:20:16,2021-04-29 21:00:36
2021-04-30,2021-04-30 06:18:25,2021-04-30 21:02:12
2021-05-01,2021-05-01 06:16:35,2021-05-01 21:03:48
2021-05-02,2021-05-02 06:14:46,2021-05-02 21:05:23
2021-05-03,2021-05-03 06:12:58,2021-05-03 21:06:58
2021-05-04,2021-05-04 06:11:12,2021-05-04 21:08:32
2021-05-05,2021-05-05 06:09:28,2021-05-05 21:10:06
2021-05-06,2021-05-06 06:07:45,2021-05-06 21:11:40
2021-05-07,2021-05-07 06:06:03,2021-05-07 21:13:13
2021-05-08,2021-05-08 06:04:23,2021-05-08 21:14:46
2021-05-09,2021-05-09 06:02:45,2021-05-09 21:16:18
2021-05-10,2021-05-10 06:01:09,2021-05-10 21:17:49
2021-05-11,2021-05-11 05:59:34,2021-05-11 21:19:20
2021-05-12,2021-05-12 05:58:01,2021-05-12 21:20:50
2021-05-13,2021-05-13 05:56:30,2021-05-13 21:22:20
2021-05-14,2021-05-14 05:55:01,2021-05-14 21:23:48
2021-05-15,2021-05-15 05:53:34,2021-05-15 21:25:16
2021-05-16,2021-05-16 05:52:09,2021-05-16 21:26:42
2021-05-17,2021-05-17 05:50:46,2021-05-17 21:28:08
2021-05-18,2021-05-18 05:49:25,2021-05-18 21:29:33
2021-05-19,2021-05-19 05:48:06,2021-05-19 21:30:56
2021-05-20,2021-05-20 05:46:50,2021-05-20 21:32:19
2021-05-21,2021-05-21 05:45:35,2021-05-21 21:33:40
2021-05-22,2021-05-22 05:44:23,2021-05-22 21:35:00
2021-05-23,2021-05-23 05:43:14,2021-05-23 21:36:19
2021-05-24,2021-05-24 05:42:06,2021-05-24 21:37:36
2021-05-25,2021-05-25 05:41:01,2021-05-25 21:38:51
2021-05-26,2021-05-26 05:39:59,2021-05-26 21:40:06
2021-05-27,2021-05-27 05:38:59,2021-05-27 21:41:18
2021-05-28,2021-05-28 05:38:02,2021-05-28 21:42:29
2021-05-29,2021-05-29 05:37:07,2021-05-29 21:43:38
2021-05-30,2021-05-30 05:36:15,2021-05-30 21:44:45
2021-05-31,2021-05-31 05:35:25,2021-05-31 21:45:51
2021-06-01,2021-06-01 05:34:39,2021-06-01 21:46:54
2021-06-02,2021-06-02 05:33:55,2021-06-02 21:47:56
2021-06-03,2021-06-03 05:33:14,2021-06-03 21:48:55
2021-06-04,2021-06-04 05:32:35,2021-06-04 21:49:52
2021-06-05,2021-06-05 05:32:00,2021-06-05 21:50:47
2021-06-06,2021-06-06 05:31:27,2021-06-06 21:51:40
2021-06-07,2021-06-07 05:30:57,2021-06-07 21:52:31
2021-06-08,2021-06-08 05:30:30,2021-06-08 21:53:19
2021-06-09,2021-06-09 05:30:06,2021-06-09 21:54:04
2021-06-10,2021-06-10 05:29:45,2021-06-10 21:54:47
2021-06-11,2021-06-11 05:29:27,2021-06-11 21:55:28
2021-06-12,2021-06-12 05:29:12,2021-06-12 21:56:06
2021-06-13,2021-06-13 05:29:00,2021-06-13 21:56:41
2021-06-14,2021-06-14 05:28:51,2021-06-14 21:57:13
2021-06-15,2021-06-15 05:28:45,2021-06-15 21:57:43
2021-06-16,2021-06-16 05:28:42,2021-06-16 21:58:10
2021-06-17,2021-06-17 05:28:42,2021-06-17 21:58:34
2021-06-18,2021-06-18 05:28:44,2021-06-18 21:58:55
2021-06-19,2021-06-19 05:28:50,2021-06-19 21:59:14
2021-06-20,2021-06-20 05:28:59,2021-06-20 21:59:29
2021-06-21,2021-06-21 05:29:10,2021-06-21 21:59:42
2021-06-22,2021-06-22 05:29:25,2021-06-22 21:59:51
2021-06-23,2021-06-23 05:29:42,2021-06-23 21:59:58
2021-06-24,2021-06-24 05:30:02,2021-06-24 22:00:01
2021-06-25,2021-06-25 05:30:25,2021-06-25 22:00:02
2021-06-26,2021-06-26 05:30:51,2021-06-26 21:59:59
2021-06-27,2021-06-27 05:31:20,2021-06-27 21:59:54
2021-06-28,2021-06-28 05:31:51,2021-06-28 21:59:45
2021-06-29,2021-06-29 05:32:25,2021-06-29 21:59:34
2021-06-30,2021-06-30 05:33:01,2021-06-30 21:59:19
2021-07-01,2021-07-01 05:33:40,2021-07-01 21:59:01
2021-07-02,2021-07-02 05:34:22,2021-07-02 21:58:41
2021-07-03,2021-07-03 05:35:06,2021-07-03 21:58:17
2021-07-04,2021-07-04 05:35:52,2021-07-04 21:57:51
2021-07-05,2021-07-05 05:36:40,2021-07-05 21:57:21
2021-07-06,2021-07-06 05:37:31,2021-07-06 21:56:49
2021-07-07,2021-07-07 05:38:24,2021-07-07 21:56:13
2021-07-08,2021-07-08 05:39:20,2021-07-08 21:55:35
2021-07-09,2021-07-09 05:40:17,2021-07-09 21:54:54
2021-07-10,2021-07-10 05:41:16,2021-07-10 21:54:10
2021-07-11,2021-07-11 05:42:18,2021-07-11 21:53:23
2021-07-12,2021-07-12 05:43:21,2021-07-12 21:52:34
2021-07-13,2021-07-13 05:44:26,2021-07-13 21:51:42
2021-07-14,2021-07-14 05:45:32,2021-07-14 21:50:47
2021-07-15,2021-07-15 05:46:41,2021-07-15 21:49:49
2021-07-16,2021-07-16 05:47:51,2021-07-16 21:48:49
2021-07-17,2021-07-17 05:49:02,2021-07-17 21:47:47
2021-07-18,2021-07-18 05:50:15,2021-07-18 21:46:42
2021-07-19,2021-07-19 05:51:30,2021-07-19 21:45:34
2021-07-20,2021-07-20 05:52:46,2021-07-20 21:44:24
2021-07-21,2021-07-21 05:54:03,2021-07-21 21:43:12
2021-07-22,2021-07-22 05:55:21,2021-07-22 21:41:58
2021-07-23,2021-07-23 05:56:40,2021-07-23 21:40:41
2021-07-24,2021-07-24 05:58:01,2021-07-24 21:39:22
2021-07-25,2021-07-25 05:59:22,2021-07-25 21:38:00
2021-07-26,2021-07-26 06:00:45,2021-07-26 21:36:37
2021-07-27,2021-07-27 06:02:08,2021-07-27 21:35:11
2021-07-28,2021-07-28 06:03:33,2021-07-28 21:33:44
2021-07-29,2021-07-29 06:04:58,2021-07-29 21:32:14
2021-07-30,2021-07-30 06:06:24,2021-07-30 21:30:43
2021-07-31,2021-07-31 06:07:50,2021-07-31 21:29:10
2021-08-01,2021-08-01 06:09:17,2021-08-01 21:27:35
2021-08-02,2021-08-02 06:10:45,2021-08-02 21:25:58
2021-08-03,2021-08-03 06:12:14,2021-08-03 21:24:19
2021-08-04,2021-08-04 06:13:43,2021-08-04 21:22:39
2021-08-05,2021-08-05 06:15:12,2021-08-05 21:20:57
2021-08-06,2021-08-06 06:16:42,2021-08-06 21:19:13
2021-08-07,2021-08-07 06:18:12,2021-08-07 21:17:28
2021-08-08,2021-08-08 06:19:43,2021-08-08 21:15:41
2021-08-09,2021-08-09 06:21:14,2021-08-09 21:13:53
2021-08-10,2021-08-10 06:22:45,2021-08-10 21:12:04
2021-08-11,2021-08-11 06:24:16,2021-08-11 21:10:13
2021-08-12,2021-08-12 06:25:48,2021-08-12 21:08:21
2021-08-13,2021-08-13 06:27:20,2021-08-13 21:06:27
2021-08-14,2021-08-14 06:28:52,2021-08-14 21:04:33
2021-08-15,2021-08-15 06:30:24,2021-08-15 21:02:37
2021-08-16,2021-08-16 06:31:57,2021-08-16 21:00:39
2021-08-17,2021-08-17 06:33:29,2021-08-17 20:58:41
2021-08-18,2021-08-18 06:35:02,2021-08-18 20:56:42
2021-08-19,2021-08-19 06:36:35,2021-08-19 20:54:42
2021-08-20,2021-08-20 06:38:08,2021-08-20 20:52:40
2021-08-21,2021-08-21 06:39:40,2021-08-21 20:50:38
2021-08-22,2021-08-22 06:41:13,2021-08-22 20:48:35
2021-08-23,2021-08-23 06:42:46,2021-08-23 20:46:30
2021-08-24,2021-08-24 06:44:19,2021-08-24 20:44:25
2021-08-25,2021-08-25 06:45:52,2021-08-25 20:42:20
2021-08-26,2021-08-26 06:47:25,2021-08-26 20:40:13
2021-08-27,2021-08-27 06:48:58,2021-08-27 20:38:06
2021-08-28,2021-08-28 06:50:31,2021-08-28 20:35:58
2021-08-29,2021-08-29 06:52:04,2021-08-29 20:33:49
2021-08-30,2021-08-30 06:53:36,2021-08-30 20:31:39
2021-08-31,2021-08-31 06:55:09,2021-08-31 20:29:29
2021-09-01,2021-09-01 06:56:42,2021-09-01 20:27:19
2021-09-02,2021-09-02 06:58:15,2021-09-02 20:25:08
2021-09-03,2021-09-03 06:59:48,2021-09-03 20:22:56
2021-09-04,2021-09-04 07:01:21,2021-09-04 20:20:44
2021-09-05,2021-09-05 07:02:53,2021-09-05 20:18:31
2021-09-06,2021-09-06 07:04:26,2021-09-06 20:16:18
2021-09-07,2021-09-07 07:05:59,2021-09-07 20:14:05
2021-09-08,2021-09-08 07:07:32,2021-09-08 20:11:51
2021-09-09,2021-09-09 07:09:04,2021-09-09 20:09:37
2021-09-10,2021-09-10 07:10:37,2021-09-10 20:07:23
2021-09-11,2021-09-11 07:12:10,2021-09-11 20:05:08
2021-09-12,2021-09-12 07:13:43,2021-09-12 20:02:53
2021-09-13,2021-09-13 07:15:16,2021-09-13 20:00:38
2021-09-14,2021-09-14 07:16:49,2021-09-14 19:58:23
2021-09-15,2021-09-15 07:18:22,2021-09-15 19:56:07
2021-09-16,2021-09-16 07:19:55,2021-09-16 19:53:52
2021-09-17,2021-09-17 07:21:28,2021-09-17 19:51:36
2021-09-18,2021-09-18 07:23:01,2021-09-18 19:49:20
2021-09-19,2021-09-19 07:24:34,2021-09-19 19:47:05
2021-09-20,2021-09-20 07:26:07,2021-09-20 19:44:49
2021-09-21,2021-09-21 07:27:41,2021-09-21 19:42:33
2021-09-22,2021-09-22 07:29:15,2021-09-22 19:40:17
2021-09-23,2021-09-23 07:30:48,2021-09-23 19:38:02
2021-09-24,2021-09-24 07:32:22,2021-09-24 19:35:46
2021-09-25,2021-09-25 07:33:56,2021-09-25 19:33:31
2021-09-26,2021-09-26 07:35:30,2021-09-26 19:31:16
2021-09-27,2021-09-27 07:37:05,2021-09-27 19:29:01
2021-09-28,2021-09-28 07:38:39,2021-09-28 19:26:46
2021-09-29,2021-09-29 07:40:14,2021-09-29 19:24:31
2021-09-30,2021-09-30 07:41:49,2021-09-30 19:22:17
2021-10-01,2021-10-01 07:43:24,2021-10-01 19:20:03
2021-10-02,2021-10-02 07:45:00,2021-10-02 19:17:50
2021-10-03,2021-10-03 07:46:35,2021-10-03 19:15:36
2021-10-04,2021-10-04 07:48:11,2021-10-04 19:13:24
2021-10-05,2021-10-05 07:49:48,2021-10-05 19:11:11
2021-10-06,2021-10-06 07:51:24,2021-10-06 19:09:00
2021-10-07,2021-10-07 07:53:01,2021-10-07 19:06:48
2021-10-08,2021-10-08 07:54:38,2021-10-08 19:04:37
2021-10-09,2021-10-09 07:56:15,2021-10-09 19:02:27
2021-10-10,2021-10-10 07:57:53,2021-10-10 19:00:18
2021-10-11,2021-10-11 07:59:30,2021-10-11 18:58:09
2021-10-12,2021-10-12 08:01:09,2021-10-12 18:56:01
2021-10-13,2021-10-13 08:02:47,2021-10-13 18:53:53
2021-10-14,2021-10-14 08:04:26,2021-10-14 18:51:46
2021-10-15,2021-10-15 08:06:05,2021-10-15 18:49:40
2021-10-16,2021-10-16 08:07:44,2021-10-16 18:47:35
2021-10-17,2021-10-17 08:09:24,2021-10-17 18:45:31
2021-10-18,2021-10-18 08:11:04,2021-10-18 18:43:28
2021-10-19,2021-10-19 08:12:45,2021-10-19 18:41:25
2021-10-20,2021-10-20 08:14:25,2021-10-20 18:39:24
2021-10-21,2021-10-21 08:16:06,2021-10-21 18:37:24
2021-10-22,2021-10-22 08:17:47,2021-10-22 18:35:24
2021-10-23,2021-10-23 08:19:29,2021-10-23 18:33:26
2021-10-24,2021-10-24 08:21:10,2021-10-24 18:31:29
2021-10-25,2021-10-25 08:22:52,2021-10-25 18:29:33
2021-10-26,2021-10-26 08:24:35,2021-10-26 18:27:39
2021-10-27,2021-10-27 08:26:17,2021-10-27 18:25:45
2021-10-28,2021-10-28 08:28:00,2021-10-28 18:23:53
2021-10-29,2021-10-29 08:29:42,2021-10-29 18:22:03
2021-10-30,2021-10-30 08:31:25,2021-10-30 18:20:14
2021-10-31,2021-10-31 07:33:08,2021-10-31 17:18:26
2021-11-01,2021-11-01 07:34:52,2021-11-01 17:16:40
2021-11-02,2021-11-02 07:36:35,2021-11-02 17:14:55
2021-11-03,2021-11-03 07:38:18,2021-11-03 17:13:12
2021-11-04,2021-11-04 07:40:02,2021-11-04 17:11:31
2021-11-05,2021-11-05 07:41:45,2021-11-05 17:09:52
2021-11-06,2021-11-06 07:43:28,2021-11-06 17:08:14
2021-11-07,2021-11-07 07:45:11,2021-11-07 17:06:38
2021-11-08,2021-11-08 07:46:54,2021-11-08 17:05:04
2021-11-09,2021-11-09 07:48:37,2021-11-09 17:03:31
2021-11-10,2021-11-10 07:50:20,2021-11-10 17:02:01
2021-11-11,2021-11-11 07:52:02,2021-11-11 17:00:33
2021-11-12,2021-11-12 07:53:44,2021-11-12 16:59:07
2021-11-13,2021-11-13 07:55:25,2021-11-13 16:57:43
2021-11-14,2021-11-14 07:57:06,2021-11-14 16:56:21
2021-11-15,2021-11-15 07:58:47,2021-11-15 16:55:01
2021-11-16,2021-11-16 08:00:27,2021-11-16 16:53:44
2021-11-17,2021-11-17 08:02:06,2021-11-17 16:52:29
2021-11-18,2021-11-18 08:03:45,2021-11-18 16:51:16
2021-11-19,2021-11-19 08:05:23,2021-11-19 16:50:06
2021-11-20,2021-11-20 08:07:00,2021-11-20 16:48:58
2021-11-21,2021-11-21 08:08:36,2021-11-21 16:47:53
2021-11-22,2021-11-22 08:10:11,2021-11-22 16:46:51
2021-11-23,2021-11-23 08:11:45,2021-11-23 16:45:51
2021-11-24,2021-11-24 08:13:18,2021-11-24 16:44:54
2021-11-25,2021-11-25 08:14:50,2021-11-25 16:44:00
2021-11-26,2021-11-26 08:16:20,2021-11-26 16:43:08
2021-11-27,2021-11-27 08:17:49,2021-11-27 16:42:19
2021-11-28,2021-11-28 08:19:16,2021-11-28 16:41:33
2021-11-29,2021-11-29 08:20:42,2021-11-29 16:40:50
2021-11-30,2021-11-30 08:22:07,2021-11-30 16:40:11
2021-12-01,2021-12-01 08:23:29,2021-12-01 16:39:34
2021-12-02,2021-12-02 08:24:50,2021-12-02 16:39:00
2021-12-03,2021-12-03 08:26:09,2021-12-03 16:38:29
2021-12-04,2021-12-04 08:27:26,2021-12-04 16:38:02
2021-12-05,2021-12-05 08:28:41,2021-12-05 16:37:37
2021-12-06,2021-12-06 08:29:54,2021-12-06 16:37:16
2021-12-07,2021-12-07 08:31:04,2021-12-07 16:36:58
2021-12-08,2021-12-08 08:32:13,2021-12-08 16:36:43
2021-12-09,2021-12-09 08:33:19,2021-12-09 16:36:32
2021-12-10,2021-12-10 08:34:22,2021-12-10 16:36:24
2021-12-11,2021-12-11 08:35:23,2021-12-11 16:36:19
2021-12-12,2021-12-12 08:36:21,2021-12-12 16:36:17
2021-12-13,2021-12-13 08:37:17,2021-12-13 16:36:19
2021-12-14,2021-12-14 08:38:10,2021-12-14 16:36:24
2021-12-15,2021-12-15 08:39:00,2021-12-15 16:36:32
2021-12-16,2021-12-16 08:39:48,2021-12-16 16:36:44
2021-12-17,2021-12-17 08:40:32,2021-12-17 16:36:59
2021-12-18,2021-12-18 08:41:14,2021-12-18 16:37:18
2021-12-19,2021-12-19 08:41:52,2021-12-19 16:37:39
2021-12-20,2021-12-20 08:42:28,2021-12-20 16:38:04
2021-12-21,2021-12-21 08:43:00,2021-12-21 16:38:32
2021-12-22,2021-12-22 08:43:29,2021-12-22 16:39:04
2021-12-23,2021-12-23 08:43:56,2021-12-23 16:39:38
2021-12-24,2021-12-24 08:44:18,2021-12-24 16:40:16
2021-12-25,2021-12-25 08:44:38,2021-12-25 16:40:56
2021-12-26,2021-12-26 08:44:55,2021-12-26 16:41:40
2021-12-27,2021-12-27 08:45:08,2021-12-27 16:42:27
2021-12-28,2021-12-28 08:45:18,2021-12-28 16:43:17
2021-12-29,2021-12-29 08:45:24,2021-12-29 16:44:09
2021-12-30,2021-12-30 08:45:28,2021-12-30 16:45:05
2021-12-31,2021-12-31 08:45:28,2021-12-31 16:46:03
2022-01-01,2022-01-01 08:45:25,2022-01-01 16:47:04
2022-01-02,2022-01-02 08:45:18,2022-01-02 16:48:07
2022-01-03,2022-01-03 08:45:08,2022-01-03 16:49:13
2022-01-04,2022-01-04 08:44:55,2022-01-04 16:50:22
2022-01-05,2022-01-05 08:44:39,2022-01-05 16:51:33
2022-01-06,2022-01-06 08:44:20,2022-01-06 16:52:46
2022-01-07,2022-01-07 08:43:57,2022-01-07 16:54:02
2022-01-08,2022-01-08 08:43:32,2022-01-08 16:55:19
2022-01-09,2022-01-09 08:43:03,2022-01-09 16:56:39
2022-01-10,2022-01-10 08:42:31,2022-01-10 16:58:01
2022-01-11,2022-01-11 08:41:56,2022-01-11 16:59:25
2022-01-12,2022-01-12 08:41:18,2022-01-12 17:00:50
2022-01-13,2022-01-13 08:40:37,2022-01-13 17:02:18
2022-01-14,2022-01-14 08:39:53,2022-01-14 17:03:47
2022-01-15,2022-01-15 08:39:06,2022-01-15 17:05:17
2022-01-16,2022-01-16 08:38:16,2022-01-16 17:06:49
2022-01-17,2022-01-17 08:37:24,2022-01-17 17:08:23
2022-01-18,2022-01-18 08:36:28,2022-01-18 17:09:58
2022-01-19,2022-01-19 08:35:30,2022-01-19 17:11:34
2022-01-20,2022-01-20 08:34:30,2022-01-20 17:13:11
2022-01-21,2022-01-21 08:33:26,2022-01-21 17:14:50
2022-01-22,2022-01-22 08:32:21,2022-01-22 17:16:29
2022-01-23,2022-01-23 08:31:12,2022-01-23 17:18:09
2022-01-24,2022-01-24 08:30:01,2022-01-24 17:19:51
2022-01-25,2022-01-25 08:28:48,2022-01-25 17:21:33
2022-01-26,2022-01-26 08:27:33,2022-01-26 17:23:16
2022-01-27,2022-01-27 08:26:15,2022-01-27 17:24:59
2022-01-28,2022-01-28 08:24:55,2022-01-28 17:26:43
2022-01-29,2022-01-29 08:23:33,2022-01-29 17:28:28
2022-01-30,2022-01-30 08:22:08,2022-01-30 17:30:13
2022-01-31,2022-01-31 08:20:42,2022-01-31 17:31:59
2022-02-01,2022-02-01 08:19:13,2022-02-01 17:33:45
2022-02-02,2022-02-02 08:17:43,2022-02-02 17:35:31
2022-02-03,2022-02-03 08:16:10,2022-02-03 17:37:18
2022-02-04,2022-02-04 08:14:36,2022-02-04 17:39:04
2022-02-05,2022-02-05 08:13:00,2022-02-05 17:40:51
2022-02-06,2022-02-06 08:11:22,2022-02-06 17:42:39
2022-02-07,2022-02-07 08:09:42,2022-02-07 17:44:26
2022-02-08,2022-02-08 08:08:01,2022-02-08 17:46:13
2022-02-09,2022-02-09 08:06:18,2022-02-09 17:48:00
2022-02-10,2022-02-10 08:04:33,2022-02-10 17:49:48
2022-02-11,2022-02-11 08:02:47,2022-02-11 17:51:35
2022-02-12,2022-02-12 08:00:59,2022-02-12 17:53:22
2022-02-13,2022-02-13 07:59:10,2022-02-13 17:55:09
2022-02-14,2022-02-14 07:57:20,2022-02-14 17:56:56
2022-02-15,2022-02-15 07:55:28,2022-02-15 17:58:43
2022-02-16,2022-02-16 07:53:35,2022-02-16 18:00:29
2022-02-17,2022-02-17 07:51:41,2022-02-17 18:02:16
2022-02-18,2022-02-18 07:49:46,2022-02-18 18:04:02
2022-02-19,2022-02-19 07:47:49,2022-02-19 18:05:48
2022-02-20,2022-02-20 07:45:51,2022-02-20 18:07:34
2022-02-21,2022-02-21 07:43:52,2022-02-21 18:09:19
2022-02-22,2022-02-22 07:41:52,2022-02-22 18:11:05
2022-02-23,2022-02-23 07:39:51,2022-02-23 18:12:50
2022-02-24,2022-02-24 07:37:50,2022-02-24 18:14:34
2022-02-25,2022-02-25 07:35:47,2022-02-25 18:16:19
2022-02-26,2022-02-26 07:33:43,2022-02-26 18:18:03
2022-02-27,2022-02-27 07:31:39,2022-02-27 18:19:47
2022-02-28,2022-02-28 07:29:33,2022-02-28 18:21:31
2022-03-01,2022-03-01 07:27:27,2022-03-01 18:23:14
2022-03-02,2022-03-02 07:25:21,2022-03-02 18:24:57
2022-03-03,2022-03-03 07:23:13,2022-03-03 18:26:40
2022-03-04,2022-03-04 07:21:05,2022-03-04 18:28:22
2022-03-05,2022-03-05 07:18:56,2022-03-05 18:30:04
2022-03-06,2022-03-06 07:16:47,2022-03-06 18:31:46
2022-03-07,2022-03-07 07:14:37,2022-03-07 18:33:28
2022-03-08,2022-03-08 07:12:27,2022-03-08 18:35:10
2022-03-09,2022-03-09 07:10:16,2022-03-09 18:36:51
2022-03-10,2022-03-10 07:08:04,2022-03-10 18:38:32
2022-03-11,2022-03-11 07:05:53,2022-03-11 18:40:12
2022-03-12,2022-03-12 07:03:40,2022-03-12 18:41:53
2022-03-13,2022-03-13 07:01:28,2022-03-13 18:43:33
2022-03-14,2022-03-14 06:59:15,2022-03-14 18:45:13
2022-03-15,2022-03-15 06:57:02,2022-03-15 18:46:53
2022-03-16,2022-03-16 06:54:49,2022-03-16 18:48:32
2022-03-17,2022-03-17 06:52:35,2022-03-17 18:50:12
2022-03-18,2022-03-18 06:50:22,2022-03-18 18:51:51
2022-03-19,2022-03-19 06:48:08,2022-03-19 18:53:30
2022-03-20,2022-03-20 06:45:54,2022-03-20 18:55:09
2022-03-21,2022-03-21 06:43:40,2022-03-21 18:56:48
2022-03-22,2022-03-22 06:41:25,2022-03-22 18:58:26
2022-03-23,2022-03-23 06:39:11,2022-03-23 19:00:05
2022-03-24,2022-03-24 06:36:57,2022-03-24 19:01:43
2022-03-25,2022-03-25 06:34:43,2022-03-25 19:03:22
2022-03-26,2022-03-26 06:32:28,2022-03-26 19:05:00
2022-03-27,2022-03-27 07:30:14,2022-03-27 20:06:38
2022-03-28,2022-03-28 07:28:00,2022-03-28 20:08:16
2022-03-29,2022-03-29 07:25:47,2022-03-29 20:09:54
2022-03-30,2022-03-30 07:23:33,2022-03-30 20:11:32
2022-03-31,2022-03-31 07:21:20,2022-03-31 20:13:10
2022-04-01,2022-04-01 07:19:06,2022-04-01 20:14:48
2022-04-02,2022-04-02 07:16:53,2022-04-02 20:16:25
2022-04-03,2022-04-03 07:14:41,2022-04-03 20:18:03
2022-04-04,2022-04-04 07:12:28,2022-04-04 20:19:41
2022-04-05,2022-04-05 07:10:16,2022-04-05 20:21:19
2022-04-06,2022-04-06 07:08:05,2022-04-06 20:22:56
2022-04-07,2022-04-07 07:05:54,2022-04-07 20:24:34
2022-04-08,2022-04-08 07:03:43,2022-04-08 20:26:12
2022-04-09,2022-04-09 07:01:33,2022-04-09 20:27:49
2022-04-10,2022-04-10 06:59:23,2022-04-10 20:29:27
2022-04-11,2022-04-11 06:57:14,2022-04-11 20:31:04
2022-04-12,2022-04-12 06:55:05,2022-04-12 20:32:42
2022-04-13,2022-04-13 06:52:58,2022-04-13 20:34:20
2022-04-14,2022-04-14 06:50:50,2022-04-14 20:35:57
2022-04-15,2022-04-15 06:48:44,2022-04-15 20:37:35
2022-04-16,2022-04-16 06:46:38,2022-04-16 20:39:12
2022-04-17,2022-04-17 06:44:33,2022-04-17 20:40:50
2022-04-18,2022-04-18 06:42:28,2022-04-18 20:42:27
2022-04-19,2022-04-19 06:40:25,2022-04-19 20:44:05
2022-04-20,2022-04-20 06:38:22,2022-04-20 20:45:42
2022-04-21,2022-04-21 06:36:20,2022-04-21 20:47:19
2022-04-22,2022-04-22 06:34:20,2022-04-22 20:48:57
2022-04-23,2022-04-23 06:32:20,2022-04-23 20:50:34
2022-04-24,2022-04-24 06:30:21,2022-04-24 20:52:11
2022-04-25,2022-04-25 06:28:23,2022-04-25 20:53:48
2022-04-26,2022-04-26 06:26:26,2022-04-26 20:55:24
2022-04-27,2022-04-27 06:24:31,2022-04-27 20:57:01
2022-04-28,2022-04-28 06:22:37,2022-04-28 20:58:37
2022-04-29,2022-04-29 06:20:43,2022-04-29 21:00:13
2022-04-30,2022-04-30 06:18:52,2022-04-30 21:01:49
2022-05-01,2022-05-01 06:17:01,2022-05-01 21:03:25
2022-05-02,2022-05-02 06:15:12,2022-05-02 21:05:00
2022-05-03,2022-05-03 06:13:24,2022-05-03 21:06:35
2022-05-04,2022-05-04 06:11:38,2022-05-04 21:08:10
2022-05-05,2022-05-05 06:09:53,2022-05-05 21:09:44
2022-05-06,2022-05-06 06:08:09,2022-05-06 21:11:18
2022-05-07,2022-05-07 06:06:27,2022-05-07 21:12:51
2022-05-08,2022-05-08 06:04:47,2022-05-08 21:14:24
2022-05-09,2022-05-09 06:03:09,2022-05-09 21:15:56
2022-05-10,2022-05-10 06:01:32,2022-05-10 21:17:28
2022-05-11,2022-05-11 05:59:57,2022-05-11 21:18:59
2022-05-12,2022-05-12 05:58:23,2022-05-12 21:20:29
2022-05-13,2022-05-13 05:56:52,2022-05-13 21:21:58
2022-05-14,2022-05-14 05:55:23,2022-05-14 21:23:27
2022-05-15,2022-05-15 05:53:55,2022-05-15 21:24:55
2022-05-16,2022-05-16 05:52:29,2022-05-16 21:26:22
2022-05-17,2022-05-17 05:51:06,2022-05-17 21:27:48
2022-05-18,2022-05-18 05:49:44,2022-05-18 21:29:13
2022-05-19,2022-05-19 05:48:25,2022-05-19 21:30:37
2022-05-20,2022-05-20 05:47:08,2022-05-20 21:31:59
2022-05-21,2022-05-21 05:45:53,2022-05-21 21:33:21
2022-05-22,2022-05-22 05:44:40,2022-05-22 21:34:41
2022-05-23,2022-05-23 05:43:30,2022-05-23 21:36:00
2022-05-24,2022-05-24 05:42:22,2022-05-24 21:37:18
2022-05-25,2022-05-25 05:41:17,2022-05-25 21:38:34
2022-05-26,2022-05-26 05:40:14,2022-05-26 21:39:48
2022-05-27,2022-05-27 05:39:13,2022-05-27 21:41:01
2022-05-28,2022-05-28 05:38:15,2022-05-28 21:42:12
2022-05-29,2022-05-29 05:37:20,2022-05-29 21:43:22
2022-05-30,2022-05-30 05:36:27,2022-05-30 21:44:30
2022-05-31,2022-05-31 05:35:37,2022-05-31 21:45:36
2022-06-01,2022-06-01 05:34:50,2022-06-01 21:46:40
2022-06-02,2022-06-02 05:34:05,2022-06-02 21:47:42
2022-06-03,2022-06-03 05:33:23,2022-06-03 21:48:41
2022-06-04,2022-06-04 05:32:44,2022-06-04 21:49:39
2022-06-05,2022-06-05 05:32:08,2022-06-05 21:50:35
2022-06-06,2022-06-06 05:31:34,2022-06-06 21:51:28
2022-06-07,2022-06-07 05:31:04,2022-06-07 21:52:19
2022-06-08,2022-06-08 05:30:36,2022-06-08 21:53:08
2022-06-09,2022-06-09 05:30:12,2022-06-09 21:53:54
2022-06-10,2022-06-10 05:29:50,2022-06-10 21:54:37
2022-06-11,2022-06-11 05:29:31,2022-06-11 21:55:19
2022-06-12,2022-06-12 05:29:15,2022-06-12 21:55:57
2022-06-13,2022-06-13 05:29:03,2022-06-13 21:56:33
2022-06-14,2022-06-14 05:28:53,2022-06-14 21:57:06
2022-06-15,2022-06-15 05:28:46,2022-06-15 21:57:37
2022-06-16,2022-06-16 05:28:42,2022-06-16 21:58:04
2022-06-17,2022-06-17 05:28:41,2022-06-17 21:58:29
2022-06-18,2022-06-18 05:28:43,2022-06-18 21:58:51
2022-06-19,2022-06-19 05:28:48,2022-06-19 21:59:10
2022-06-20,2022-06-20 05:28:56,2022-06-20 21:59:26
2022-06-21,2022-06-21 05:29:07,2022-06-21 21:59:39
2022-06-22,2022-06-22 05:29:21,2022-06-22 21:59:50
2022-06-23,2022-06-23 05:29:38,2022-06-23 21:59:57
2022-06-24,2022-06-24 05:29:57,2022-06-24 22:00:01
2022-06-25,2022-06-25 05:30:20,2022-06-25 22:00:02
2022-06-26,2022-06-26 05:30:45,2022-06-26 22:00:01
2022-06-27,2022-06-27 05:31:12,2022-06-27 21:59:56
2022-06-28,2022-06-28 05:31:43,2022-06-28 21:59:48
2022-06-29,2022-06-29 05:32:16,2022-06-29 21:59:37
2022-06-30,2022-06-30 05:32:52,2022-06-30 21:59:23
2022-07-01,2022-07-01 05:33:30,2022-07-01 21:59:06
2022-07-02,2022-07-02 05:34:11,2022-07-02 21:58:46
2022-07-03,2022-07-03 05:34:55,2022-07-03 21:58:24
2022-07-04,2022-07-04 05:35:40,2022-07-04 21:57:58
2022-07-05,2022-07-05 05:36:28,2022-07-05 21:57:29
2022-07-06,2022-07-06 05:37:19,2022-07-06 21:56:57
2022-07-07,2022-07-07 05:38:11,2022-07-07 21:56:22
2022-07-08,2022-07-08 05:39:06,2022-07-08 21:55:45
2022-07-09,2022-07-09 05:40:03,2022-07-09 21:55:04
2022-07-10,2022-07-10 05:41:02,2022-07-10 21:54:21
2022-07-11,2022-07-11 05:42:03,2022-07-11 21:53:35
2022-07-12,2022-07-12 05:43:05,2022-07-12 21:52:46
2022-07-13,2022-07-13 05:44:10,2022-07-13 21:51:55
2022-07-14,2022-07-14 05:45:16,2022-07-14 21:51:01
2022-07-15,2022-07-15 05:46:24,2022-07-15 21:50:04
2022-07-16,2022-07-16 05:47:34,2022-07-16 21:49:05
2022-07-17,2022-07-17 05:48:45,2022-07-17 21:48:03
2022-07-18,2022-07-18 05:49:58,2022-07-18 21:46:58
2022-07-19,2022-07-19 05:51:12,2022-07-19 21:45:51
2022-07-20,2022-07-20 05:52:27,2022-07-20 21:44:42
2022-07-21,2022-07-21 05:53:44,2022-07-21 21:43:30
2022-07-22,2022-07-22 05:55:02,2022-07-22 21:42:16
2022-07-23,2022-07-23 05:56:21,2022-07-23 21:41:00
2022-07-24,2022-07-24 05:57:41,2022-07-24 21:39:41
2022-07-25,2022-07-25 05:59:03,2022-07-25 21:38:20
2022-07-26,2022-07-26 06:00:25,2022-07-26 21:36:58
2022-07-27,2022-07-27 06:01:48,2022-07-27 21:35:33
2022-07-28,2022-07-28 06:03:12,2022-07-28 21:34:06
2022-07-29,2022-07-29 06:04:37,2022-07-29 21:32:37
2022-07-30,2022-07-30 06:06:03,2022-07-30 21:31:06
2022-07-31,2022-07-31 06:07:29,2022-07-31 21:29:33
2022-08-01,2022-08-01 06:08:56,2022-08-01 21:27:58
2022-08-02,2022-08-02 06:10:24,2022-08-02 21:26:22
2022-08-03,2022-08-03 06:11:52,2022-08-03 21:24:43
2022-08-04,2022-08-04 06:13:21,2022-08-04 21:23:03
2022-08-05,2022-08-05 06:14:50,2022-08-05 21:21:22
2022-08-06,2022-08-06 06:16:20,2022-08-06 21:19:39
2022-08-07,2022-08-07 06:17:50,2022-08-07 21:17:54
2022-08-08,2022-08-08 06:19:21,2022-08-08 21:16:08
2022-08-09,2022-08-09 06:20:52,2022-08-09 21:14:20
2022-08-10,2022-08-10 06:22:23,2022-08-10 21:12:31
2022-08-11,2022-08-11 06:23:54,2022-08-11 21:10:40
2022-08-12,2022-08-12 06:25:26,2022-08-12 21:08:48
2022-08-13,2022-08-13 06:26:58,2022-08-13 21:06:55
2022-08-14,2022-08-14 06:28:30,2022-08-14 21:05:01
2022-08-15,2022-08-15 06:30:02,2022-08-15 21:03:05
2022-08-16,2022-08-16 06:31:35,2022-08-16 21:01:08
2022-08-17,2022-08-17 06:33:07,2022-08-17 20:59:10
2022-08-18,2022-08-18 06:34:40,2022-08-18 20:57:11
2022-08-19,2022-08-19 06:36:12,2022-08-19 20:55:11
2022-08-20,2022-08-20 06:37:45,2022-08-20 20:53:10
2022-08-21,2022-08-21 06:39:18,2022-08-21 20:51:08
2022-08-22,2022-08-22 06:40:51,2022-08-22 20:49:05
2022-08-23,2022-08-23 06:42:24,2022-08-23 20:47:01
2022-08-24,2022-08-24 06:43:57,2022-08-24 20:44:56
2022-08-25,2022-08-25 06:45:30,2022-08-25 20:42:50
2022-08-26,2022-08-26 06:47:03,2022-08-26 20:40:44
2022-08-27,2022-08-27 06:48:35,2022-08-27 20:38:37
2022-08-28,2022-08-28 06:50:08,2022-08-28 20:36:29
2022-08-29,2022-08-29 06:51:41,2022-08-29 20:34:20
2022-08-30,2022-08-30 06:53:14,2022-08-30 20:32:11
2022-08-31,2022-08-31 06:54:47,2022-08-31 20:30:01
2022-09-01,2022-09-01 06:56:20,2022-09-01 20:27:51
2022-09-02,2022-09-02 06:57:53,2022-09-02 20:25:40
2022-09-03,2022-09-03 06:59:26,2022-09-03 20:23:28
2022-09-04,2022-09-04 07:00:58,2022-09-04 20:21:16
2022-09-05,2022-09-05 07:02:31,2022-09-05 20:19:03
2022-09-06,2022-09-06 07:04:04,2022-09-06 20:16:51
2022-09-07,2022-09-07 07:05:37,2022-09-07 20:14:37
2022-09-08,2022-09-08 07:07:09,2022-09-08 20:12:24
2022-09-09,2022-09-09 07:08:42,2022-09-09 20:10:10
2022-09-10,2022-09-10 07:10:15,2022-09-10 20:07:55
2022-09-11,2022-09-11 07:11:48,2022-09-11 20:05:41
2022-09-12,2022-09-12 07:13:21,2022-09-12 20:03:26
2022-09-13,2022-09-13 07:14:53,2022-09-13 20:01:11
2022-09-14,2022-09-14 07:16:26,2022-09-14 19:58:55
2022-09-15,2022-09-15 07:17:59,2022-09-15 19:56:40
2022-09-16,2022-09-16 07:19:32,2022-09-16 19:54:25
2022-09-17,2022-09-17 07:21:05,2022-09-17 19:52:09
2022-09-18,2022-09-18 07:22:38,2022-09-18 19:49:53
2022-09-19,2022-09-19 07:24:12,2022-09-19 19:47:37
2022-09-20,2022-09-20 07:25:45,2022-09-20 19:45:22
2022-09-21,2022-09-21 07:27:18,2022-09-21 19:43:06
2022-09-22,2022-09-22 07:28:52,2022-09-22 19:40:50
2022-09-23,2022-09-23 07:30:26,2022-09-23 19:38:34
2022-09-24,2022-09-24 07:32:00,2022-09-24 19:36:19
2022-09-25,2022-09-25 07:33:34,2022-09-25 19:34:04
2022-09-26,2022-09-26 07:35:08,2022-09-26 19:31:48
2022-09-27,2022-09-27 07:36:42,2022-09-27 19:29:33
2022-09-28,2022-09-28 07:38:17,2022-09-28 19:27:18
2022-09-29,2022-09-29 07:39:51,2022-09-29 19:25:04
2022-09-30,2022-09-30 07:41:26,2022-09-30 19:22:49
2022-10-01,2022-10-01 07:43:01,2022-10-01 19:20:35
2022-10-02,2022-10-02 07:44:37,2022-10-02 19:18:22
2022-10-03,2022-10-03 07:46:12,2022-10-03 19:16:09
2022-10-04,2022-10-04 07:47:48,2022-10-04 19:13:56
2022-10-05,2022-10-05 07:49:24,2022-10-05 19:11:43
2022-10-06,2022-10-06 07:51:01,2022-10-06 19:09:31
2022-10-07,2022-10-07 07:52:37,2022-10-07 19:07:20
2022-10-08,2022-10-08 07:54:14,2022-10-08 19:05:09
2022-10-09,2022-10-09 07:55:52,2022-10-09 19:02:59
2022-10-10,2022-10-10 07:57:29,2022-10-10 19:00:49
2022-10-11,2022-10-11 07:59:07,2022-10-11 18:58:40
2022-10-12,2022-10-12 08:00:45,2022-10-12 18:56:31
2022-10-13,2022-10-13 08:02:23,2022-10-13 18:54:24
2022-10-14,2022-10-14 08:04:02,2022-10-14 18:52:17
2022-10-15,2022-10-15 08:05:41,2022-10-15 18:50:11
2022-10-16,2022-10-16 08:07:20,2022-10-16 18:48:05
2022-10-17,2022-10-17 08:09:00,2022-10-17 18:46:01
2022-10-18,2022-10-18 08:10:40,2022-10-18 18:43:57
2022-10-19,2022-10-19 08:12:20,2022-10-19 18:41:55
2022-10-20,2022-10-20 08:14:01,2022-10-20 18:39:53
2022-10-21,2022-10-21 08:15:42,2022-10-21 18:37:52
2022-10-22,2022-10-22 08:17:23,2022-10-22 18:35:53
2022-10-23,2022-10-23 08:19:04,2022-10-23 18:33:54
2022-10-24,2022-10-24 08:20:46,2022-10-24 18:31:57
2022-10-25,2022-10-25 08:22:28,2022-10-25 18:30:01
2022-10-26,2022-10-26 08:24:10,2022-10-26 18:28:06
2022-10-27,2022-10-27 08:25:52,2022-10-27 18:26:12
2022-10-28,2022-10-28 08:27:35,2022-10-28 18:24:20
2022-10-29,2022-10-29 08:29:18,2022-10-29 18:22:29
2022-10-30,2022-10-30 07:31:01,2022-10-30 17:20:40
2022-10-31,2022-10-31 07:32:44,2022-10-31 17:18:52
2022-11-01,2022-11-01 07:34:27,2022-11-01 17:17:05
2022-11-02,2022-11-02 07:36:10,2022-11-02 17:15:20
2022-11-03,2022-11-03 07:37:53,2022-11-03 17:13:37
2022-11-04,2022-11-04 07:39:37,2022-11-04 17:11:55
2022-11-05,2022-11-05 07:41:20,2022-11-05 17:10:15
2022-11-06,2022-11-06 07:43:03,2022-11-06 17:08:37
2022-11-07,2022-11-07 07:44:46,2022-11-07 17:07:00
2022-11-08,2022-11-08 07:46:29,2022-11-08 17:05:26
2022-11-09,2022-11-09 07:48:12,2022-11-09 17:03:53
2022-11-10,2022-11-10 07:49:55,2022-11-10 17:02:22
2022-11-11,2022-11-11 07:51:37,2022-11-11 17:00:54
2022-11-12,2022-11-12 07:53:19,2022-11-12 16:59:27
2022-11-13,2022-11-13 07:55:01,2022-11-13 16:58:02
2022-11-14,2022-11-14 07:56:42,2022-11-14 16:56:40
2022-11-15,2022-11-15 07:58:23,2022-11-15 16:55:20
2022-11-16,2022-11-16 08:00:03,2022-11-16 16:54:02
2022-11-17,2022-11-17 08:01:42,2022-11-17 16:52:46
2022-11-18,2022-11-18 08:03:21,2022-11-18 16:51:33
2022-11-19,2022-11-19 08:04:59,2022-11-19 16:50:23
2022-11-20,2022-11-20 08:06:36,2022-11-20 16:49:14
2022-11-21,2022-11-21 08:08:13,2022-11-21 16:48:09
2022-11-22,2022-11-22 08:09:48,2022-11-22 16:47:05
2022-11-23,2022-11-23 08:11:22,2022-11-23 16:46:05
2022-11-24,2022-11-24 08:12:56,2022-11-24 16:45:07
2022-11-25,2022-11-25 08:14:28,2022-11-25 16:44:12
2022-11-26,2022-11-26 08:15:58,2022-11-26 16:43:20
2022-11-27,2022-11-27 08:17:28,2022-11-27 16:42:30
2022-11-28,2022-11-28 08:18:55,2022-11-28 16:41:44
2022-11-29,2022-11-29 08:20:22,2022-11-29 16:41:00
2022-11-30,2022-11-30 08:21:47,2022-11-30 16:40:20
2022-12-01,2022-12-01 08:23:10,2022-12-01 16:39:42
2022-12-02,2022-12-02 08:24:31,2022-12-02 16:39:07
2022-12-03,2022-12-03 08:25:50,2022-12-03 16:38:36
2022-12-04,2022-12-04 08:27:08,2022-12-04 16:38:08
2022-12-05,2022-12-05 08:28:23,2022-12-05 16:37:42
2022-12-06,2022-12-06 08:29:36,2022-12-06 16:37:20
2022-12-07,2022-12-07 08:30:48,2022-12-07 16:37:02
2022-12-08,2022-12-08 08:31:56,2022-12-08 16:36:46
2022-12-09,2022-12-09 08:33:03,2022-12-09 16:36:34
2022-12-10,2022-12-10 08:34:07,2022-12-10 16:36:25
2022-12-11,2022-12-11 08:35:09,2022-12-11 16:36:19
2022-12-12,2022-12-12 08:36:08,2022-12-12 16:36:17
2022-12-13,2022-12-13 08:37:04,2022-12-13 16:36:18
2022-12-14,2022-12-14 08:37:58,2022-12-14 16:36:22
2022-12-15,2022-12-15 08:38:49,2022-12-15 16:36:30
2022-12-16,2022-12-16 08:39:37,2022-12-16 16:36:41
2022-12-17,2022-12-17 08:40:22,2022-12-17 16:36:55
2022-12-18,2022-12-18 08:41:04,2022-12-18 16:37:13
2022-12-19,2022-12-19 08:41:43,2022-12-19 16:37:33
2022-12-20,2022-12-20 08:42:20,2022-12-20 16:37:57
2022-12-21,2022-12-21 08:42:53,2022-12-21 16:38:25
2022-12-22,2022-12-22 08:43:23,2022-12-22 16:38:55
2022-12-23,2022-12-23 08:43:50,2022-12-23 16:39:29
2022-12-24,2022-12-24 08:44:13,2022-12-24 16:40:06
2022-12-25,2022-12-25 08:44:34,2022-12-25 16:40:46
2022-12-26,2022-12-26 08:44:51,2022-12-26 16:41:29
2022-12-27,2022-12-27 08:45:05,2022-12-27 16:42:15
2022-12-28,2022-12-28 08:45:16,2022-12-28 16:43:04
2022-12-29,2022-12-29 08:45:23,2022-12-29 16:43:56
2022-12-30,2022-12-30 08:45:27,2022-12-30 16:44:51
2022-12-31,2022-12-31 08:45:28,2022-12-31 16:45:48
2023-01-01,2023-01-01 08:45:26,2023-01-01 16:46:48
2023-01-02,2023-01-02 08:45:20,2023-01-02 16:47:51
2023-01-03,2023-01-03 08:45:11,2023-01-03 16:48:57
2023-01-04,2023-01-04 08:44:59,2023-01-04 16:50:05
2023-01-05,2023-01-05 08:44:44,2023-01-05 16:51:15
2023-01-06,2023-01-06 08:44:25,2023-01-06 16:52:28
2023-01-07,2023-01-07 08:44:03,2023-01-07 16:53:43
2023-01-08,2023-01-08 08:43:38,2023-01-08 16:55:00
2023-01-09,2023-01-09 08:43:10,2023-01-09 16:56:19
2023-01-10,2023-01-10 08:42:39,2023-01-10 16:57:41
2023-01-11,2023-01-11 08:42:04,2023-01-11 16:59:04
2023-01-12,2023-01-12 08:41:27,2023-01-12 17:00:29
2023-01-13,2023-01-13 08:40:47,2023-01-13 17:01:56
2023-01-14,2023-01-14 08:40:04,2023-01-14 17:03:25
2023-01-15,2023-01-15 08:39:17,2023-01-15 17:04:55
2023-01-16,2023-01-16 08:38:28,2023-01-16 17:06:27
2023-01-17,2023-01-17 08:37:37,2023-01-17 17:08:00
2023-01-18,2023-01-18 08:36:42,2023-01-18 17:09:34
2023-01-19,2023-01-19 08:35:45,2023-01-19 17:11:10
2023-01-20,2023-01-20 08:34:45,2023-01-20 17:12:47
2023-01-21,2023-01-21 08:33:42,2023-01-21 17:14:25
2023-01-22,2023-01-22 08:32:37,2023-01-22 17:16:05
2023-01-23,2023-01-23 08:31:29,2023-01-23 17:17:45
2023-01-24,2023-01-24 08:30:19,2023-01-24 17:19:26
2023-01-25,2023-01-25 08:29:06,2023-01-25 17:21:08
2023-01-26,2023-01-26 08:27:51,2023-01-26 17:22:50
2023-01-27,2023-01-27 08:26:34,2023-01-27 17:24:34
2023-01-28,2023-01-28 08:25:14,2023-01-28 17:26:18
2023-01-29,2023-01-29 08:23:53,2023-01-29 17:28:02
2023-01-30,2023-01-30 08:22:29,2023-01-30 17:29:47
2023-01-31,2023-01-31 08:21:03,2023-01-31 17:31:33
2023-02-01,2023-02-01 08:19:35,2023-02-01 17:33:19
2023-02-02,2023-02-02 08:18:05,2023-02-02 17:35:05
2023-02-03,2023-02-03 08:16:33,2023-02-03 17:36:52
2023-02-04,2023-02-04 08:14:59,2023-02-04 17:38:38
2023-02-05,2023-02-05 08:13:23,2023-02-05 17:40:25
2023-02-06,2023-02-06 08:11:45,2023-02-06 17:42:12
2023-02-07,2023-02-07 08:10:06,2023-02-07 17:44:00
2023-02-08,2023-02-08 08:08:25,2023-02-08 17:45:47
2023-02-09,2023-02-09 08:06:43,2023-02-09 17:47:34
2023-02-10,2023-02-10 08:04:59,2023-02-10 17:49:21
2023-02-11,2023-02-11 08:03:13,2023-02-11 17:51:09
2023-02-12,2023-02-12 08:01:26,2023-02-12 17:52:56
2023-02-13,2023-02-13 07:59:37,2023-02-13 17:54:43
2023-02-14,2023-02-14 07:57:47,2023-02-14 17:56:30
2023-02-15,2023-02-15 07:55:55,2023-02-15 17:58:17
2023-02-16,2023-02-16 07:54:03,2023-02-16 18:00:03
2023-02-17,2023-02-17 07:52:09,2023-02-17 18:01:50
2023-02-18,2023-02-18 07:50:14,2023-02-18 18:03:36
2023-02-19,2023-02-19 07:48:17,2023-02-19 18:05:22
2023-02-20,2023-02-20 07:46:20,2023-02-20 18:07:08
2023-02-21,2023-02-21 07:44:21,2023-02-21 18:08:54
2023-02-22,2023-02-22 07:42:21,2023-02-22 18:10:39
2023-02-23,2023-02-23 07:40:21,2023-02-23 18:12:24
2023-02-24,2023-02-24 07:38:19,2023-02-24 18:14:09
2023-02-25,2023-02-25 07:36:17,2023-02-25 18:15:54
2023-02-26,2023-02-26 07:34:13,2023-02-26 18:17:38
2023-02-27,2023-02-27 07:32:09,2023-02-27 18:19:22
2023-02-28,2023-02-28 07:30:04,2023-02-28 18:21:06
2023-03-01,2023-03-01 07:27:58,2023-03-01 18:22:49
2023-03-02,2023-03-02 07:25:51,2023-03-02 18:24:32
2023-03-03,2023-03-03 07:23:44,2023-03-03 18:26:15
2023-03-04,2023-03-04 07:21:36,2023-03-04 18:27:57
2023-03-05,2023-03-05 07:19:27,2023-03-05 18:29:40
2023-03-06,2023-03-06 07:17:18,2023-03-06 18:31:22
2023-03-07,2023-03-07 07:15:08,2023-03-07 18:33:04
2023-03-08,2023-03-08 07:12:58,2023-03-08 18:34:45
2023-03-09,2023-03-09 07:10:47,2023-03-09 18:36:26
2023-03-10,2023-03-10 07:08:36,2023-03-10 18:38:07
2023-03-11,2023-03-11 07:06:24,2023-03-11 18:39:48
2023-03-12,2023-03-12 07:04:12,2023-03-12 18:41:28
2023-03-13,2023-03-13 07:02:00,2023-03-13 18:43:09
2023-03-14,2023-03-14 06:59:47,2023-03-14 18:44:49
2023-03-15,2023-03-15 06:57:34,2023-03-15 18:46:29
2023-03-16,2023-03-16 06:55:21,2023-03-16 18:48:08
2023-03-17,2023-03-17 06:53:08,2023-03-17 18:49:48
2023-03-18,2023-03-18 06:50:54,2023-03-18 18:51:27
2023-03-19,2023-03-19 06:48:40,2023-03-19 18:53:06
2023-03-20,2023-03-20 06:46:26,2023-03-20 18:54:45
2023-03-21,2023-03-21 06:44:12,2023-03-21 18:56:24
2023-03-22,2023-03-22 06:41:58,2023-03-22 18:58:03
2023-03-23,2023-03-23 06:39:43,2023-03-23 18:59:41
2023-03-24,2023-03-24 06:37:29,2023-03-24 19:01:20
2023-03-25,2023-03-25 06:35:15,2023-03-25 19:02:58
2023-03-26,2023-03-26 07:33:01,2023-03-26 20:04:36
2023-03-27,2023-03-27 07:30:47,2023-03-27 20:06:14
2023-03-28,2023-03-28 07:28:33,2023-03-28 20:07:52
2023-03-29,2023-03-29 07:26:19,2023-03-29 20:09:30
2023-03-30,2023-03-30 07:24:05,2023-03-30 20:11:08
2023-03-31,2023-03-31 07:21:52,2023-03-31 20:12:46
2023-04-01,2023-04-01 07:19:38,2023-04-01 20:14:24
2023-04-02,2023-04-02 07:17:25,2023-04-02 20:16:02
2023-04-03,2023-04-03 07:15:13,2023-04-03 20:17:40
2023-04-04,2023-04-04 07:13:00,2023-04-04 20:19:17
2023-04-05,2023-04-05 07:10:48,2023-04-05 20:20:55
2023-04-06,2023-04-06 07:08:37,2023-04-06 20:22:33
2023-04-07,2023-04-07 07:06:25,2023-04-07 20:24:10
2023-04-08,2023-04-08 07:04:14,2023-04-08 20:25:48
2023-04-09,2023-04-09 07:02:04,2023-04-09 20:27:26
2023-04-10,2023-04-10 06:59:54,2023-04-10 20:29:03
2023-04-11,2023-04-11 06:57:45,2023-04-11 20:30:41
2023-04-12,2023-04-12 06:55:36,2023-04-12 20:32:19
2023-04-13,2023-04-13 06:53:28,2023-04-13 20:33:56
2023-04-14,2023-04-14 06:51:21,2023-04-14 20:35:34
2023-04-15,2023-04-15 06:49:14,2023-04-15 20:37:11
2023-04-16,2023-04-16 06:47:08,2023-04-16 20:38:49
2023-04-17,2023-04-17 06:45:03,2023-04-17 20:40:26
2023-04-18,2023-04-18 06:42:58,2023-04-18 20:42:04
2023-04-19,2023-04-19 06:40:54,2023-04-19 20:43:41
2023-04-20,2023-04-20 06:38:52,2023-04-20 20:45:19
2023-04-21,2023-04-21 06:36:50,2023-04-21 20:46:56
2023-04-22,2023-04-22 06:34:48,2023-04-22 20:48:33
2023-04-23,2023-04-23 06:32:48,2023-04-23 20:50:10
2023-04-24,2023-04-24 06:30:49,2023-04-24 20:51:47
2023-04-25,2023-04-25 06:28:51,2023-04-25 20:53:24
2023-04-26,2023-04-26 06:26:54,2023-04-26 20:55:01
2023-04-27,2023-04-27 06:24:59,2023-04-27 20:56:38
2023-04-28,2023-04-28 06:23:04,2023-04-28 20:58:14
2023-04-29,2023-04-29 06:21:11,2023-04-29 20:59:50
2023-04-30,2023-04-30 06:19:18,2023-04-30 21:01:26
2023-05-01,2023-05-01 06:17:27,2023-05-01 21:03:02
2023-05-02,2023-05-02 06:15:38,2023-05-02 21:04:37
2023-05-03,2023-05-03 06:13:50,2023-05-03 21:06:12
2023-05-04,2023-05-04 06:12:03,2023-05-04 21:07:47
2023-05-05,2023-05-05 06:10:18,2023-05-05 21:09:21
2023-05-06,2023-05-06 06:08:34,2023-05-06 21:10:55
2023-05-07,2023-05-07 06:06:52,2023-05-07 21:12:29
2023-05-08,2023-05-08 06:05:11,2023-05-08 21:14:02
2023-05-09,2023-05-09 06:03:32,2023-05-09 21:15:34
2023-05-10,2023-05-10 06:01:55,2023-05-10 21:17:06
2023-05-11,2023-05-11 06:00:19,2023-05-11 21:18:37
2023-05-12,2023-05-12 05:58:46,2023-05-12 21:20:07
2023-05-13,2023-05-13 05:57:14,2023-05-13 21:21:37
2023-05-14,2023-05-14 05:55:44,2023-05-14 21:23:06
2023-05-15,2023-05-15 05:54:16,2023-05-15 21:24:34
2023-05-16,2023-05-16 05:52:50,2023-05-16 21:26:01
2023-05-17,2023-05-17 05:51:26,2023-05-17 21:27:27
2023-05-18,2023-05-18 05:50:04,2023-05-18 21:28:53
2023-05-19,2023-05-19 05:48:44,2023-05-19 21:30:17
2023-05-20,2023-05-20 05:47:26,2023-05-20 21:31:40
2023-05-21,2023-05-21 05:46:11,2023-05-21 21:33:02
2023-05-22,2023-05-22 05:44:58,2023-05-22 21:34:22
2023-05-23,2023-05-23 05:43:47,2023-05-23 21:35:41
2023-05-24,2023-05-24 05:42:38,2023-05-24 21:36:59
2023-05-25,2023-05-25 05:41:32,2023-05-25 21:38:16
2023-05-26,2023-05-26 05:40:29,2023-05-26 21:39:31
2023-05-27,2023-05-27 05:39:27,2023-05-27 21:40:44
2023-05-28,2023-05-28 05:38:29,2023-05-28 21:41:56
2023-05-29,2023-05-29 05:37:33,2023-05-29 21:43:06
2023-05-30,2023-05-30 05:36:39,2023-05-30 21:44:14
2023-05-31,2023-05-31 05:35:49,2023-05-31 21:45:20
2023-06-01,2023-06-01 05:35:01,2023-06-01 21:46:25
2023-06-02,2023-06-02 05:34:15,2023-06-02 21:47:27
2023-06-03,2023-06-03 05:33:33,2023-06-03 21:48:27
2023-06-04,2023-06-04 05:32:53,2023-06-04 21:49:26
2023-06-05,2023-06-05 05:32:16,2023-06-05 21:50:22
2023-06-06,2023-06-06 05:31:42,2023-06-06 21:51:16
2023-06-07,2023-06-07 05:31:11,2023-06-07 21:52:07
2023-06-08,2023-06-08 05:30:43,2023-06-08 21:52:56
2023-06-09,2023-06-09 05:30:17,2023-06-09 21:53:43
2023-06-10,2023-06-10 05:29:55,2023-06-10 21:54:27
2023-06-11,2023-06-11 05:29:35,2023-06-11 21:55:09
2023-06-12,2023-06-12 05:29:19,2023-06-12 21:55:48
2023-06-13,2023-06-13 05:29:05,2023-06-13 21:56:25
2023-06-14,2023-06-14 05:28:55,2023-06-14 21:56:59
2023-06-15,2023-06-15 05:28:47,2023-06-15 21:57:30
2023-06-16,2023-06-16 05:28:43,2023-06-16 21:57:58
2023-06-17,2023-06-17 05:28:41,2023-06-17 21:58:24
2023-06-18,2023-06-18 05:28:42,2023-06-18 21:58:46
2023-06-19,2023-06-19 05:28:47,2023-06-19 21:59:06
2023-06-20,2023-06-20 05:28:54,2023-06-20 21:59:23
2023-06-21,2023-06-21 05:29:04,2023-06-21 21:59:37
2023-06-22,2023-06-22 05:29:17,2023-06-22 21:59:48
2023-06-23,2023-06-23 05:29:33,2023-06-23 21:59:56
2023-06-24,2023-06-24 05:29:52,2023-06-24 22:00:01
2023-06-25,2023-06-25 05:30:14,2023-06-25 22:00:03
2023-06-26,2023-06-26 05:30:38,2023-06-26 22:00:02
2023-06-27,2023-06-27 05:31:05,2023-06-27 21:59:58
2023-06-28,2023-06-28 05:31:35,2023-06-28 21:59:51
2023-06-29,2023-06-29 05:32:08,2023-06-29 21:59:40
2023-06-30,2023-06-30 05:32:43,2023-06-30 21:59:27
2023-07-01,2023-07-01 05:33:21,2023-07-01 21:59:11
2023-07-02,2023-07-02 05:34:01,2023-07-02 21:58:52
2023-07-03,2023-07-03 05:34:44,2023-07-03 21:58:30
2023-07-04,2023-07-04 05:35:29,2023-07-04 21:58:04
2023-07-05,2023-07-05 05:36:17,2023-07-05 21:57:36
2023-07-06,2023-07-06 05:37:06,2023-07-06 21:57:05
2023-07-07,2023-07-07 05:37:58,2023-07-07 21:56:31
2023-07-08,2023-07-08 05:38:53,2023-07-08 21:55:54
2023-07-09,2023-07-09 05:39:49,2023-07-09 21:55:15
2023-07-10,2023-07-10 05:40:47,2023-07-10 21:54:32
2023-07-11,2023-07-11 05:41:48,2023-07-11 21:53:47
2023-07-12,2023-07-12 05:42:50,2023-07-12 21:52:59
2023-07-13,2023-07-13 05:43:54,2023-07-13 21:52:08
2023-07-14,2023-07-14 05:45:00,2023-07-14 21:51:14
2023-07-15,2023-07-15 05:46:08,2023-07-15 21:50:18
2023-07-16,2023-07-16 05:47:17,2023-07-16 21:49:19
2023-07-17,2023-07-17 05:48:28,2023-07-17 21:48:18
2023-07-18,2023-07-18 05:49:40,2023-07-18 21:47:14
2023-07-19,2023-07-19 05:50:54,2023-07-19 21:46:08
2023-07-20,2023-07-20 05:52:09,2023-07-20 21:44:59
2023-07-21,2023-07-21 05:53:25,2023-07-21 21:43:48
2023-07-22,2023-07-22 05:54:43,2023-07-22 21:42:34
2023-07-23,2023-07-23 05:56:02,2023-07-23 21:41:19
2023-07-24,2023-07-24 05:57:22,2023-07-24 21:40:01
2023-07-25,2023-07-25 05:58:43,2023-07-25 21:38:40
2023-07-26,2023-07-26 06:00:05,2023-07-26 21:37:18
2023-07-27,2023-07-27 06:01:28,2023-07-27 21:35:53
2023-07-28,2023-07-28 06:02:52,2023-07-28 21:34:27
2023-07-29,2023-07-29 06:04:17,2023-07-29 21:32:58
2023-07-30,2023-07-30 06:05:42,2023-07-30 21:31:28
2023-07-31,2023-07-31 06:07:09,2023-07-31 21:29:55
2023-08-01,2023-08-01 06:08:35,2023-08-01 21:28:21
2023-08-02,2023-08-02 06:10:03,2023-08-02 21:26:45
2023-08-03,2023-08-03 06:11:31,2023-08-03 21:25:07
2023-08-04,2023-08-04 06:13:00,2023-08-04 21:23:28
2023-08-05,2023-08-05 06:14:29,2023-08-05 21:21:47
2023-08-06,2023-08-06 06:15:59,2023-08-06 21:20:04
2023-08-07,2023-08-07 06:17:29,2023-08-07 21:18:19
2023-08-08,2023-08-08 06:18:59,2023-08-08 21:16:34
2023-08-09,2023-08-09 06:20:30,2023-08-09 21:14:46
2023-08-10,2023-08-10 06:22:01,2023-08-10 21:12:57
2023-08-11,2023-08-11 06:23:32,2023-08-11 21:11:07
2023-08-12,2023-08-12 06:25:04,2023-08-12 21:09:15
2023-08-13,2023-08-13 06:26:36,2023-08-13 21:07:23
2023-08-14,2023-08-14 06:28:08,2023-08-14 21:05:28
2023-08-15,2023-08-15 06:29:40,2023-08-15 21:03:33
2023-08-16,2023-08-16 06:31:13,2023-08-16 21:01:36
2023-08-17,2023-08-17 06:32:45,2023-08-17 20:59:39
2023-08-18,2023-08-18 06:34:18,2023-08-18 20:57:40
2023-08-19,2023-08-19 06:35:50,2023-08-19 20:55:40
2023-08-20,2023-08-20 06:37:23,2023-08-20 20:53:39
2023-08-21,2023-08-21 06:38:56,2023-08-21 20:51:37
2023-08-22,2023-08-22 06:40:29,2023-08-22 20:49:34
2023-08-23,2023-08-23 06:42:02,2023-08-23 20:47:31
2023-08-24,2023-08-24 06:43:34,2023-08-24 20:45:26
2023-08-25,2023-08-25 06:45:07,2023-08-25 20:43:21
2023-08-26,2023-08-26 06:46:40,2023-08-26 20:41:14
2023-08-27,2023-08-27 06:48:13,2023-08-27 20:39:07
2023-08-28,2023-08-28 06:49:46,2023-08-28 20:37:00
2023-08-29,2023-08-29 06:51:19,2023-08-29 20:34:51
2023-08-30,2023-08-30 06:52:52,2023-08-30 20:32:42
2023-08-31,2023-08-31 06:54:25,2023-08-31 20:30:32
2023-09-01,2023-09-01 06:55:58,2023-09-01 20:28:22
2023-09-02,2023-09-02 06:57:30,2023-09-02 20:26:11
2023-09-03,2023-09-03 06:59:03,2023-09-03 20:24:00
2023-09-04,2023-09-04 07:00:36,2023-09-04 20:21:48
2023-09-05,2023-09-05 07:02:09,2023-09-05 20:19:36
2023-09-06,2023-09-06 07:03:42,2023-09-06 20:17:23
2023-09-07,2023-09-07 07:05:14,2023-09-07 20:15:10
2023-09-08,2023-09-08 07:06:47,2023-09-08 20:12:56
2023-09-09,2023-09-09 07:08:20,2023-09-09 20:10:42
2023-09-10,2023-09-10 07:09:53,2023-09-10 20:08:28
2023-09-11,2023-09-11 07:11:25,2023-09-11 20:06:13
2023-09-12,2023-09-12 07:12:58,2023-09-12 20:03:58
2023-09-13,2023-09-13 07:14:31,2023-09-13 20:01:43
2023-09-14,2023-09-14 07:16:04,2023-09-14 19:59:28
2023-09-15,2023-09-15 07:17:37,2023-09-15 19:57:13
2023-09-16,2023-09-16 07:19:10,2023-09-16 19:54:57
2023-09-17,2023-09-17 07:20:43,2023-09-17 19:52:42
2023-09-18,2023-09-18 07:22:16,2023-09-18 19:50:26
2023-09-19,2023-09-19 07:23:49,2023-09-19 19:48:10
2023-09-20,2023-09-20 07:25:23,2023-09-20 19:45:54
2023-09-21,2023-09-21 07:26:56,2023-09-21 19:43:39
2023-09-22,2023-09-22 07:28:30,2023-09-22 19:41:23
2023-09-23,2023-09-23 07:30:03,2023-09-23 19:39:07
2023-09-24,2023-09-24 07:31:37,2023-09-24 19:36:52
2023-09-25,2023-09-25 07:33:11,2023-09-25 19:34:36
2023-09-26,2023-09-26 07:34:45,2023-09-26 19:32:21
2023-09-27,2023-09-27 07:36:19,2023-09-27 19:30:06
2023-09-28,2023-09-28 07:37:54,2023-09-28 19:27:51
2023-09-29,2023-09-29 07:39:29,2023-09-29 19:25:36
2023-09-30,2023-09-30 07:41:03,2023-09-30 19:23:22
2023-10-01,2023-10-01 07:42:39,2023-10-01 19:21:08
2023-10-02,2023-10-02 07:44:14,2023-10-02 19:18:54
2023-10-03,2023-10-03 07:45:49,2023-10-03 19:16:41
2023-10-04,2023-10-04 07:47:25,2023-10-04 19:14:28
2023-10-05,2023-10-05 07:49:01,2023-10-05 19:12:15
2023-10-06,2023-10-06 07:50:38,2023-10-06 19:10:03
2023-10-07,2023-10-07 07:52:14,2023-10-07 19:07:51
2023-10-08,2023-10-08 07:53:51,2023-10-08 19:05:40
2023-10-09,2023-10-09 07:55:28,2023-10-09 19:03:30
2023-10-10,2023-10-10 07:57:06,2023-10-10 19:01:20
2023-10-11,2023-10-11 07:58:43,2023-10-11 18:59:11
2023-10-12,2023-10-12 08:00:21,2023-10-12 18:57:02
2023-10-13,2023-10-13 08:02:00,2023-10-13 18:54:54
2023-10-14,2023-10-14 08:03:38,2023-10-14 18:52:47
2023-10-15,2023-10-15 08:05:17,2023-10-15 18:50:41
2023-10-16,2023-10-16 08:06:57,2023-10-16 18:48:35
2023-10-17,2023-10-17 08:08:36,2023-10-17 18:46:31
2023-10-18,2023-10-18 08:10:16,2023-10-18 18:44:27
2023-10-19,2023-10-19 08:11:56,2023-10-19 18:42:24
2023-10-20,2023-10-20 08:13:37,2023-10-20 18:40:22
2023-10-21,2023-10-21 08:15:17,2023-10-21 18:38:21
2023-10-22,2023-10-22 08:16:58,2023-10-22 18:36:21
2023-10-23,2023-10-23 08:18:40,2023-10-23 18:34:23
2023-10-24,2023-10-24 08:20:21,2023-10-24 18:32:25
2023-10-25,2023-10-25 08:22:03,2023-10-25 18:30:29
2023-10-26,2023-10-26 08:23:45,2023-10-26 18:28:34
2023-10-27,2023-10-27 08:25:28,2023-10-27 18:26:40
2023-10-28,2023-10-28 08:27:10,2023-10-28 18:24:47
2023-10-29,2023-10-29 07:28:53,2023-10-29 17:22:56
2023-10-30,2023-10-30 07:30:36,2023-10-30 17:21:06
2023-10-31,2023-10-31 07:32:19,2023-10-31 17:19:18
2023-11-01,2023-11-01 07:34:02,2023-11-01 17:17:31
2023-11-02,2023-11-02 07:35:45,2023-11-02 17:15:45
2023-11-03,2023-11-03 07:37:28,2023-11-03 17:14:02
2023-11-04,2023-11-04 07:39:12,2023-11-04 17:12:19
2023-11-05,2023-11-05 07:40:55,2023-11-05 17:10:39
2023-11-06,2023-11-06 07:42:38,2023-11-06 17:09:00
2023-11-07,2023-11-07 07:44:21,2023-11-07 17:07:23
2023-11-08,2023-11-08 07:46:05,2023-11-08 17:05:48
2023-11-09,2023-11-09 07:47:47,2023-11-09 17:04:15
2023-11-10,2023-11-10 07:49:30,2023-11-10 17:02:44
2023-11-11,2023-11-11 07:51:12,2023-11-11 17:01:15
2023-11-12,2023-11-12 07:52:55,2023-11-12 16:59:48
2023-11-13,2023-11-13 07:54:36,2023-11-13 16:58:22
2023-11-14,2023-11-14 07:56:18,2023-11-14 16:57:00
2023-11-15,2023-11-15 07:57:58,2023-11-15 16:55:39
2023-11-16,2023-11-16 07:59:39,2023-11-16 16:54:20
2023-11-17,2023-11-17 08:01:18,2023-11-17 16:53:04
2023-11-18,2023-11-18 08:02:57,2023-11-18 16:51:51
2023-11-19,2023-11-19 08:04:36,2023-11-19 16:50:39
2023-11-20,2023-11-20 08:06:13,2023-11-20 16:49:30
2023-11-21,2023-11-21 08:07:50,2023-11-21 16:48:24
2023-11-22,2023-11-22 08:09:25,2023-11-22 16:47:20
2023-11-23,2023-11-23 08:11:00,2023-11-23 16:46:19
2023-11-24,2023-11-24 08:12:33,2023-11-24 16:45:21
2023-11-25,2023-11-25 08:14:05,2023-11-25 16:44:25
2023-11-26,2023-11-26 08:15:36,2023-11-26 16:43:32
2023-11-27,2023-11-27 08:17:06,2023-11-27 16:42:42
2023-11-28,2023-11-28 08:18:34,2023-11-28 16:41:55
2023-11-29,2023-11-29 08:20:01,2023-11-29 16:41:10
2023-11-30,2023-11-30 08:21:26,2023-11-30 16:40:29
2023-12-01,2023-12-01 08:22:50,2023-12-01 16:39:51
2023-12-02,2023-12-02 08:24:11,2023-12-02 16:39:15
2023-12-03,2023-12-03 08:25:31,2023-12-03 16:38:43
2023-12-04,2023-12-04 08:26:49,2023-12-04 16:38:14
2023-12-05,2023-12-05 08:28:05,2023-12-05 16:37:48
2023-12-06,2023-12-06 08:29:19,2023-12-06 16:37:25
2023-12-07,2023-12-07 08:30:31,2023-12-07 16:37:06
2023-12-08,2023-12-08 08:31:40,2023-12-08 16:36:49
2023-12-09,2023-12-09 08:32:47,2023-12-09 16:36:36
2023-12-10,2023-12-10 08:33:52,2023-12-10 16:36:27
2023-12-11,2023-12-11 08:34:54,2023-12-11 16:36:20
2023-12-12,2023-12-12 08:35:54,2023-12-12 16:36:17
2023-12-13,2023-12-13 08:36:51,2023-12-13 16:36:17
2023-12-14,2023-12-14 08:37:45,2023-12-14 16:36:21
2023-12-15,2023-12-15 08:38:37,2023-12-15 16:36:27
2023-12-16,2023-12-16 08:39:25,2023-12-16 16:36:37
2023-12-17,2023-12-17 08:40:11,2023-12-17 16:36:51
2023-12-18,2023-12-18 08:40:54,2023-12-18 16:37:08
2023-12-19,2023-12-19 08:41:34,2023-12-19 16:37:28
2023-12-20,2023-12-20 08:42:11,2023-12-20 16:37:51
2023-12-21,2023-12-21 08:42:45,2023-12-21 16:38:18
2023-12-22,2023-12-22 08:43:16,2023-12-22 16:38:47
2023-12-23,2023-12-23 08:43:43,2023-12-23 16:39:20
2023-12-24,2023-12-24 08:44:08,2023-12-24 16:39:56
2023-12-25,2023-12-25 08:44:29,2023-12-25 16:40:36
2023-12-26,2023-12-26 08:44:47,2023-12-26 16:41:18
2023-12-27,2023-12-27 08:45:02,2023-12-27 16:42:03
2023-12-28,2023-12-28 08:45:13,2023-12-28 16:42:52
2023-12-29,2023-12-29 08:45:22,2023-12-29 16:43:43
2023-12-30,2023-12-30 08:45:26,2023-12-30 16:44:37
2023-12-31,2023-12-31 08:45:28,2023-12-31 16:45:34
2024-01-01,2024-01-01 08:45:27,2024-01-01 16:46:33
2024-01-02,2024-01-02 08:45:22,2024-01-02 16:47:36
2024-01-03,2024-01-03 08:45:14,2024-01-03 16:48:40
2024-01-04,2024-01-04 08:45:02,2024-01-04 16:49:48
2024-01-05,2024-01-05 08:44:47,2024-01-05 16:50:58
2024-01-06,2024-01-06 08:44:30,2024-01-06 16:52:10
2024-01-07,2024-01-07 08:44:09,2024-01-07 16:53:24
2024-01-08,2024-01-08 08:43:44,2024-01-08 16:54:41
2024-01-09,2024-01-09 08:43:17,2024-01-09 16:56:00
2024-01-10,2024-01-10 08:42:47,2024-01-10 16:57:21
2024-01-11,2024-01-11 08:42:13,2024-01-11 16:58:43
2024-01-12,2024-01-12 08:41:36,2024-01-12 17:00:08
2024-01-13,2024-01-13 08:40:57,2024-01-13 17:01:35
2024-01-14,2024-01-14 08:40:14,2024-01-14 17:03:03
2024-01-15,2024-01-15 08:39:29,2024-01-15 17:04:33
2024-01-16,2024-01-16 08:38:40,2024-01-16 17:06:04
2024-01-17,2024-01-17 08:37:49,2024-01-17 17:07:37
2024-01-18,2024-01-18 08:36:55,2024-01-18 17:09:11
2024-01-19,2024-01-19 08:35:59,2024-01-19 17:10:47
2024-01-20,2024-01-20 08:34:59,2024-01-20 17:12:23
2024-01-21,2024-01-21 08:33:57,2024-01-21 17:14:01
2024-01-22,2024-01-22 08:32:53,2024-01-22 17:15:40
2024-01-23,2024-01-23 08:31:46,2024-01-23 17:17:20
2024-01-24,2024-01-24 08:30:36,2024-01-24 17:19:01
2024-01-25,2024-01-25 08:29:24,2024-01-25 17:20:43
2024-01-26,2024-01-26 08:28:09,2024-01-26 17:22:25
2024-01-27,2024-01-27 08:26:53,2024-01-27 17:24:09
2024-01-28,2024-01-28 08:25:34,2024-01-28 17:25:52
2024-01-29,2024-01-29 08:24:13,2024-01-29 17:27:37
2024-01-30,2024-01-30 08:22:49,2024-01-30 17:29:22
2024-01-31,2024-01-31 08:21:24,2024-01-31 17:31:07
2024-02-01,2024-02-01 08:19:56,2024-02-01 17:32:53
2024-02-02,2024-02-02 08:18:26,2024-02-02 17:34:39
2024-02-03,2024-02-03 08:16:55,2024-02-03 17:36:26
2024-02-04,2024-02-04 08:15:21,2024-02-04 17:38:12
2024-02-05,2024-02-05 08:13:46,2024-02-05 17:39:59
2024-02-06,2024-02-06 08:12:09,2024-02-06 17:41:46
2024-02-07,2024-02-07 08:10:30,2024-02-07 17:43:34
2024-02-08,2024-02-08 08:08:50,2024-02-08 17:45:21
2024-02-09,2024-02-09 08:07:08,2024-02-09 17:47:08
2024-02-10,2024-02-10 08:05:24,2024-02-10 17:48:55
2024-02-11,2024-02-11 08:03:38,2024-02-11 17:50:43
2024-02-12,2024-02-12 08:01:52,2024-02-12 17:52:30
2024-02-13,2024-02-13 08:00:03,2024-02-13 17:54:17
2024-02-14,2024-02-14 07:58:14,2024-02-14 17:56:04
2024-02-15,2024-02-15 07:56:22,2024-02-15 17:57:51
2024-02-16,2024-02-16 07:54:30,2024-02-16 17:59:38
2024-02-17,2024-02-17 07:52:36,2024-02-17 18:01:24
2024-02-18,2024-02-18 07:50:41,2024-02-18 18:03:11
2024-02-19,2024-02-19 07:48:45,2024-02-19 18:04:57
2024-02-20,2024-02-20 07:46:48,2024-02-20 18:06:43
2024-02-21,2024-02-21 07:44:50,2024-02-21 18:08:28
2024-02-22,2024-02-22 07:42:50,2024-02-22 18:10:14
2024-02-23,2024-02-23 07:40:50,2024-02-23 18:11:59
2024-02-24,2024-02-24 07:38:48,2024-02-24 18:13:44
2024-02-25,2024-02-25 07:36:46,2024-02-25 18:15:28
2024-02-26,2024-02-26 07:34:43,2024-02-26 18:17:13
2024-02-27,2024-02-27 07:32:39,2024-02-27 18:18:57
2024-02-28,2024-02-28 07:30:34,2024-02-28 18:20:40
2024-02-29,2024-02-29 07:28:28,2024-02-29 18:22:24
2024-03-01,2024-03-01 07:26:22,2024-03-01 18:24:07
2024-03-02,2024-03-02 07:24:15,2024-03-02 18:25:50
2024-03-03,2024-03-03 07:22:07,2024-03-03 18:27:33
2024-03-04,2024-03-04 07:19:58,2024-03-04 18:29:15
2024-03-05,2024-03-05 07:17:49,2024-03-05 18:30:57
2024-03-06,2024-03-06 07:15:40,2024-03-06 18:32:39
2024-03-07,2024-03-07 07:13:29,2024-03-07 18:34:20
2024-03-08,2024-03-08 07:11:19,2024-03-08 18:36:02
2024-03-09,2024-03-09 07:09:08,2024-03-09 18:37:43
2024-03-10,2024-03-10 07:06:56,2024-03-10 18:39:24
2024-03-11,2024-03-11 07:04:44,2024-03-11 18:41:04
2024-03-12,2024-03-12 07:02:32,2024-03-12 18:42:45
2024-03-13,2024-03-13 07:00:19,2024-03-13 18:44:25
2024-03-14,2024-03-14 06:58:06,2024-03-14 18:46:05
2024-03-15,2024-03-15 06:55:53,2024-03-15 18:47:44
2024-03-16,2024-03-16 06:53:40,2024-03-16 18:49:24
2024-03-17,2024-03-17 06:51:26,2024-03-17 18:51:03
2024-03-18,2024-03-18 06:49:12,2024-03-18 18:52:42
2024-03-19,2024-03-19 06:46:58,2024-03-19 18:54:21
2024-03-20,2024-03-20 06:44:44,2024-03-20 18:56:00
2024-03-21,2024-03-21 06:42:30,2024-03-21 18:57:39
2024-03-22,2024-03-22 06:40:16,2024-03-22 18:59:18
2024-03-23,2024-03-23 06:38:02,2024-03-23 19:00:56
2024-03-24,2024-03-24 06:35:47,2024-03-24 19:02:34
2024-03-25,2024-03-25 06:33:33,2024-03-25 19:04:13
2024-03-26,2024-03-26 06:31:19,2024-03-26 19:05:51
2024-03-27,2024-03-27 06:29:05,2024-03-27 19:07:29
2024-03-28,2024-03-28 06:26:51,2024-03-28 19:09:07
2024-03-29,2024-03-29 06:24:37,2024-03-29 19:10:45
2024-03-30,2024-03-30 06:22:24,2024-03-30 19:12:23
2024-03-31,2024-03-31 07:20:10,2024-03-31 20:14:01
2024-04-01,2024-04-01 07:17:57,2024-04-01 20:15:38
2024-04-02,2024-04-02 07:15:45,2024-04-02 20:17:16
2024-04-03,2024-04-03 07:13:32,2024-04-03 20:18:54
2024-04-04,2024-04-04 07:11:20,2024-04-04 20:20:32
2024-04-05,2024-04-05 07:09:08,2024-04-05 20:22:09
2024-04-06,2024-04-06 07:06:57,2024-04-06 20:23:47
2024-04-07,2024-04-07 07:04:46,2024-04-07 20:25:25
2024-04-08,2024-04-08 07:02:35,2024-04-08 20:27:02
2024-04-09,2024-04-09 07:00:26,2024-04-09 20:28:40
2024-04-10,2024-04-10 06:58:16,2024-04-10 20:30:18
2024-04-11,2024-04-11 06:56:07,2024-04-11 20:31:55
2024-04-12,2024-04-12 06:53:59,2024-04-12 20:33:33
2024-04-13,2024-04-13 06:51:51,2024-04-13 20:35:10
2024-04-14,2024-04-14 06:49:44,2024-04-14 20:36:48
2024-04-15,2024-04-15 06:47:38,2024-04-15 20:38:26
2024-04-16,2024-04-16 06:45:33,2024-04-16 20:40:03
2024-04-17,2024-04-17 06:43:28,2024-04-17 20:41:41
2024-04-18,2024-04-18 06:41:24,2024-04-18 20:43:18
2024-04-19,2024-04-19 06:39:21,2024-04-19 20:44:55
2024-04-20,2024-04-20 06:37:19,2024-04-20 20:46:33
2024-04-21,2024-04-21 06:35:18,2024-04-21 20:48:10
2024-04-22,2024-04-22 06:33:17,2024-04-22 20:49:47
2024-04-23,2024-04-23 06:31:18,2024-04-23 20:51:24
2024-04-24,2024-04-24 06:29:20,2024-04-24 20:53:01
2024-04-25,2024-04-25 06:27:22,2024-04-25 20:54:38
2024-04-26,2024-04-26 06:25:26,2024-04-26 20:56:15
2024-04-27,2024-04-27 06:23:31,2024-04-27 20:57:51
2024-04-28,2024-04-28 06:21:38,2024-04-28 20:59:27
2024-04-29,2024-04-29 06:19:45,2024-04-29 21:01:03
2024-04-30,2024-04-30 06:17:54,2024-04-30 21:02:39
2024-05-01,2024-05-01 06:16:04,2024-05-01 21:04:15
2024-05-02,2024-05-02 06:14:16,2024-05-02 21:05:50
2024-05-03,2024-05-03 06:12:29,2024-05-03 21:07:24
2024-05-04,2024-05-04 06:10:43,2024-05-04 21:08:59
2024-05-05,2024-05-05 06:08:59,2024-05-05 21:10:33
2024-05-06,2024-05-06 06:07:16,2024-05-06 21:12:06
2024-05-07,2024-05-07 06:05:35,2024-05-07 21:13:39
2024-05-08,2024-05-08 06:03:56,2024-05-08 21:15:12
2024-05-09,2024-05-09 06:02:18,2024-05-09 21:16:44
2024-05-10,2024-05-10 06:00:42,2024-05-10 21:18:15
2024-05-11,2024-05-11 05:59:08,2024-05-11 21:19:46
2024-05-12,2024-05-12 05:57:36,2024-05-12 21:21:16
2024-05-13,2024-05-13 05:56:05,2024-05-13 21:22:45
2024-05-14,2024-05-14 05:54:37,2024-05-14 21:24:13
2024-05-15,2024-05-15 05:53:10,2024-05-15 21:25:40
2024-05-16,2024-05-16 05:51:46,2024-05-16 21:27:07
2024-05-17,2024-05-17 05:50:23,2024-05-17 21:28:32
2024-05-18,2024-05-18 05:49:03,2024-05-18 21:29:57
2024-05-19,2024-05-19 05:47:45,2024-05-19 21:31:20
2024-05-20,2024-05-20 05:46:29,2024-05-20 21:32:42
2024-05-21,2024-05-21 05:45:15,2024-05-21 21:34:03
2024-05-22,2024-05-22 05:44:04,2024-05-22 21:35:23
2024-05-23,2024-05-23 05:42:55,2024-05-23 21:36:41
2024-05-24,2024-05-24 05:41:48,2024-05-24 21:37:58
2024-05-25,2024-05-25 05:40:44,2024-05-25 21:39:13
2024-05-26,2024-05-26 05:39:42,2024-05-26 21:40:27
2024-05-27,2024-05-27 05:38:43,2024-05-27 21:41:39
2024-05-28,2024-05-28 05:37:46,2024-05-28 21:42:49
2024-05-29,2024-05-29 05:36:52,2024-05-29 21:43:58
2024-05-30,2024-05-30 05:36:01,2024-05-30 21:45:05
2024-05-31,2024-05-31 05:35:12,2024-05-31 21:46:10
2024-06-01,2024-06-01 05:34:26,2024-06-01 21:47:12
2024-06-02,2024-06-02 05:33:43,2024-06-02 21:48:13
2024-06-03,2024-06-03 05:33:02,2024-06-03 21:49:12
2024-06-04,2024-06-04 05:32:25,2024-06-04 21:50:09
2024-06-05,2024-06-05 05:31:50,2024-06-05 21:51:03
2024-06-06,2024-06-06 05:31:18,2024-06-06 21:51:55
2024-06-07,2024-06-07 05:30:49,2024-06-07 21:52:45
2024-06-08,2024-06-08 05:30:23,2024-06-08 21:53:32
2024-06-09,2024-06-09 05:30:00,2024-06-09 21:54:17
2024-06-10,2024-06-10 05:29:40,2024-06-10 21:55:00
2024-06-11,2024-06-11 05:29:23,2024-06-11 21:55:39
2024-06-12,2024-06-12 05:29:08,2024-06-12 21:56:17
2024-06-13,2024-06-13 05:28:57,2024-06-13 21:56:51
2024-06-14,2024-06-14 05:28:49,2024-06-14 21:57:23
2024-06-15,2024-06-15 05:28:44,2024-06-15 21:57:52
2024-06-16,2024-06-16 05:28:41,2024-06-16 21:58:18
2024-06-17,2024-06-17 05:28:42,2024-06-17 21:58:41
2024-06-18,2024-06-18 05:28:46,2024-06-18 21:59:02
2024-06-19,2024-06-19 05:28:52,2024-06-19 21:59:19
2024-06-20,2024-06-20 05:29:02,2024-06-20 21:59:34
2024-06-21,2024-06-21 05:29:14,2024-06-21 21:59:46
2024-06-22,2024-06-22 05:29:29,2024-06-22 21:59:54
2024-06-23,2024-06-23 05:29:47,2024-06-23 22:00:00
2024-06-24,2024-06-24 05:30:08,2024-06-24 22:00:03
2024-06-25,2024-06-25 05:30:32,2024-06-25 22:00:02
2024-06-26,2024-06-26 05:30:59,2024-06-26 21:59:59
2024-06-27,2024-06-27 05:31:28,2024-06-27 21:59:53
2024-06-28,2024-06-28 05:32:00,2024-06-28 21:59:43
2024-06-29,2024-06-29 05:32:35,2024-06-29 21:59:31
2024-06-30,2024-06-30 05:33:12,2024-06-30 21:59:15
2024-07-01,2024-07-01 05:33:51,2024-07-01 21:58:57
2024-07-02,2024-07-02 05:34:34,2024-07-02 21:58:35
2024-07-03,2024-07-03 05:35:18,2024-07-03 21:58:11
2024-07-04,2024-07-04 05:36:05,2024-07-04 21:57:44
2024-07-05,2024-07-05 05:36:54,2024-07-05 21:57:13
2024-07-06,2024-07-06 05:37:46,2024-07-06 21:56:40
2024-07-07,2024-07-07 05:38:40,2024-07-07 21:56:04
2024-07-08,2024-07-08 05:39:35,2024-07-08 21:55:25
2024-07-09,2024-07-09 05:40:33,2024-07-09 21:54:43
2024-07-10,2024-07-10 05:41:33,2024-07-10 21:53:58
2024-07-11,2024-07-11 05:42:35,2024-07-11 21:53:11
2024-07-12,2024-07-12 05:43:39,2024-07-12 21:52:20
2024-07-13,2024-07-13 05:44:44,2024-07-13 21:51:28
2024-07-14,2024-07-14 05:45:51,2024-07-14 21:50:32
2024-07-15,2024-07-15 05:47:00,2024-07-15 21:49:34
2024-07-16,2024-07-16 05:48:11,2024-07-16 21:48:33
2024-07-17,2024-07-17 05:49:23,2024-07-17 21:47:30
2024-07-18,2024-07-18 05:50:36,2024-07-18 21:46:24
2024-07-19,2024-07-19 05:51:51,2024-07-19 21:45:16
2024-07-20,2024-07-20 05:53:07,2024-07-20 21:44:05
2024-07-21,2024-07-21 05:54:24,2024-07-21 21:42:52
2024-07-22,2024-07-22 05:55:43,2024-07-22 21:41:37
2024-07-23,2024-07-23 05:57:03,2024-07-23 21:40:20
2024-07-24,2024-07-24 05:58:24,2024-07-24 21:39:00
2024-07-25,2024-07-25 05:59:45,2024-07-25 21:37:38
2024-07-26,2024-07-26 06:01:08,2024-07-26 21:36:14
2024-07-27,2024-07-27 06:02:32,2024-07-27 21:34:48
2024-07-28,2024-07-28 06:03:56,2024-07-28 21:33:20
2024-07-29,2024-07-29 06:05:22,2024-07-29 21:31:50
2024-07-30,2024-07-30 06:06:48,2024-07-30 21:30:18
2024-07-31,2024-07-31 06:08:15,2024-07-31 21:28:44
2024-08-01,2024-08-01 06:09:42,2024-08-01 21:27:09
2024-08-02,2024-08-02 06:11:10,2024-08-02 21:25:31
2024-08-03,2024-08-03 06:12:39,2024-08-03 21:23:52
2024-08-04,2024-08-04 06:14:08,2024-08-04 21:22:11
2024-08-05,2024-08-05 06:15:37,2024-08-05 21:20:29
2024-08-06,2024-08-06 06:17:07,2024-08-06 21:18:45
2024-08-07,2024-08-07 06:18:38,2024-08-07 21:16:59
2024-08-08,2024-08-08 06:20:08,2024-08-08 21:15:12
2024-08-09,2024-08-09 06:21:39,2024-08-09 21:13:24
2024-08-10,2024-08-10 06:23:11,2024-08-10 21:11:34
2024-08-11,2024-08-11 06:24:42,2024-08-11 21:09:43
2024-08-12,2024-08-12 06:26:14,2024-08-12 21:07:50
2024-08-13,2024-08-13 06:27:46,2024-08-13 21:05:56
2024-08-14,2024-08-14 06:29:18,2024-08-14 21:04:01
2024-08-15,2024-08-15 06:30:50,2024-08-15 21:02:05
2024-08-16,2024-08-16 06:32:23,2024-08-16 21:00:07
2024-08-17,2024-08-17 06:33:55,2024-08-17 20:58:09
2024-08-18,2024-08-18 06:35:28,2024-08-18 20:56:09
2024-08-19,2024-08-19 06:37:01,2024-08-19 20:54:08
2024-08-20,2024-08-20 06:38:34,2024-08-20 20:52:07
2024-08-21,2024-08-21 06:40:06,2024-08-21 20:50:04
2024-08-22,2024-08-22 06:41:39,2024-08-22 20:48:01
2024-08-23,2024-08-23 06:43:12,2024-08-23 20:45:56
2024-08-24,2024-08-24 06:44:45,2024-08-24 20:43:51
2024-08-25,2024-08-25 06:46:18,2024-08-25 20:41:45
2024-08-26,2024-08-26 06:47:51,2024-08-26 20:39:38
2024-08-27,2024-08-27 06:49:24,2024-08-27 20:37:31
2024-08-28,2024-08-28 06:50:57,2024-08-28 20:35:22
2024-08-29,2024-08-29 06:52:30,2024-08-29 20:33:13
2024-08-30,2024-08-30 06:54:03,2024-08-30 20:31:04
2024-08-31,2024-08-31 06:55:35,2024-08-31 20:28:54
2024-09-01,2024-09-01 06:57:08,2024-09-01 20:26:43
2024-09-02,2024-09-02 06:58:41,2024-09-02 20:24:32
2024-09-03,2024-09-03 07:00:14,2024-09-03 20:22:20
2024-09-04,2024-09-04 07:01:47,2024-09-04 20:20:08
2024-09-05,2024-09-05 07:03:19,2024-09-05 20:17:55
2024-09-06,2024-09-06 07:04:52,2024-09-06 20:15:42
2024-09-07,2024-09-07 07:06:25,2024-09-07 20:13:28
2024-09-08,2024-09-08 07:07:58,2024-09-08 20:11:14
2024-09-09,2024-09-09 07:09:30,2024-09-09 20:09:00
2024-09-10,2024-09-10 07:11:03,2024-09-10 20:06:46
2024-09-11,2024-09-11 07:12:36,2024-09-11 20:04:31
2024-09-12,2024-09-12 07:14:09,2024-09-12 20:02:16
2024-09-13,2024-09-13 07:15:42,2024-09-13 20:00:01
2024-09-14,2024-09-14 07:17:15,2024-09-14 19:57:45
2024-09-15,2024-09-15 07:18:48,2024-09-15 19:55:30
2024-09-16,2024-09-16 07:20:21,2024-09-16 19:53:14
2024-09-17,2024-09-17 07:21:54,2024-09-17 19:50:59
2024-09-18,2024-09-18 07:23:27,2024-09-18 19:48:43
2024-09-19,2024-09-19 07:25:00,2024-09-19 19:46:27
2024-09-20,2024-09-20 07:26:34,2024-09-20 19:44:11
2024-09-21,2024-09-21 07:28:07,2024-09-21 19:41:56
2024-09-22,2024-09-22 07:29:41,2024-09-22 19:39:40
2024-09-23,2024-09-23 07:31:15,2024-09-23 19:37:24
2024-09-24,2024-09-24 07:32:48,2024-09-24 19:35:09
2024-09-25,2024-09-25 07:34:23,2024-09-25 19:32:53
2024-09-26,2024-09-26 07:35:57,2024-09-26 19:30:38
2024-09-27,2024-09-27 07:37:31,2024-09-27 19:28:23
2024-09-28,2024-09-28 07:39:06,2024-09-28 19:26:09
2024-09-29,2024-09-29 07:40:41,2024-09-29 19:23:54
2024-09-30,2024-09-30 07:42:16,2024-09-30 19:21:40
2024-10-01,2024-10-01 07:43:51,2024-10-01 19:19:26
2024-10-02,2024-10-02 07:45:26,2024-10-02 19:17:13
2024-10-03,2024-10-03 07:47:02,2024-10-03 19:15:00
2024-10-04,2024-10-04 07:48:38,2024-10-04 19:12:47
2024-10-05,2024-10-05 07:50:14,2024-10-05 19:10:35
2024-10-06,2024-10-06 07:51:51,2024-10-06 19:08:23
2024-10-07,2024-10-07 07:53:28,2024-10-07 19:06:12
2024-10-08,2024-10-08 07:55:05,2024-10-08 19:04:01
2024-10-09,2024-10-09 07:56:42,2024-10-09 19:01:51
2024-10-10,2024-10-10 07:58:20,2024-10-10 18:59:42
2024-10-11,2024-10-11 07:59:58,2024-10-11 18:57:33
2024-10-12,2024-10-12 08:01:36,2024-10-12 18:55:25
2024-10-13,2024-10-13 08:03:15,2024-10-13 18:53:18
2024-10-14,2024-10-14 08:04:53,2024-10-14 18:51:11
2024-10-15,2024-10-15 08:06:33,2024-10-15 18:49:05
2024-10-16,2024-10-16 08:08:12,2024-10-16 18:47:01
2024-10-17,2024-10-17 08:09:52,2024-10-17 18:44:57
2024-10-18,2024-10-18 08:11:32,2024-10-18 18:42:53
2024-10-19,2024-10-19 08:13:12,2024-10-19 18:40:51
2024-10-20,2024-10-20 08:14:53,2024-10-20 18:38:50
2024-10-21,2024-10-21 08:16:34,2024-10-21 18:36:50
2024-10-22,2024-10-22 08:18:15,2024-10-22 18:34:51
2024-10-23,2024-10-23 08:19:57,2024-10-23 18:32:53
2024-10-24,2024-10-24 08:21:39,2024-10-24 18:30:57
2024-10-25,2024-10-25 08:23:21,2024-10-25 18:29:01
2024-10-26,2024-10-26 08:25:03,2024-10-26 18:27:07
2024-10-27,2024-10-27 07:26:45,2024-10-27 17:25:14
2024-10-28,2024-10-28 07:28:28,2024-10-28 17:23:22
2024-10-29,2024-10-29 07:30:11,2024-10-29 17:21:32
2024-10-30,2024-10-30 07:31:54,2024-10-30 17:19:43
2024-10-31,2024-10-31 07:33:37,2024-10-31 17:17:56
2024-11-01,2024-11-01 07:35:20,2024-11-01 17:16:10
2024-11-02,2024-11-02 07:37:03,2024-11-02 17:14:26
2024-11-03,2024-11-03 07:38:47,2024-11-03 17:12:44
2024-11-04,2024-11-04 07:40:30,2024-11-04 17:11:03
2024-11-05,2024-11-05 07:42:13,2024-11-05 17:09:24
2024-11-06,2024-11-06 07:43:57,2024-11-06 17:07:46
2024-11-07,2024-11-07 07:45:40,2024-11-07 17:06:11
2024-11-08,2024-11-08 07:47:23,2024-11-08 17:04:37
2024-11-09,2024-11-09 07:49:05,2024-11-09 17:03:06
2024-11-10,2024-11-10 07:50:48,2024-11-10 17:01:36
2024-11-11,2024-11-11 07:52:30,2024-11-11 17:00:08
2024-11-12,2024-11-12 07:54:12,2024-11-12 16:58:43
2024-11-13,2024-11-13 07:55:53,2024-11-13 16:57:19
2024-11-14,2024-11-14 07:57:34,2024-11-14 16:55:58
2024-11-15,2024-11-15 07:59:14,2024-11-15 16:54:39
2024-11-16,2024-11-16 08:00:54,2024-11-16 16:53:22
2024-11-17,2024-11-17 08:02:33,2024-11-17 16:52:08
2024-11-18,2024-11-18 08:04:12,2024-11-18 16:50:56
2024-11-19,2024-11-19 08:05:49,2024-11-19 16:49:47
2024-11-20,2024-11-20 08:07:26,2024-11-20 16:48:40
2024-11-21,2024-11-21 08:09:02,2024-11-21 16:47:35
2024-11-22,2024-11-22 08:10:37,2024-11-22 16:46:33
2024-11-23,2024-11-23 08:12:11,2024-11-23 16:45:34
2024-11-24,2024-11-24 08:13:43,2024-11-24 16:44:38
2024-11-25,2024-11-25 08:15:15,2024-11-25 16:43:44
2024-11-26,2024-11-26 08:16:45,2024-11-26 16:42:53
2024-11-27,2024-11-27 08:18:13,2024-11-27 16:42:06
2024-11-28,2024-11-28 08:19:40,2024-11-28 16:41:20
2024-11-29,2024-11-29 08:21:06,2024-11-29 16:40:38
2024-11-30,2024-11-30 08:22:30,2024-11-30 16:39:59
2024-12-01,2024-12-01 08:23:52,2024-12-01 16:39:23
2024-12-02,2024-12-02 08:25:12,2024-12-02 16:38:50
2024-12-03,2024-12-03 08:26:30,2024-12-03 16:38:20
2024-12-04,2024-12-04 08:27:47,2024-12-04 16:37:54
2024-12-05,2024-12-05 08:29:01,2024-12-05 16:37:30
2024-12-06,2024-12-06 08:30:13,2024-12-06 16:37:10
2024-12-07,2024-12-07 08:31:23,2024-12-07 16:36:53
2024-12-08,2024-12-08 08:32:31,2024-12-08 16:36:39
2024-12-09,2024-12-09 08:33:36,2024-12-09 16:36:28
2024-12-10,2024-12-10 08:34:39,2024-12-10 16:36:21
2024-12-11,2024-12-11 08:35:39,2024-12-11 16:36:17
2024-12-12,2024-12-12 08:36:37,2024-12-12 16:36:17
2024-12-13,2024-12-13 08:37:32,2024-12-13 16:36:19
2024-12-14,2024-12-14 08:38:24,2024-12-14 16:36:25
2024-12-15,2024-12-15 08:39:14,2024-12-15 16:36:35
2024-12-16,2024-12-16 08:40:00,2024-12-16 16:36:47
2024-12-17,2024-12-17 08:40:44,2024-12-17 16:37:03
2024-12-18,2024-12-18 08:41:25,2024-12-18 16:37:22
2024-12-19,2024-12-19 08:42:02,2024-12-19 16:37:45
2024-12-20,2024-12-20 08:42:37,2024-12-20 16:38:11
2024-12-21,2024-12-21 08:43:08,2024-12-21 16:38:40
2024-12-22,2024-12-22 08:43:37,2024-12-22 16:39:12
2024-12-23,2024-12-23 08:44:02,2024-12-23 16:39:47
2024-12-24,2024-12-24 08:44:24,2024-12-24 16:40:26
2024-12-25,2024-12-25 08:44:43,2024-12-25 16:41:07
2024-12-26,2024-12-26 08:44:58,2024-12-26 16:41:52
2024-12-27,2024-12-27 08:45:11,2024-12-27 16:42:40
2024-12-28,2024-12-28 08:45:20,2024-12-28 16:43:30
2024-12-29,2024-12-29 08:45:25,2024-12-29 16:44:23
2024-12-30,2024-12-30 08:45:28,2024-12-30 16:45:20
2024-12-31,2024-12-31 08:45:27,2024-12-31 16:46:19
2025-01-01,2025-01-01 08:45:23,2025-01-01 16:47:20
2025-01-02,2025-01-02 08:45:16,2025-01-02 16:48:24
2025-01-03,2025-01-03 08:45:05,2025-01-03 16:49:31
2025-01-04,2025-01-04 08:44:51,2025-01-04 16:50:40
2025-01-05,2025-01-05 08:44:34,2025-01-05 16:51:52
2025-01-06,2025-01-06 08:44:14,2025-01-06 16:53:06
2025-01-07,2025-01-07 08:43:50,2025-01-07 16:54:22
2025-01-08,2025-01-08 08:43:24,2025-01-08 16:55:40
2025-01-09,2025-01-09 08:42:54,2025-01-09 16:57:01
2025-01-10,2025-01-10 08:42:21,2025-01-10 16:58:23
2025-01-11,2025-01-11 08:41:45,2025-01-11 16:59:47
2025-01-12,2025-01-12 08:41:06,2025-01-12 17:01:13
2025-01-13,2025-01-13 08:40:25,2025-01-13 17:02:41
2025-01-14,2025-01-14 08:39:40,2025-01-14 17:04:11
2025-01-15,2025-01-15 08:38:52,2025-01-15 17:05:42
2025-01-16,2025-01-16 08:38:02,2025-01-16 17:07:14
2025-01-17,2025-01-17 08:37:08,2025-01-17 17:08:48
2025-01-18,2025-01-18 08:36:12,2025-01-18 17:10:23
2025-01-19,2025-01-19 08:35:14,2025-01-19 17:12:00
2025-01-20,2025-01-20 08:34:12,2025-01-20 17:13:38
2025-01-21,2025-01-21 08:33:08,2025-01-21 17:15:16
2025-01-22,2025-01-22 08:32:02,2025-01-22 17:16:56
2025-01-23,2025-01-23 08:30:53,2025-01-23 17:18:37
2025-01-24,2025-01-24 08:29:41,2025-01-24 17:20:18
2025-01-25,2025-01-25 08:28:28,2025-01-25 17:22:00
2025-01-26,2025-01-26 08:27:11,2025-01-26 17:23:44
2025-01-27,2025-01-27 08:25:53,2025-01-27 17:25:27
2025-01-28,2025-01-28 08:24:32,2025-01-28 17:27:12
2025-01-29,2025-01-29 08:23:09,2025-01-29 17:28:56
2025-01-30,2025-01-30 08:21:44,2025-01-30 17:30:42
2025-01-31,2025-01-31 08:20:17,2025-01-31 17:32:27
2025-02-01,2025-02-01 08:18:48,2025-02-01 17:34:13
2025-02-02,2025-02-02 08:17:17,2025-02-02 17:36:00
2025-02-03,2025-02-03 08:15:44,2025-02-03 17:37:47
2025-02-04,2025-02-04 08:14:09,2025-02-04 17:39:33
2025-02-05,2025-02-05 08:12:33,2025-02-05 17:41:20
2025-02-06,2025-02-06 08:10:54,2025-02-06 17:43:08
2025-02-07,2025-02-07 08:09:14,2025-02-07 17:44:55
2025-02-08,2025-02-08 08:07:32,2025-02-08 17:46:42
2025-02-09,2025-02-09 08:05:49,2025-02-09 17:48:29
2025-02-10,2025-02-10 08:04:04,2025-02-10 17:50:17
2025-02-11,2025-02-11 08:02:17,2025-02-11 17:52:04
2025-02-12,2025-02-12 08:00:29,2025-02-12 17:53:51
2025-02-13,2025-02-13 07:58:40,2025-02-13 17:55:38
2025-02-14,2025-02-14 07:56:49,2025-02-14 17:57:25
2025-02-15,2025-02-15 07:54:57,2025-02-15 17:59:12
2025-02-16,2025-02-16 07:53:04,2025-02-16 18:00:58
2025-02-17,2025-02-17 07:51:09,2025-02-17 18:02:45
2025-02-18,2025-02-18 07:49:13,2025-02-18 18:04:31
2025-02-19,2025-02-19 07:47:16,2025-02-19 18:06:17
2025-02-20,2025-02-20 07:45:18,2025-02-20 18:08:03
2025-02-21,2025-02-21 07:43:19,2025-02-21 18:09:48
2025-02-22,2025-02-22 07:41:19,2025-02-22 18:11:33
2025-02-23,2025-02-23 07:39:18,2025-02-23 18:13:18
2025-02-24,2025-02-24 07:37:16,2025-02-24 18:15:03
2025-02-25,2025-02-25 07:35:13,2025-02-25 18:16:47
2025-02-26,2025-02-26 07:33:09,2025-02-26 18:18:32
2025-02-27,2025-02-27 07:31:04,2025-02-27 18:20:15
2025-02-28,2025-02-28 07:28:59,2025-02-28 18:21:59
2025-03-01,2025-03-01 07:26:52,2025-03-01 18:23:42
2025-03-02,2025-03-02 07:24:45,2025-03-02 18:25:25
2025-03-03,2025-03-03 07:22:38,2025-03-03 18:27:08
2025-03-04,2025-03-04 07:20:29,2025-03-04 18:28:50
2025-03-05,2025-03-05 07:18:20,2025-03-05 18:30:33
2025-03-06,2025-03-06 07:16:11,2025-03-06 18:32:14
2025-03-07,2025-03-07 07:14:01,2025-03-07 18:33:56
2025-03-08,2025-03-08 07:11:50,2025-03-08 18:35:37
2025-03-09,2025-03-09 07:09:39,2025-03-09 18:37:18
2025-03-10,2025-03-10 07:07:28,2025-03-10 18:38:59
2025-03-11,2025-03-11 07:05:16,2025-03-11 18:40:40
2025-03-12,2025-03-12 07:03:04,2025-03-12 18:42:20
2025-03-13,2025-03-13 07:00:51,2025-03-13 18:44:01
2025-03-14,2025-03-14 06:58:38,2025-03-14 18:45:40
2025-03-15,2025-03-15 06:56:25,2025-03-15 18:47:20
2025-03-16,2025-03-16 06:54:12,2025-03-16 18:49:00
2025-03-17,2025-03-17 06:51:58,2025-03-17 18:50:39
2025-03-18,2025-03-18 06:49:44,2025-03-18 18:52:18
2025-03-19,2025-03-19 06:47:30,2025-03-19 18:53:57
2025-03-20,2025-03-20 06:45:16,2025-03-20 18:55:36
2025-03-21,2025-03-21 06:43:02,2025-03-21 18:57:15
2025-03-22,2025-03-22 06:40:48,2025-03-22 18:58:54
2025-03-23,2025-03-23 06:38:34,2025-03-23 19:00:32
2025-03-24,2025-03-24 06:36:20,2025-03-24 19:02:11
2025-03-25,2025-03-25 06:34:05,2025-03-25 19:03:49
2025-03-26,2025-03-26 06:31:51,2025-03-26 19:05:27
2025-03-27,2025-03-27 06:29:37,2025-03-27 19:07:05
2025-03-28,2025-03-28 06:27:23,2025-03-28 19:08:43
2025-03-29,2025-03-29 06:25:10,2025-03-29 19:10:21
2025-03-30,2025-03-30 07:22:56,2025-03-30 20:11:59
2025-03-31,2025-03-31 07:20:43,2025-03-31 20:13:37
2025-04-01,2025-04-01 07:18:29,2025-04-01 20:15:15
2025-04-02,2025-04-02 07:16:17,2025-04-02 20:16:53
2025-04-03,2025-04-03 07:14:04,2025-04-03 20:18:30
2025-04-04,2025-04-04 07:11:52,2025-04-04 20:20:08
2025-04-05,2025-04-05 07:09:40,2025-04-05 20:21:46
2025-04-06,2025-04-06 07:07:28,2025-04-06 20:23:23
2025-04-07,2025-04-07 07:05:17,2025-04-07 20:25:01
2025-04-08,2025-04-08 07:03:07,2025-04-08 20:26:39
2025-04-09,2025-04-09 07:00:57,2025-04-09 20:28:16
2025-04-10,2025-04-10 06:58:47,2025-04-10 20:29:54
2025-04-11,2025-04-11 06:56:38,2025-04-11 20:31:32
2025-04-12,2025-04-12 06:54:30,2025-04-12 20:33:09
2025-04-13,2025-04-13 06:52:22,2025-04-13 20:34:47
2025-04-14,2025-04-14 06:50:15,2025-04-14 20:36:25
2025-04-15,2025-04-15 06:48:09,2025-04-15 20:38:02
2025-04-16,2025-04-16 06:46:03,2025-04-16 20:39:40
2025-04-17,2025-04-17 06:43:58,2025-04-17 20:41:17
2025-04-18,2025-04-18 06:41:54,2025-04-18 20:42:55
2025-04-19,2025-04-19 06:39:51,2025-04-19 20:44:32
2025-04-20,2025-04-20 06:37:48,2025-04-20 20:46:09
2025-04-21,2025-04-21 06:35:47,2025-04-21 20:47:47
2025-04-22,2025-04-22 06:33:46,2025-04-22 20:49:24
2025-04-23,2025-04-23 06:31:47,2025-04-23 20:51:01
2025-04-24,2025-04-24 06:29:48,2025-04-24 20:52:38
2025-04-25,2025-04-25 06:27:51,2025-04-25 20:54:15
2025-04-26,2025-04-26 06:25:54,2025-04-26 20:55:51
2025-04-27,2025-04-27 06:23:59,2025-04-27 20:57:28
2025-04-28,2025-04-28 06:22:05,2025-04-28 20:59:04
2025-04-29,2025-04-29 06:20:12,2025-04-29 21:00:40
2025-04-30,2025-04-30 06:18:21,2025-04-30 21:02:16
2025-05-01,2025-05-01 06:16:31,2025-05-01 21:03:52
2025-05-02,2025-05-02 06:14:42,2025-05-02 21:05:27
2025-05-03,2025-05-03 06:12:54,2025-05-03 21:07:02
2025-05-04,2025-05-04 06:11:08,2025-05-04 21:08:36
2025-05-05,2025-05-05 06:09:24,2025-05-05 21:10:10
2025-05-06,2025-05-06 06:07:41,2025-05-06 21:11:44
2025-05-07,2025-05-07 06:05:59,2025-05-07 21:13:17
2025-05-08,2025-05-08 06:04:20,2025-05-08 21:14:50
2025-05-09,2025-05-09 06:02:42,2025-05-09 21:16:22
2025-05-10,2025-05-10 06:01:05,2025-05-10 21:17:53
2025-05-11,2025-05-11 05:59:31,2025-05-11 21:19:24
2025-05-12,2025-05-12 05:57:58,2025-05-12 21:20:54
2025-05-13,2025-05-13 05:56:27,2025-05-13 21:22:23
2025-05-14,2025-05-14 05:54:58,2025-05-14 21:23:52
2025-05-15,2025-05-15 05:53:31,2025-05-15 21:25:20
2025-05-16,2025-05-16 05:52:06,2025-05-16 21:26:46
2025-05-17,2025-05-17 05:50:43,2025-05-17 21:28:12
2025-05-18,2025-05-18 05:49:22,2025-05-18 21:29:37
2025-05-19,2025-05-19 05:48:03,2025-05-19 21:31:00
2025-05-20,2025-05-20 05:46:47,2025-05-20 21:32:23
2025-05-21,2025-05-21 05:45:33,2025-05-21 21:33:44
2025-05-22,2025-05-22 05:44:21,2025-05-22 21:35:04
2025-05-23,2025-05-23 05:43:11,2025-05-23 21:36:22
2025-05-24,2025-05-24 05:42:04,2025-05-24 21:37:39
2025-05-25,2025-05-25 05:40:59,2025-05-25 21:38:55
2025-05-26,2025-05-26 05:39:57,2025-05-26 21:40:09
2025-05-27,2025-05-27 05:38:57,2025-05-27 21:41:22
2025-05-28,2025-05-28 05:38:00,2025-05-28 21:42:33
2025-05-29,2025-05-29 05:37:05,2025-05-29 21:43:42
2025-05-30,2025-05-30 05:36:13,2025-05-30 21:44:49
2025-05-31,2025-05-31 05:35:24,2025-05-31 21:45:54
2025-06-01,2025-06-01 05:34:37,2025-06-01 21:46:58
2025-06-02,2025-06-02 05:33:53,2025-06-02 21:47:59
2025-06-03,2025-06-03 05:33:12,2025-06-03 21:48:58
2025-06-04,2025-06-04 05:32:34,2025-06-04 21:49:55
2025-06-05,2025-06-05 05:31:58,2025-06-05 21:50:50
2025-06-06,2025-06-06 05:31:26,2025-06-06 21:51:43
2025-06-07,2025-06-07 05:30:56,2025-06-07 21:52:33
2025-06-08,2025-06-08 05:30:29,2025-06-08 21:53:21
2025-06-09,2025-06-09 05:30:05,2025-06-09 21:54:07
2025-06-10,2025-06-10 05:29:45,2025-06-10 21:54:50
2025-06-11,2025-06-11 05:29:27,2025-06-11 21:55:30
2025-06-12,2025-06-12 05:29:12,2025-06-12 21:56:08
2025-06-13,2025-06-13 05:29:00,2025-06-13 21:56:43
2025-06-14,2025-06-14 05:28:51,2025-06-14 21:57:15
2025-06-15,2025-06-15 05:28:45,2025-06-15 21:57:45
2025-06-16,2025-06-16 05:28:42,2025-06-16 21:58:12
2025-06-17,2025-06-17 05:28:42,2025-06-17 21:58:36
2025-06-18,2025-06-18 05:28:45,2025-06-18 21:58:57
2025-06-19,2025-06-19 05:28:50,2025-06-19 21:59:15
2025-06-20,2025-06-20 05:28:59,2025-06-20 21:59:31
2025-06-21,2025-06-21 05:29:11,2025-06-21 21:59:43
2025-06-22,2025-06-22 05:29:26,2025-06-22 21:59:53
2025-06-23,2025-06-23 05:29:43,2025-06-23 21:59:59
2025-06-24,2025-06-24 05:30:03,2025-06-24 22:00:02
2025-06-25,2025-06-25 05:30:26,2025-06-25 22:00:03
2025-06-26,2025-06-26 05:30:52,2025-06-26 22:00:00
2025-06-27,2025-06-27 05:31:21,2025-06-27 21:59:55
2025-06-28,2025-06-28 05:31:52,2025-06-28 21:59:46
2025-06-29,2025-06-29 05:32:26,2025-06-29 21:59:34
2025-06-30,2025-06-30 05:33:03,2025-06-30 21:59:19
2025-07-01,2025-07-01 05:33:42,2025-07-01 21:59:02
2025-07-02,2025-07-02 05:34:23,2025-07-02 21:58:41
2025-07-03,2025-07-03 05:35:07,2025-07-03 21:58:17
2025-07-04,2025-07-04 05:35:54,2025-07-04 21:57:50
2025-07-05,2025-07-05 05:36:42,2025-07-05 21:57:21
2025-07-06,2025-07-06 05:37:33,2025-07-06 21:56:48
2025-07-07,2025-07-07 05:38:27,2025-07-07 21:56:13
2025-07-08,2025-07-08 05:39:22,2025-07-08 21:55:34
2025-07-09,2025-07-09 05:40:19,2025-07-09 21:54:53
2025-07-10,2025-07-10 05:41:19,2025-07-10 21:54:09
2025-07-11,2025-07-11 05:42:20,2025-07-11 21:53:22
2025-07-12,2025-07-12 05:43:23,2025-07-12 21:52:33
2025-07-13,2025-07-13 05:44:28,2025-07-13 21:51:41
2025-07-14,2025-07-14 05:45:35,2025-07-14 21:50:46
2025-07-15,2025-07-15 05:46:44,2025-07-15 21:49:48
2025-07-16,2025-07-16 05:47:54,2025-07-16 21:48:48
2025-07-17,2025-07-17 05:49:05,2025-07-17 21:47:45
2025-07-18,2025-07-18 05:50:18,2025-07-18 21:46:40
2025-07-19,2025-07-19 05:51:33,2025-07-19 21:45:33
2025-07-20,2025-07-20 05:52:49,2025-07-20 21:44:23
2025-07-21,2025-07-21 05:54:06,2025-07-21 21:43:10
2025-07-22,2025-07-22 05:55:24,2025-07-22 21:41:55
2025-07-23,2025-07-23 05:56:44,2025-07-23 21:40:39
2025-07-24,2025-07-24 05:58:04,2025-07-24 21:39:19
2025-07-25,2025-07-25 05:59:26,2025-07-25 21:37:58
2025-07-26,2025-07-26 06:00:48,2025-07-26 21:36:35
2025-07-27,2025-07-27 06:02:12,2025-07-27 21:35:09
2025-07-28,2025-07-28 06:03:36,2025-07-28 21:33:41
2025-07-29,2025-07-29 06:05:01,2025-07-29 21:32:12
2025-07-30,2025-07-30 06:06:27,2025-07-30 21:30:40
2025-07-31,2025-07-31 06:07:54,2025-07-31 21:29:07
2025-08-01,2025-08-01 06:09:21,2025-08-01 21:27:32
2025-08-02,2025-08-02 06:10:49,2025-08-02 21:25:55
2025-08-03,2025-08-03 06:12:17,2025-08-03 21:24:16
2025-08-04,2025-08-04 06:13:46,2025-08-04 21:22:36
2025-08-05,2025-08-05 06:15:16,2025-08-05 21:20:54
2025-08-06,2025-08-06 06:16:46,2025-08-06 21:19:10
2025-08-07,2025-08-07 06:18:16,2025-08-07 21:17:25
2025-08-08,2025-08-08 06:19:47,2025-08-08 21:15:38
2025-08-09,2025-08-09 06:21:18,2025-08-09 21:13:50
2025-08-10,2025-08-10 06:22:49,2025-08-10 21:12:00
2025-08-11,2025-08-11 06:24:20,2025-08-11 21:10:09
2025-08-12,2025-08-12 06:25:52,2025-08-12 21:08:17
2025-08-13,2025-08-13 06:27:24,2025-08-13 21:06:24
2025-08-14,2025-08-14 06:28:56,2025-08-14 21:04:29
2025-08-15,2025-08-15 06:30:28,2025-08-15 21:02:33
2025-08-16,2025-08-16 06:32:01,2025-08-16 21:00:36
2025-08-17,2025-08-17 06:33:33,2025-08-17 20:58:37
2025-08-18,2025-08-18 06:35:06,2025-08-18 20:56:38
2025-08-19,2025-08-19 06:36:39,2025-08-19 20:54:38
2025-08-20,2025-08-20 06:38:12,2025-08-20 20:52:36
2025-08-21,2025-08-21 06:39:44,2025-08-21 20:50:34
2025-08-22,2025-08-22 06:41:17,2025-08-22 20:48:30
2025-08-23,2025-08-23 06:42:50,2025-08-23 20:46:26
2025-08-24,2025-08-24 06:44:23,2025-08-24 20:44:21
2025-08-25,2025-08-25 06:45:56,2025-08-25 20:42:15
2025-08-26,2025-08-26 06:47:29,2025-08-26 20:40:09
2025-08-27,2025-08-27 06:49:02,2025-08-27 20:38:01
2025-08-28,2025-08-28 06:50:35,2025-08-28 20:35:53
2025-08-29,2025-08-29 06:52:08,2025-08-29 20:33:44
2025-08-30,2025-08-30 06:53:40,2025-08-30 20:31:35
2025-08-31,2025-08-31 06:55:13,2025-08-31 20:29:25
2025-09-01,2025-09-01 06:56:46,2025-09-01 20:27:14
