Datum,Zonsopgang,Zonsondergang
2016-10-01,2016-10-01 05:43:45,2016-10-01 17:19:35
2016-10-02,2016-10-02 05:45:20,2016-10-02 17:17:21
2016-10-03,2016-10-03 05:46:56,2016-10-03 17:15:08
2016-10-04,2016-10-04 05:48:32,2016-10-04 17:12:56
2016-10-05,2016-10-05 05:50:08,2016-10-05 17:10:43
2016-10-06,2016-10-06 05:51:44,2016-10-06 17:08:32
2016-10-07,2016-10-07 05:53:21,2016-10-07 17:06:21
2016-10-08,2016-10-08 05:54:58,2016-10-08 17:04:10
2016-10-09,2016-10-09 05:56:36,2016-10-09 17:02:00
2016-10-10,2016-10-10 05:58:13,2016-10-10 16:59:50
2016-10-11,2016-10-11 05:59:51,2016-10-11 16:57:42
2016-10-12,2016-10-12 06:01:30,2016-10-12 16:55:34
2016-10-13,2016-10-13 06:03:08,2016-10-13 16:53:26
2016-10-14,2016-10-14 06:04:47,2016-10-14 16:51:20
2016-10-15,2016-10-15 06:06:26,2016-10-15 16:49:14
2016-10-16,2016-10-16 06:08:06,2016-10-16 16:47:09
2016-10-17,2016-10-17 06:09:45,2016-10-17 16:45:05
2016-10-18,2016-10-18 06:11:26,2016-10-18 16:43:02
2016-10-19,2016-10-19 06:13:06,2016-10-19 16:41:00
2016-10-20,2016-10-20 06:14:47,2016-10-20 16:38:59
2016-10-21,2016-10-21 06:16:28,2016-10-21 16:36:59
2016-10-22,2016-10-22 06:18:09,2016-10-22 16:35:00
2016-10-23,2016-10-23 06:19:50,2016-10-23 16:33:02
2016-10-24,2016-10-24 06:21:32,2016-10-24 16:31:05
2016-10-25,2016-10-25 06:23:14,2016-10-25 16:29:09
2016-10-26,2016-10-26 06:24:56,2016-10-26 16:27:15
2016-10-27,2016-10-27 06:26:39,2016-10-27 16:25:22
2016-10-28,2016-10-28 06:28:22,2016-10-28 16:23:31
2016-10-29,2016-10-29 06:30:04,2016-10-29 16:21:40
2016-10-30,2016-10-30 06:31:47,2016-10-30 16:19:51
2016-10-31,2016-10-31 06:33:30,2016-10-31 16:18:04
2016-11-01,2016-11-01 06:35:14,2016-11-01 16:16:18
2016-11-02,2016-11-02 06:36:57,2016-11-02 16:14:34
2016-11-03,2016-11-03 06:38:40,2016-11-03 16:12:52
2016-11-04,2016-11-04 06:40:24,2016-11-04 16:11:11
2016-11-05,2016-11-05 06:42:07,2016-11-05 16:09:31
2016-11-06,2016-11-06 06:43:50,2016-11-06 16:07:54
2016-11-07,2016-11-07 06:45:33,2016-11-07 16:06:18
2016-11-08,2016-11-08 06:47:16,2016-11-08 16:04:45
2016-11-09,2016-11-09 06:48:59,2016-11-09 16:03:13
2016-11-10,2016-11-10 06:50:41,2016-11-10 16:01:43
2016-11-11,2016-11-11 06:52:23,2016-11-11 16:00:15
2016-11-12,2016-11-12 06:54:05,2016-11-12 15:58:50
2016-11-13,2016-11-13 06:55:47,2016-11-13 15:57:26
2016-11-14,2016-11-14 06:57:28,2016-11-14 15:56:05
2016-11-15,2016-11-15 06:59:08,2016-11-15 15:54:46
2016-11-16,2016-11-16 07:00:48,2016-11-16 15:53:29
2016-11-17,2016-11-17 07:02:27,2016-11-17 15:52:14
2016-11-18,2016-11-18 07:04:06,2016-11-18 15:51:02
2016-11-19,2016-11-19 07:05:43,2016-11-19 15:49:53
2016-11-20,2016-11-20 07:07:20,2016-11-20 15:48:46
2016-11-21,2016-11-21 07:08:56,2016-11-21 15:47:41
2016-11-22,2016-11-22 07:10:31,2016-11-22 15:46:39
2016-11-23,2016-11-23 07:12:05,2016-11-23 15:45:40
2016-11-24,2016-11-24 07:13:37,2016-11-24 15:44:43
2016-11-25,2016-11-25 07:15:09,2016-11-25 15:43:50
2016-11-26,2016-11-26 07:16:39,2016-11-26 15:42:59
2016-11-27,2016-11-27 07:18:07,2016-11-27 15:42:11
2016-11-28,2016-11-28 07:19:35,2016-11-28 15:41:25
2016-11-29,2016-11-29 07:21:00,2016-11-29 15:40:43
2016-11-30,2016-11-30 07:22:24,2016-11-30 15:40:04
2016-12-01,2016-12-01 07:23:46,2016-12-01 15:39:28
2016-12-02,2016-12-02 07:25:07,2016-12-02 15:38:55
2016-12-03,2016-12-03 07:26:25,2016-12-03 15:38:25
2016-12-04,2016-12-04 07:27:42,2016-12-04 15:37:58
2016-12-05,2016-12-05 07:28:56,2016-12-05 15:37:34
2016-12-06,2016-12-06 07:30:09,2016-12-06 15:37:14
2016-12-07,2016-12-07 07:31:19,2016-12-07 15:36:56
2016-12-08,2016-12-08 07:32:27,2016-12-08 15:36:42
2016-12-09,2016-12-09 07:33:32,2016-12-09 15:36:32
2016-12-10,2016-12-10 07:34:35,2016-12-10 15:36:24
2016-12-11,2016-12-11 07:35:35,2016-12-11 15:36:20
2016-12-12,2016-12-12 07:36:33,2016-12-12 15:36:19
2016-12-13,2016-12-13 07:37:28,2016-12-13 15:36:22
2016-12-14,2016-12-14 07:38:21,2016-12-14 15:36:27
2016-12-15,2016-12-15 07:39:10,2016-12-15 15:36:37
2016-12-16,2016-12-16 07:39:57,2016-12-16 15:36:49
2016-12-17,2016-12-17 07:40:41,2016-12-17 15:37:05
2016-12-18,2016-12-18 07:41:22,2016-12-18 15:37:24
2016-12-19,2016-12-19 07:42:00,2016-12-19 15:37:46
2016-12-20,2016-12-20 07:42:34,2016-12-20 15:38:12
2016-12-21,2016-12-21 07:43:06,2016-12-21 15:38:41
2016-12-22,2016-12-22 07:43:35,2016-12-22 15:39:13
2016-12-23,2016-12-23 07:44:00,2016-12-23 15:39:48
2016-12-24,2016-12-24 07:44:22,2016-12-24 15:40:26
2016-12-25,2016-12-25 07:44:41,2016-12-25 15:41:07
2016-12-26,2016-12-26 07:44:57,2016-12-26 15:41:52
2016-12-27,2016-12-27 07:45:10,2016-12-27 15:42:39
2016-12-28,2016-12-28 07:45:19,2016-12-28 15:43:30
2016-12-29,2016-12-29 07:45:25,2016-12-29 15:44:23
2016-12-30,2016-12-30 07:45:27,2016-12-30 15:45:19
2016-12-31,2016-12-31 07:45:27,2016-12-31 15:46:17
2017-01-01,2017-01-01 07:45:23,2017-01-01 15:47:19
2017-01-02,2017-01-02 07:45:16,2017-01-02 15:48:23
2017-01-03,2017-01-03 07:45:05,2017-01-03 15:49:30
2017-01-04,2017-01-04 07:44:52,2017-01-04 15:50:39
2017-01-05,2017-01-05 07:44:35,2017-01-05 15:51:50
2017-01-06,2017-01-06 07:44:15,2017-01-06 15:53:04
2017-01-07,2017-01-07 07:43:51,2017-01-07 15:54:20
2017-01-08,2017-01-08 07:43:25,2017-01-08 15:55:38
2017-01-09,2017-01-09 07:42:55,2017-01-09 15:56:58
2017-01-10,2017-01-10 07:42:23,2017-01-10 15:58:21
2017-01-11,2017-01-11 07:41:47,2017-01-11 15:59:45
2017-01-12,2017-01-12 07:41:09,2017-01-12 16:01:11
2017-01-13,2017-01-13 07:40:27,2017-01-13 16:02:38
2017-01-14,2017-01-14 07:39:42,2017-01-14 16:04:08
2017-01-15,2017-01-15 07:38:55,2017-01-15 16:05:38
2017-01-16,2017-01-16 07:38:05,2017-01-16 16:07:11
2017-01-17,2017-01-17 07:37:11,2017-01-17 16:08:45
2017-01-18,2017-01-18 07:36:16,2017-01-18 16:10:20
2017-01-19,2017-01-19 07:35:17,2017-01-19 16:11:56
2017-01-20,2017-01-20 07:34:16,2017-01-20 16:13:34
2017-01-21,2017-01-21 07:33:12,2017-01-21 16:15:12
2017-01-22,2017-01-22 07:32:06,2017-01-22 16:16:52
2017-01-23,2017-01-23 07:30:57,2017-01-23 16:18:33
2017-01-24,2017-01-24 07:29:45,2017-01-24 16:20:14
2017-01-25,2017-01-25 07:28:32,2017-01-25 16:21:56
2017-01-26,2017-01-26 07:27:16,2017-01-26 16:23:39
2017-01-27,2017-01-27 07:25:57,2017-01-27 16:25:23
2017-01-28,2017-01-28 07:24:37,2017-01-28 16:27:07
2017-01-29,2017-01-29 07:23:14,2017-01-29 16:28:52
2017-01-30,2017-01-30 07:21:49,2017-01-30 16:30:37
2017-01-31,2017-01-31 07:20:22,2017-01-31 16:32:23
2017-02-01,2017-02-01 07:18:53,2017-02-01 16:34:09
2017-02-02,2017-02-02 07:17:23,2017-02-02 16:35:55
2017-02-03,2017-02-03 07:15:50,2017-02-03 16:37:42
2017-02-04,2017-02-04 07:14:15,2017-02-04 16:39:29
2017-02-05,2017-02-05 07:12:38,2017-02-05 16:41:16
2017-02-06,2017-02-06 07:11:00,2017-02-06 16:43:03
2017-02-07,2017-02-07 07:09:20,2017-02-07 16:44:50
2017-02-08,2017-02-08 07:07:38,2017-02-08 16:46:37
2017-02-09,2017-02-09 07:05:55,2017-02-09 16:48:24
2017-02-10,2017-02-10 07:04:10,2017-02-10 16:50:12
2017-02-11,2017-02-11 07:02:24,2017-02-11 16:51:59
2017-02-12,2017-02-12 07:00:36,2017-02-12 16:53:46
2017-02-13,2017-02-13 06:58:47,2017-02-13 16:55:33
2017-02-14,2017-02-14 06:56:56,2017-02-14 16:57:20
2017-02-15,2017-02-15 06:55:04,2017-02-15 16:59:07
2017-02-16,2017-02-16 06:53:11,2017-02-16 17:00:53
2017-02-17,2017-02-17 06:51:16,2017-02-17 17:02:40
2017-02-18,2017-02-18 06:49:21,2017-02-18 17:04:26
2017-02-19,2017-02-19 06:47:24,2017-02-19 17:06:12
2017-02-20,2017-02-20 06:45:26,2017-02-20 17:07:57
2017-02-21,2017-02-21 06:43:27,2017-02-21 17:09:43
2017-02-22,2017-02-22 06:41:26,2017-02-22 17:11:28
2017-02-23,2017-02-23 06:39:25,2017-02-23 17:13:13
2017-02-24,2017-02-24 06:37:23,2017-02-24 17:14:58
2017-02-25,2017-02-25 06:35:20,2017-02-25 17:16:42
2017-02-26,2017-02-26 06:33:17,2017-02-26 17:18:26
2017-02-27,2017-02-27 06:31:12,2017-02-27 17:20:10
2017-02-28,2017-02-28 06:29:06,2017-02-28 17:21:53
2017-03-01,2017-03-01 06:27:00,2017-03-01 17:23:37
2017-03-02,2017-03-02 06:24:53,2017-03-02 17:25:20
2017-03-03,2017-03-03 06:22:46,2017-03-03 17:27:02
2017-03-04,2017-03-04 06:20:37,2017-03-04 17:28:45
2017-03-05,2017-03-05 06:18:29,2017-03-05 17:30:27
2017-03-06,2017-03-06 06:16:19,2017-03-06 17:32:09
2017-03-07,2017-03-07 06:14:09,2017-03-07 17:33:50
2017-03-08,2017-03-08 06:11:59,2017-03-08 17:35:32
2017-03-09,2017-03-09 06:09:48,2017-03-09 17:37:13
2017-03-10,2017-03-10 06:07:36,2017-03-10 17:38:54
2017-03-11,2017-03-11 06:05:25,2017-03-11 17:40:34
2017-03-12,2017-03-12 06:03:12,2017-03-12 17:42:15
2017-03-13,2017-03-13 06:01:00,2017-03-13 17:43:55
2017-03-14,2017-03-14 05:58:47,2017-03-14 17:45:35
2017-03-15,2017-03-15 05:56:34,2017-03-15 17:47:14
2017-03-16,2017-03-16 05:54:21,2017-03-16 17:48:54
2017-03-17,2017-03-17 05:52:07,2017-03-17 17:50:33
2017-03-18,2017-03-18 05:49:53,2017-03-18 17:52:13
2017-03-19,2017-03-19 05:47:39,2017-03-19 17:53:52
2017-03-20,2017-03-20 05:45:25,2017-03-20 17:55:30
2017-03-21,2017-03-21 05:43:11,2017-03-21 17:57:09
2017-03-22,2017-03-22 05:40:57,2017-03-22 17:58:48
2017-03-23,2017-03-23 05:38:43,2017-03-23 18:00:26
2017-03-24,2017-03-24 05:36:29,2017-03-24 18:02:05
2017-03-25,2017-03-25 05:34:14,2017-03-25 18:03:43
2017-03-26,2017-03-26 05:32:00,2017-03-26 18:05:21
2017-03-27,2017-03-27 05:29:46,2017-03-27 18:06:59
2017-03-28,2017-03-28 05:27:32,2017-03-28 18:08:37
2017-03-29,2017-03-29 05:25:18,2017-03-29 18:10:15
2017-03-30,2017-03-30 05:23:05,2017-03-30 18:11:53
2017-03-31,2017-03-31 05:20:51,2017-03-31 18:13:31
2017-04-01,2017-04-01 05:18:38,2017-04-01 18:15:08
2017-04-02,2017-04-02 05:16:25,2017-04-02 18:16:46
2017-04-03,2017-04-03 05:14:13,2017-04-03 18:18:24
2017-04-04,2017-04-04 05:12:01,2017-04-04 18:20:02
2017-04-05,2017-04-05 05:09:49,2017-04-05 18:21:39
2017-04-06,2017-04-06 05:07:37,2017-04-06 18:23:17
2017-04-07,2017-04-07 05:05:26,2017-04-07 18:24:55
2017-04-08,2017-04-08 05:03:16,2017-04-08 18:26:32
2017-04-09,2017-04-09 05:01:06,2017-04-09 18:28:10
2017-04-10,2017-04-10 04:58:56,2017-04-10 18:29:47
2017-04-11,2017-04-11 04:56:47,2017-04-11 18:31:25
2017-04-12,2017-04-12 04:54:39,2017-04-12 18:33:03
2017-04-13,2017-04-13 04:52:31,2017-04-13 18:34:40
2017-04-14,2017-04-14 04:50:24,2017-04-14 18:36:18
2017-04-15,2017-04-15 04:48:17,2017-04-15 18:37:55
2017-04-16,2017-04-16 04:46:12,2017-04-16 18:39:33
2017-04-17,2017-04-17 04:44:07,2017-04-17 18:41:10
2017-04-18,2017-04-18 04:42:02,2017-04-18 18:42:48
2017-04-19,2017-04-19 04:39:59,2017-04-19 18:44:25
2017-04-20,2017-04-20 04:37:57,2017-04-20 18:46:02
2017-04-21,2017-04-21 04:35:55,2017-04-21 18:47:39
2017-04-22,2017-04-22 04:33:55,2017-04-22 18:49:17
2017-04-23,2017-04-23 04:31:55,2017-04-23 18:50:54
2017-04-24,2017-04-24 04:29:56,2017-04-24 18:52:31
2017-04-25,2017-04-25 04:27:59,2017-04-25 18:54:07
2017-04-26,2017-04-26 04:26:02,2017-04-26 18:55:44
2017-04-27,2017-04-27 04:24:07,2017-04-27 18:57:21
2017-04-28,2017-04-28 04:22:13,2017-04-28 18:58:57
2017-04-29,2017-04-29 04:20:20,2017-04-29 19:00:33
2017-04-30,2017-04-30 04:18:29,2017-04-30 19:02:09
2017-05-01,2017-05-01 04:16:38,2017-05-01 19:03:44
2017-05-02,2017-05-02 04:14:49,2017-05-02 19:05:19
2017-05-03,2017-05-03 04:13:02,2017-05-03 19:06:54
2017-05-04,2017-05-04 04:11:16,2017-05-04 19:08:29
2017-05-05,2017-05-05 04:09:31,2017-05-05 19:10:03
2017-05-06,2017-05-06 04:07:48,2017-05-06 19:11:36
2017-05-07,2017-05-07 04:06:07,2017-05-07 19:13:10
2017-05-08,2017-05-08 04:04:27,2017-05-08 19:14:42
2017-05-09,2017-05-09 04:02:49,2017-05-09 19:16:14
2017-05-10,2017-05-10 04:01:12,2017-05-10 19:17:46
2017-05-11,2017-05-11 03:59:38,2017-05-11 19:19:17
2017-05-12,2017-05-12 03:58:05,2017-05-12 19:20:47
2017-05-13,2017-05-13 03:56:34,2017-05-13 19:22:16
2017-05-14,2017-05-14 03:55:05,2017-05-14 19:23:44
2017-05-15,2017-05-15 03:53:37,2017-05-15 19:25:12
2017-05-16,2017-05-16 03:52:12,2017-05-16 19:26:39
2017-05-17,2017-05-17 03:50:49,2017-05-17 19:28:05
2017-05-18,2017-05-18 03:49:28,2017-05-18 19:29:29
2017-05-19,2017-05-19 03:48:09,2017-05-19 19:30:53
2017-05-20,2017-05-20 03:46:53,2017-05-20 19:32:15
2017-05-21,2017-05-21 03:45:38,2017-05-21 19:33:37
2017-05-22,2017-05-22 03:44:26,2017-05-22 19:34:56
2017-05-23,2017-05-23 03:43:16,2017-05-23 19:36:15
2017-05-24,2017-05-24 03:42:09,2017-05-24 19:37:32
2017-05-25,2017-05-25 03:41:04,2017-05-25 19:38:48
2017-05-26,2017-05-26 03:40:02,2017-05-26 19:40:02
2017-05-27,2017-05-27 03:39:02,2017-05-27 19:41:15
2017-05-28,2017-05-28 03:38:04,2017-05-28 19:42:26
2017-05-29,2017-05-29 03:37:09,2017-05-29 19:43:35
2017-05-30,2017-05-30 03:36:17,2017-05-30 19:44:42
2017-05-31,2017-05-31 03:35:28,2017-05-31 19:45:48
2017-06-01,2017-06-01 03:34:41,2017-06-01 19:46:51
2017-06-02,2017-06-02 03:33:57,2017-06-02 19:47:53
2017-06-03,2017-06-03 03:33:15,2017-06-03 19:48:52
2017-06-04,2017-06-04 03:32:37,2017-06-04 19:49:49
2017-06-05,2017-06-05 03:32:01,2017-06-05 19:50:44
2017-06-06,2017-06-06 03:31:29,2017-06-06 19:51:37
2017-06-07,2017-06-07 03:30:59,2017-06-07 19:52:28
2017-06-08,2017-06-08 03:30:32,2017-06-08 19:53:16
2017-06-09,2017-06-09 03:30:08,2017-06-09 19:54:01
2017-06-10,2017-06-10 03:29:47,2017-06-10 19:54:44
2017-06-11,2017-06-11 03:29:28,2017-06-11 19:55:25
2017-06-12,2017-06-12 03:29:13,2017-06-12 19:56:03
2017-06-13,2017-06-13 03:29:01,2017-06-13 19:56:38
2017-06-14,2017-06-14 03:28:52,2017-06-14 19:57:11
2017-06-15,2017-06-15 03:28:46,2017-06-15 19:57:41
2017-06-16,2017-06-16 03:28:42,2017-06-16 19:58:08
2017-06-17,2017-06-17 03:28:42,2017-06-17 19:58:32
2017-06-18,2017-06-18 03:28:45,2017-06-18 19:58:53
2017-06-19,2017-06-19 03:28:50,2017-06-19 19:59:12
2017-06-20,2017-06-20 03:28:59,2017-06-20 19:59:27
2017-06-21,2017-06-21 03:29:11,2017-06-21 19:59:40
2017-06-22,2017-06-22 03:29:25,2017-06-22 19:59:49
2017-06-23,2017-06-23 03:29:42,2017-06-23 19:59:56
2017-06-24,2017-06-24 03:30:02,2017-06-24 20:00:00
2017-06-25,2017-06-25 03:30:25,2017-06-25 20:00:00
2017-06-26,2017-06-26 03:30:51,2017-06-26 19:59:58
2017-06-27,2017-06-27 03:31:19,2017-06-27 19:59:52
2017-06-28,2017-06-28 03:31:50,2017-06-28 19:59:44
2017-06-29,2017-06-29 03:32:24,2017-06-29 19:59:32
2017-06-30,2017-06-30 03:33:00,2017-06-30 19:59:18
2017-07-01,2017-07-01 03:33:39,2017-07-01 19:59:00
2017-07-02,2017-07-02 03:34:21,2017-07-02 19:58:40
2017-07-03,2017-07-03 03:35:04,2017-07-03 19:58:16
2017-07-04,2017-07-04 03:35:51,2017-07-04 19:57:50
2017-07-05,2017-07-05 03:36:39,2017-07-05 19:57:20
2017-07-06,2017-07-06 03:37:30,2017-07-06 19:56:48
2017-07-07,2017-07-07 03:38:23,2017-07-07 19:56:13
2017-07-08,2017-07-08 03:39:18,2017-07-08 19:55:35
2017-07-09,2017-07-09 03:40:15,2017-07-09 19:54:54
2017-07-10,2017-07-10 03:41:15,2017-07-10 19:54:10
2017-07-11,2017-07-11 03:42:16,2017-07-11 19:53:23
2017-07-12,2017-07-12 03:43:19,2017-07-12 19:52:34
2017-07-13,2017-07-13 03:44:24,2017-07-13 19:51:42
2017-07-14,2017-07-14 03:45:30,2017-07-14 19:50:47
2017-07-15,2017-07-15 03:46:39,2017-07-15 19:49:50
2017-07-16,2017-07-16 03:47:49,2017-07-16 19:48:50
2017-07-17,2017-07-17 03:49:00,2017-07-17 19:47:47
2017-07-18,2017-07-18 03:50:13,2017-07-18 19:46:42
2017-07-19,2017-07-19 03:51:28,2017-07-19 19:45:35
2017-07-20,2017-07-20 03:52:43,2017-07-20 19:44:25
2017-07-21,2017-07-21 03:54:00,2017-07-21 19:43:13
2017-07-22,2017-07-22 03:55:18,2017-07-22 19:41:58
2017-07-23,2017-07-23 03:56:38,2017-07-23 19:40:42
2017-07-24,2017-07-24 03:57:58,2017-07-24 19:39:23
2017-07-25,2017-07-25 03:59:20,2017-07-25 19:38:01
2017-07-26,2017-07-26 04:00:42,2017-07-26 19:36:38
2017-07-27,2017-07-27 04:02:06,2017-07-27 19:35:13
2017-07-28,2017-07-28 04:03:30,2017-07-28 19:33:45
2017-07-29,2017-07-29 04:04:55,2017-07-29 19:32:16
2017-07-30,2017-07-30 04:06:21,2017-07-30 19:30:45
2017-07-31,2017-07-31 04:07:48,2017-07-31 19:29:11
2017-08-01,2017-08-01 04:09:15,2017-08-01 19:27:36
2017-08-02,2017-08-02 04:10:43,2017-08-02 19:26:00
2017-08-03,2017-08-03 04:12:11,2017-08-03 19:24:21
2017-08-04,2017-08-04 04:13:40,2017-08-04 19:22:41
2017-08-05,2017-08-05 04:15:09,2017-08-05 19:20:59
2017-08-06,2017-08-06 04:16:39,2017-08-06 19:19:15
2017-08-07,2017-08-07 04:18:09,2017-08-07 19:17:30
2017-08-08,2017-08-08 04:19:40,2017-08-08 19:15:44
2017-08-09,2017-08-09 04:21:11,2017-08-09 19:13:56
2017-08-10,2017-08-10 04:22:42,2017-08-10 19:12:06
2017-08-11,2017-08-11 04:24:13,2017-08-11 19:10:15
2017-08-12,2017-08-12 04:25:45,2017-08-12 19:08:23
2017-08-13,2017-08-13 04:27:17,2017-08-13 19:06:30
2017-08-14,2017-08-14 04:28:49,2017-08-14 19:04:35
2017-08-15,2017-08-15 04:30:21,2017-08-15 19:02:39
2017-08-16,2017-08-16 04:31:54,2017-08-16 19:00:42
2017-08-17,2017-08-17 04:33:26,2017-08-17 18:58:44
2017-08-18,2017-08-18 04:34:59,2017-08-18 18:56:45
2017-08-19,2017-08-19 04:36:32,2017-08-19 18:54:44
2017-08-20,2017-08-20 04:38:05,2017-08-20 18:52:43
2017-08-21,2017-08-21 04:39:37,2017-08-21 18:50:41
2017-08-22,2017-08-22 04:41:10,2017-08-22 18:48:38
2017-08-23,2017-08-23 04:42:43,2017-08-23 18:46:33
2017-08-24,2017-08-24 04:44:16,2017-08-24 18:44:29
2017-08-25,2017-08-25 04:45:49,2017-08-25 18:42:23
2017-08-26,2017-08-26 04:47:22,2017-08-26 18:40:16
2017-08-27,2017-08-27 04:48:55,2017-08-27 18:38:09
2017-08-28,2017-08-28 04:50:28,2017-08-28 18:36:01
2017-08-29,2017-08-29 04:52:01,2017-08-29 18:33:52
2017-08-30,2017-08-30 04:53:33,2017-08-30 18:31:43
2017-08-31,2017-08-31 04:55:06,2017-08-31 18:29:33
2017-09-01,2017-09-01 04:56:39,2017-09-01 18:27:22
2017-09-02,2017-09-02 04:58:12,2017-09-02 18:25:11
2017-09-03,2017-09-03 04:59:45,2017-09-03 18:23:00
2017-09-04,2017-09-04 05:01:18,2017-09-04 18:20:47
2017-09-05,2017-09-05 05:02:50,2017-09-05 18:18:35
2017-09-06,2017-09-06 05:04:23,2017-09-06 18:16:22
2017-09-07,2017-09-07 05:05:56,2017-09-07 18:14:09
2017-09-08,2017-09-08 05:07:29,2017-09-08 18:11:55
2017-09-09,2017-09-09 05:09:01,2017-09-09 18:09:41
2017-09-10,2017-09-10 05:10:34,2017-09-10 18:07:26
2017-09-11,2017-09-11 05:12:07,2017-09-11 18:05:12
2017-09-12,2017-09-12 05:13:40,2017-09-12 18:02:57
2017-09-13,2017-09-13 05:15:13,2017-09-13 18:00:42
2017-09-14,2017-09-14 05:16:46,2017-09-14 17:58:27
2017-09-15,2017-09-15 05:18:19,2017-09-15 17:56:11
2017-09-16,2017-09-16 05:19:52,2017-09-16 17:53:56
2017-09-17,2017-09-17 05:21:25,2017-09-17 17:51:40
2017-09-18,2017-09-18 05:22:58,2017-09-18 17:49:24
2017-09-19,2017-09-19 05:24:31,2017-09-19 17:47:09
2017-09-20,2017-09-20 05:26:04,2017-09-20 17:44:53
2017-09-21,2017-09-21 05:27:38,2017-09-21 17:42:37
2017-09-22,2017-09-22 05:29:12,2017-09-22 17:40:21
2017-09-23,2017-09-23 05:30:45,2017-09-23 17:38:06
2017-09-24,2017-09-24 05:32:19,2017-09-24 17:35:50
2017-09-25,2017-09-25 05:33:53,2017-09-25 17:33:35
2017-09-26,2017-09-26 05:35:27,2017-09-26 17:31:20
2017-09-27,2017-09-27 05:37:02,2017-09-27 17:29:05
2017-09-28,2017-09-28 05:38:36,2017-09-28 17:26:50
2017-09-29,2017-09-29 05:40:11,2017-09-29 17:24:35
2017-09-30,2017-09-30 05:41:46,2017-09-30 17:22:21
2017-10-01,2017-10-01 05:43:21,2017-10-01 17:20:07
2017-10-02,2017-10-02 05:44:57,2017-10-02 17:17:54
2017-10-03,2017-10-03 05:46:32,2017-10-03 17:15:41
2017-10-04,2017-10-04 05:48:08,2017-10-04 17:13:28
2017-10-05,2017-10-05 05:49:45,2017-10-05 17:11:16
2017-10-06,2017-10-06 05:51:21,2017-10-06 17:09:04
2017-10-07,2017-10-07 05:52:58,2017-10-07 17:06:52
2017-10-08,2017-10-08 05:54:35,2017-10-08 17:04:42
2017-10-09,2017-10-09 05:56:12,2017-10-09 17:02:31
2017-10-10,2017-10-10 05:57:50,2017-10-10 17:00:22
2017-10-11,2017-10-11 05:59:27,2017-10-11 16:58:13
2017-10-12,2017-10-12 06:01:06,2017-10-12 16:56:05
2017-10-13,2017-10-13 06:02:44,2017-10-13 16:53:57
2017-10-14,2017-10-14 06:04:23,2017-10-14 16:51:50
2017-10-15,2017-10-15 06:06:02,2017-10-15 16:49:45
2017-10-16,2017-10-16 06:07:41,2017-10-16 16:47:39
2017-10-17,2017-10-17 06:09:21,2017-10-17 16:45:35
2017-10-18,2017-10-18 06:11:01,2017-10-18 16:43:32
2017-10-19,2017-10-19 06:12:41,2017-10-19 16:41:29
2017-10-20,2017-10-20 06:14:22,2017-10-20 16:39:28
2017-10-21,2017-10-21 06:16:03,2017-10-21 16:37:28
2017-10-22,2017-10-22 06:17:44,2017-10-22 16:35:28
2017-10-23,2017-10-23 06:19:26,2017-10-23 16:33:30
2017-10-24,2017-10-24 06:21:07,2017-10-24 16:31:33
2017-10-25,2017-10-25 06:22:49,2017-10-25 16:29:37
2017-10-26,2017-10-26 06:24:31,2017-10-26 16:27:43
2017-10-27,2017-10-27 06:26:14,2017-10-27 16:25:49
2017-10-28,2017-10-28 06:27:56,2017-10-28 16:23:57
2017-10-29,2017-10-29 06:29:39,2017-10-29 16:22:07
2017-10-30,2017-10-30 06:31:22,2017-10-30 16:20:18
2017-10-31,2017-10-31 06:33:05,2017-10-31 16:18:30
2017-11-01,2017-11-01 06:34:48,2017-11-01 16:16:44
2017-11-02,2017-11-02 06:36:32,2017-11-02 16:14:59
2017-11-03,2017-11-03 06:38:15,2017-11-03 16:13:16
2017-11-04,2017-11-04 06:39:58,2017-11-04 16:11:35
2017-11-05,2017-11-05 06:41:42,2017-11-05 16:09:55
2017-11-06,2017-11-06 06:43:25,2017-11-06 16:08:17
2017-11-07,2017-11-07 06:45:08,2017-11-07 16:06:41
2017-11-08,2017-11-08 06:46:51,2017-11-08 16:05:07
2017-11-09,2017-11-09 06:48:34,2017-11-09 16:03:35
2017-11-10,2017-11-10 06:50:16,2017-11-10 16:02:05
2017-11-11,2017-11-11 06:51:59,2017-11-11 16:00:36
2017-11-12,2017-11-12 06:53:41,2017-11-12 15:59:10
2017-11-13,2017-11-13 06:55:22,2017-11-13 15:57:46
2017-11-14,2017-11-14 06:57:03,2017-11-14 15:56:24
2017-11-15,2017-11-15 06:58:44,2017-11-15 15:55:05
2017-11-16,2017-11-16 07:00:24,2017-11-16 15:53:47
2017-11-17,2017-11-17 07:02:03,2017-11-17 15:52:32
2017-11-18,2017-11-18 07:03:42,2017-11-18 15:51:20
2017-11-19,2017-11-19 07:05:20,2017-11-19 15:50:09
2017-11-20,2017-11-20 07:06:57,2017-11-20 15:49:02
2017-11-21,2017-11-21 07:08:33,2017-11-21 15:47:56
2017-11-22,2017-11-22 07:10:08,2017-11-22 15:46:54
2017-11-23,2017-11-23 07:11:42,2017-11-23 15:45:54
2017-11-24,2017-11-24 07:13:15,2017-11-24 15:44:57
2017-11-25,2017-11-25 07:14:47,2017-11-25 15:44:02
2017-11-26,2017-11-26 07:16:17,2017-11-26 15:43:11
2017-11-27,2017-11-27 07:17:46,2017-11-27 15:42:22
2017-11-28,2017-11-28 07:19:14,2017-11-28 15:41:36
2017-11-29,2017-11-29 07:20:40,2017-11-29 15:40:53
2017-11-30,2017-11-30 07:22:04,2017-11-30 15:40:13
2017-12-01,2017-12-01 07:23:27,2017-12-01 15:39:36
2017-12-02,2017-12-02 07:24:47,2017-12-02 15:39:02
2017-12-03,2017-12-03 07:26:06,2017-12-03 15:38:31
2017-12-04,2017-12-04 07:27:23,2017-12-04 15:38:04
2017-12-05,2017-12-05 07:28:38,2017-12-05 15:37:39
2017-12-06,2017-12-06 07:29:51,2017-12-06 15:37:18
2017-12-07,2017-12-07 07:31:02,2017-12-07 15:37:00
2017-12-08,2017-12-08 07:32:10,2017-12-08 15:36:45
2017-12-09,2017-12-09 07:33:16,2017-12-09 15:36:34
2017-12-10,2017-12-10 07:34:20,2017-12-10 15:36:25
2017-12-11,2017-12-11 07:35:21,2017-12-11 15:36:20
2017-12-12,2017-12-12 07:36:19,2017-12-12 15:36:19
2017-12-13,2017-12-13 07:37:15,2017-12-13 15:36:20
2017-12-14,2017-12-14 07:38:08,2017-12-14 15:36:25
2017-12-15,2017-12-15 07:38:59,2017-12-15 15:36:34
2017-12-16,2017-12-16 07:39:46,2017-12-16 15:36:45
2017-12-17,2017-12-17 07:40:31,2017-12-17 15:37:00
2017-12-18,2017-12-18 07:41:12,2017-12-18 15:37:19
2017-12-19,2017-12-19 07:41:51,2017-12-19 15:37:40
2017-12-20,2017-12-20 07:42:26,2017-12-20 15:38:05
2017-12-21,2017-12-21 07:42:59,2017-12-21 15:38:33
2017-12-22,2017-12-22 07:43:28,2017-12-22 15:39:04
2017-12-23,2017-12-23 07:43:54,2017-12-23 15:39:39
2017-12-24,2017-12-24 07:44:17,2017-12-24 15:40:16
2017-12-25,2017-12-25 07:44:37,2017-12-25 15:40:57
2017-12-26,2017-12-26 07:44:54,2017-12-26 15:41:40
2017-12-27,2017-12-27 07:45:07,2017-12-27 15:42:27
2017-12-28,2017-12-28 07:45:17,2017-12-28 15:43:17
2017-12-29,2017-12-29 07:45:24,2017-12-29 15:44:09
2017-12-30,2017-12-30 07:45:27,2017-12-30 15:45:05
2017-12-31,2017-12-31 07:45:27,2017-12-31 15:46:03
2018-01-01,2018-01-01 07:45:24,2018-01-01 15:47:03
2018-01-02,2018-01-02 07:45:18,2018-01-02 15:48:07
2018-01-03,2018-01-03 07:45:08,2018-01-03 15:49:13
2018-01-04,2018-01-04 07:44:55,2018-01-04 15:50:21
2018-01-05,2018-01-05 07:44:39,2018-01-05 15:51:32
2018-01-06,2018-01-06 07:44:20,2018-01-06 15:52:45
2018-01-07,2018-01-07 07:43:57,2018-01-07 15:54:01
2018-01-08,2018-01-08 07:43:32,2018-01-08 15:55:19
2018-01-09,2018-01-09 07:43:03,2018-01-09 15:56:38
2018-01-10,2018-01-10 07:42:31,2018-01-10 15:58:00
2018-01-11,2018-01-11 07:41:56,2018-01-11 15:59:24
2018-01-12,2018-01-12 07:41:18,2018-01-12 16:00:49
2018-01-13,2018-01-13 07:40:37,2018-01-13 16:02:16
2018-01-14,2018-01-14 07:39:53,2018-01-14 16:03:45
2018-01-15,2018-01-15 07:39:07,2018-01-15 16:05:16
2018-01-16,2018-01-16 07:38:17,2018-01-16 16:06:48
2018-01-17,2018-01-17 07:37:25,2018-01-17 16:08:21
2018-01-18,2018-01-18 07:36:29,2018-01-18 16:09:56
2018-01-19,2018-01-19 07:35:32,2018-01-19 16:11:32
2018-01-20,2018-01-20 07:34:31,2018-01-20 16:13:10
2018-01-21,2018-01-21 07:33:28,2018-01-21 16:14:48
2018-01-22,2018-01-22 07:32:22,2018-01-22 16:16:27
2018-01-23,2018-01-23 07:31:14,2018-01-23 16:18:08
2018-01-24,2018-01-24 07:30:03,2018-01-24 16:19:49
2018-01-25,2018-01-25 07:28:50,2018-01-25 16:21:31
2018-01-26,2018-01-26 07:27:35,2018-01-26 16:23:14
2018-01-27,2018-01-27 07:26:17,2018-01-27 16:24:57
2018-01-28,2018-01-28 07:24:57,2018-01-28 16:26:41
2018-01-29,2018-01-29 07:23:35,2018-01-29 16:28:26
2018-01-30,2018-01-30 07:22:10,2018-01-30 16:30:11
2018-01-31,2018-01-31 07:20:44,2018-01-31 16:31:57
2018-02-01,2018-02-01 07:19:15,2018-02-01 16:33:43
2018-02-02,2018-02-02 07:17:45,2018-02-02 16:35:29
2018-02-03,2018-02-03 07:16:12,2018-02-03 16:37:16
2018-02-04,2018-02-04 07:14:38,2018-02-04 16:39:02
2018-02-05,2018-02-05 07:13:02,2018-02-05 16:40:49
2018-02-06,2018-02-06 07:11:24,2018-02-06 16:42:36
2018-02-07,2018-02-07 07:09:45,2018-02-07 16:44:24
2018-02-08,2018-02-08 07:08:03,2018-02-08 16:46:11
2018-02-09,2018-02-09 07:06:20,2018-02-09 16:47:58
2018-02-10,2018-02-10 07:04:36,2018-02-10 16:49:45
2018-02-11,2018-02-11 07:02:50,2018-02-11 16:51:33
2018-02-12,2018-02-12 07:01:02,2018-02-12 16:53:20
2018-02-13,2018-02-13 06:59:13,2018-02-13 16:55:07
2018-02-14,2018-02-14 06:57:23,2018-02-14 16:56:54
2018-02-15,2018-02-15 06:55:31,2018-02-15 16:58:40
2018-02-16,2018-02-16 06:53:39,2018-02-16 17:00:27
2018-02-17,2018-02-17 06:51:44,2018-02-17 17:02:13
2018-02-18,2018-02-18 06:49:49,2018-02-18 17:04:00
2018-02-19,2018-02-19 06:47:52,2018-02-19 17:05:46
2018-02-20,2018-02-20 06:45:54,2018-02-20 17:07:31
2018-02-21,2018-02-21 06:43:56,2018-02-21 17:09:17
2018-02-22,2018-02-22 06:41:56,2018-02-22 17:11:02
2018-02-23,2018-02-23 06:39:55,2018-02-23 17:12:47
2018-02-24,2018-02-24 06:37:53,2018-02-24 17:14:32
2018-02-25,2018-02-25 06:35:50,2018-02-25 17:16:16
2018-02-26,2018-02-26 06:33:47,2018-02-26 17:18:01
2018-02-27,2018-02-27 06:31:42,2018-02-27 17:19:44
2018-02-28,2018-02-28 06:29:37,2018-02-28 17:21:28
2018-03-01,2018-03-01 06:27:31,2018-03-01 17:23:11
2018-03-02,2018-03-02 06:25:24,2018-03-02 17:24:54
2018-03-03,2018-03-03 06:23:17,2018-03-03 17:26:37
2018-03-04,2018-03-04 06:21:09,2018-03-04 17:28:20
2018-03-05,2018-03-05 06:19:00,2018-03-05 17:30:02
2018-03-06,2018-03-06 06:16:51,2018-03-06 17:31:44
2018-03-07,2018-03-07 06:14:41,2018-03-07 17:33:26
2018-03-08,2018-03-08 06:12:31,2018-03-08 17:35:07
2018-03-09,2018-03-09 06:10:20,2018-03-09 17:36:48
2018-03-10,2018-03-10 06:08:08,2018-03-10 17:38:29
2018-03-11,2018-03-11 06:05:57,2018-03-11 17:40:10
2018-03-12,2018-03-12 06:03:45,2018-03-12 17:41:50
2018-03-13,2018-03-13 06:01:32,2018-03-13 17:43:30
2018-03-14,2018-03-14 05:59:19,2018-03-14 17:45:10
2018-03-15,2018-03-15 05:57:06,2018-03-15 17:46:50
2018-03-16,2018-03-16 05:54:53,2018-03-16 17:48:30
2018-03-17,2018-03-17 05:52:39,2018-03-17 17:50:09
2018-03-18,2018-03-18 05:50:26,2018-03-18 17:51:48
2018-03-19,2018-03-19 05:48:12,2018-03-19 17:53:27
2018-03-20,2018-03-20 05:45:58,2018-03-20 17:55:06
2018-03-21,2018-03-21 05:43:44,2018-03-21 17:56:45
2018-03-22,2018-03-22 05:41:30,2018-03-22 17:58:24
2018-03-23,2018-03-23 05:39:15,2018-03-23 18:00:02
2018-03-24,2018-03-24 05:37:01,2018-03-24 18:01:41
2018-03-25,2018-03-25 05:34:47,2018-03-25 18:03:19
2018-03-26,2018-03-26 05:32:33,2018-03-26 18:04:57
2018-03-27,2018-03-27 05:30:19,2018-03-27 18:06:35
2018-03-28,2018-03-28 05:28:05,2018-03-28 18:08:13
2018-03-29,2018-03-29 05:25:51,2018-03-29 18:09:51
2018-03-30,2018-03-30 05:23:37,2018-03-30 18:11:29
2018-03-31,2018-03-31 05:21:24,2018-03-31 18:13:07
2018-04-01,2018-04-01 05:19:11,2018-04-01 18:14:45
2018-04-02,2018-04-02 05:16:58,2018-04-02 18:16:22
2018-04-03,2018-04-03 05:14:45,2018-04-03 18:18:00
2018-04-04,2018-04-04 05:12:33,2018-04-04 18:19:38
2018-04-05,2018-04-05 05:10:21,2018-04-05 18:21:15
2018-04-06,2018-04-06 05:08:09,2018-04-06 18:22:53
2018-04-07,2018-04-07 05:05:58,2018-04-07 18:24:31
2018-04-08,2018-04-08 05:03:47,2018-04-08 18:26:08
2018-04-09,2018-04-09 05:01:37,2018-04-09 18:27:46
2018-04-10,2018-04-10 04:59:28,2018-04-10 18:29:24
2018-04-11,2018-04-11 04:57:18,2018-04-11 18:31:01
2018-04-12,2018-04-12 04:55:10,2018-04-12 18:32:39
2018-04-13,2018-04-13 04:53:02,2018-04-13 18:34:16
2018-04-14,2018-04-14 04:50:55,2018-04-14 18:35:54
2018-04-15,2018-04-15 04:48:48,2018-04-15 18:37:31
2018-04-16,2018-04-16 04:46:42,2018-04-16 18:39:09
2018-04-17,2018-04-17 04:44:37,2018-04-17 18:40:46
2018-04-18,2018-04-18 04:42:33,2018-04-18 18:42:24
2018-04-19,2018-04-19 04:40:29,2018-04-19 18:44:01
2018-04-20,2018-04-20 04:38:26,2018-04-20 18:45:39
2018-04-21,2018-04-21 04:36:25,2018-04-21 18:47:16
2018-04-22,2018-04-22 04:34:24,2018-04-22 18:48:53
2018-04-23,2018-04-23 04:32:24,2018-04-23 18:50:30
2018-04-24,2018-04-24 04:30:25,2018-04-24 18:52:07
2018-04-25,2018-04-25 04:28:27,2018-04-25 18:53:44
2018-04-26,2018-04-26 04:26:31,2018-04-26 18:55:21
2018-04-27,2018-04-27 04:24:35,2018-04-27 18:56:57
2018-04-28,2018-04-28 04:22:41,2018-04-28 18:58:34
2018-04-29,2018-04-29 04:20:48,2018-04-29 19:00:10
2018-04-30,2018-04-30 04:18:56,2018-04-30 19:01:46
2018-05-01,2018-05-01 04:17:05,2018-05-01 19:03:21
2018-05-02,2018-05-02 04:15:16,2018-05-02 19:04:56
2018-05-03,2018-05-03 04:13:28,2018-05-03 19:06:31
2018-05-04,2018-05-04 04:11:41,2018-05-04 19:08:06
2018-05-05,2018-05-05 04:09:57,2018-05-05 19:09:40
2018-05-06,2018-05-06 04:08:13,2018-05-06 19:11:14
2018-05-07,2018-05-07 04:06:31,2018-05-07 19:12:47
2018-05-08,2018-05-08 04:04:51,2018-05-08 19:14:20
2018-05-09,2018-05-09 04:03:12,2018-05-09 19:15:52
2018-05-10,2018-05-10 04:01:36,2018-05-10 19:17:24
2018-05-11,2018-05-11 04:00:00,2018-05-11 19:18:55
2018-05-12,2018-05-12 03:58:27,2018-05-12 19:20:25
2018-05-13,2018-05-13 03:56:56,2018-05-13 19:21:54
2018-05-14,2018-05-14 03:55:26,2018-05-14 19:23:23
2018-05-15,2018-05-15 03:53:58,2018-05-15 19:24:51
2018-05-16,2018-05-16 03:52:33,2018-05-16 19:26:18
2018-05-17,2018-05-17 03:51:09,2018-05-17 19:27:44
2018-05-18,2018-05-18 03:49:48,2018-05-18 19:29:09
2018-05-19,2018-05-19 03:48:28,2018-05-19 19:30:33
2018-05-20,2018-05-20 03:47:11,2018-05-20 19:31:56
2018-05-21,2018-05-21 03:45:56,2018-05-21 19:33:17
2018-05-22,2018-05-22 03:44:43,2018-05-22 19:34:37
2018-05-23,2018-05-23 03:43:33,2018-05-23 19:35:56
2018-05-24,2018-05-24 03:42:25,2018-05-24 19:37:14
2018-05-25,2018-05-25 03:41:20,2018-05-25 19:38:30
2018-05-26,2018-05-26 03:40:16,2018-05-26 19:39:45
2018-05-27,2018-05-27 03:39:16,2018-05-27 19:40:58
2018-05-28,2018-05-28 03:38:18,2018-05-28 19:42:09
2018-05-29,2018-05-29 03:37:22,2018-05-29 19:43:18
2018-05-30,2018-05-30 03:36:29,2018-05-30 19:44:26
2018-05-31,2018-05-31 03:35:39,2018-05-31 19:45:32
2018-06-01,2018-06-01 03:34:52,2018-06-01 19:46:36
2018-06-02,2018-06-02 03:34:07,2018-06-02 19:47:38
2018-06-03,2018-06-03 03:33:25,2018-06-03 19:48:38
2018-06-04,2018-06-04 03:32:46,2018-06-04 19:49:36
2018-06-05,2018-06-05 03:32:10,2018-06-05 19:50:31
2018-06-06,2018-06-06 03:31:36,2018-06-06 19:51:25
2018-06-07,2018-06-07 03:31:06,2018-06-07 19:52:16
2018-06-08,2018-06-08 03:30:38,2018-06-08 19:53:05
2018-06-09,2018-06-09 03:30:13,2018-06-09 19:53:51
2018-06-10,2018-06-10 03:29:51,2018-06-10 19:54:35
2018-06-11,2018-06-11 03:29:32,2018-06-11 19:55:16
2018-06-12,2018-06-12 03:29:17,2018-06-12 19:55:54
2018-06-13,2018-06-13 03:29:04,2018-06-13 19:56:30
2018-06-14,2018-06-14 03:28:54,2018-06-14 19:57:03
2018-06-15,2018-06-15 03:28:47,2018-06-15 19:57:34
2018-06-16,2018-06-16 03:28:43,2018-06-16 19:58:02
2018-06-17,2018-06-17 03:28:42,2018-06-17 19:58:27
2018-06-18,2018-06-18 03:28:44,2018-06-18 19:58:49
2018-06-19,2018-06-19 03:28:49,2018-06-19 19:59:08
2018-06-20,2018-06-20 03:28:57,2018-06-20 19:59:24
2018-06-21,2018-06-21 03:29:07,2018-06-21 19:59:37
2018-06-22,2018-06-22 03:29:21,2018-06-22 19:59:48
2018-06-23,2018-06-23 03:29:38,2018-06-23 19:59:55
2018-06-24,2018-06-24 03:29:57,2018-06-24 19:59:59
2018-06-25,2018-06-25 03:30:19,2018-06-25 20:00:01
2018-06-26,2018-06-26 03:30:44,2018-06-26 19:59:59
2018-06-27,2018-06-27 03:31:12,2018-06-27 19:59:54
2018-06-28,2018-06-28 03:31:42,2018-06-28 19:59:47
2018-06-29,2018-06-29 03:32:16,2018-06-29 19:59:36
2018-06-30,2018-06-30 03:32:51,2018-06-30 19:59:22
2018-07-01,2018-07-01 03:33:30,2018-07-01 19:59:05
2018-07-02,2018-07-02 03:34:10,2018-07-02 19:58:45
2018-07-03,2018-07-03 03:34:54,2018-07-03 19:58:23
2018-07-04,2018-07-04 03:35:39,2018-07-04 19:57:57
2018-07-05,2018-07-05 03:36:27,2018-07-05 19:57:28
2018-07-06,2018-07-06 03:37:17,2018-07-06 19:56:57
2018-07-07,2018-07-07 03:38:10,2018-07-07 19:56:22
2018-07-08,2018-07-08 03:39:05,2018-07-08 19:55:44
2018-07-09,2018-07-09 03:40:01,2018-07-09 19:55:04
2018-07-10,2018-07-10 03:41:00,2018-07-10 19:54:21
2018-07-11,2018-07-11 03:42:01,2018-07-11 19:53:35
2018-07-12,2018-07-12 03:43:03,2018-07-12 19:52:46
2018-07-13,2018-07-13 03:44:08,2018-07-13 19:51:55
2018-07-14,2018-07-14 03:45:14,2018-07-14 19:51:01
2018-07-15,2018-07-15 03:46:22,2018-07-15 19:50:04
2018-07-16,2018-07-16 03:47:32,2018-07-16 19:49:05
2018-07-17,2018-07-17 03:48:43,2018-07-17 19:48:03
2018-07-18,2018-07-18 03:49:55,2018-07-18 19:46:59
2018-07-19,2018-07-19 03:51:09,2018-07-19 19:45:52
2018-07-20,2018-07-20 03:52:25,2018-07-20 19:44:43
2018-07-21,2018-07-21 03:53:41,2018-07-21 19:43:31
2018-07-22,2018-07-22 03:54:59,2018-07-22 19:42:17
2018-07-23,2018-07-23 03:56:19,2018-07-23 19:41:01
2018-07-24,2018-07-24 03:57:39,2018-07-24 19:39:42
2018-07-25,2018-07-25 03:59:00,2018-07-25 19:38:22
2018-07-26,2018-07-26 04:00:22,2018-07-26 19:36:59
2018-07-27,2018-07-27 04:01:45,2018-07-27 19:35:34
2018-07-28,2018-07-28 04:03:10,2018-07-28 19:34:07
2018-07-29,2018-07-29 04:04:34,2018-07-29 19:32:38
2018-07-30,2018-07-30 04:06:00,2018-07-30 19:31:07
2018-07-31,2018-07-31 04:07:26,2018-07-31 19:29:35
2018-08-01,2018-08-01 04:08:54,2018-08-01 19:28:00
2018-08-02,2018-08-02 04:10:21,2018-08-02 19:26:24
2018-08-03,2018-08-03 04:11:49,2018-08-03 19:24:45
2018-08-04,2018-08-04 04:13:18,2018-08-04 19:23:06
2018-08-05,2018-08-05 04:14:47,2018-08-05 19:21:24
2018-08-06,2018-08-06 04:16:17,2018-08-06 19:19:41
2018-08-07,2018-08-07 04:17:47,2018-08-07 19:17:56
2018-08-08,2018-08-08 04:19:18,2018-08-08 19:16:10
2018-08-09,2018-08-09 04:20:49,2018-08-09 19:14:22
2018-08-10,2018-08-10 04:22:20,2018-08-10 19:12:33
2018-08-11,2018-08-11 04:23:51,2018-08-11 19:10:43
2018-08-12,2018-08-12 04:25:23,2018-08-12 19:08:51
2018-08-13,2018-08-13 04:26:55,2018-08-13 19:06:58
2018-08-14,2018-08-14 04:28:27,2018-08-14 19:05:03
2018-08-15,2018-08-15 04:29:59,2018-08-15 19:03:08
2018-08-16,2018-08-16 04:31:31,2018-08-16 19:01:11
2018-08-17,2018-08-17 04:33:04,2018-08-17 18:59:13
2018-08-18,2018-08-18 04:34:37,2018-08-18 18:57:14
2018-08-19,2018-08-19 04:36:09,2018-08-19 18:55:14
2018-08-20,2018-08-20 04:37:42,2018-08-20 18:53:13
2018-08-21,2018-08-21 04:39:15,2018-08-21 18:51:11
2018-08-22,2018-08-22 04:40:48,2018-08-22 18:49:08
2018-08-23,2018-08-23 04:42:21,2018-08-23 18:47:04
2018-08-24,2018-08-24 04:43:53,2018-08-24 18:44:59
2018-08-25,2018-08-25 04:45:26,2018-08-25 18:42:54
2018-08-26,2018-08-26 04:46:59,2018-08-26 18:40:47
2018-08-27,2018-08-27 04:48:32,2018-08-27 18:38:40
2018-08-28,2018-08-28 04:50:05,2018-08-28 18:36:32
2018-08-29,2018-08-29 04:51:38,2018-08-29 18:34:24
2018-08-30,2018-08-30 04:53:11,2018-08-30 18:32:14
2018-08-31,2018-08-31 04:54:44,2018-08-31 18:30:05
2018-09-01,2018-09-01 04:56:17,2018-09-01 18:27:54
2018-09-02,2018-09-02 04:57:49,2018-09-02 18:25:43
2018-09-03,2018-09-03 04:59:22,2018-09-03 18:23:32
2018-09-04,2018-09-04 05:00:55,2018-09-04 18:21:20
2018-09-05,2018-09-05 05:02:28,2018-09-05 18:19:07
2018-09-06,2018-09-06 05:04:01,2018-09-06 18:16:54
2018-09-07,2018-09-07 05:05:33,2018-09-07 18:14:41
2018-09-08,2018-09-08 05:07:06,2018-09-08 18:12:27
2018-09-09,2018-09-09 05:08:39,2018-09-09 18:10:13
2018-09-10,2018-09-10 05:10:12,2018-09-10 18:07:59
2018-09-11,2018-09-11 05:11:44,2018-09-11 18:05:45
2018-09-12,2018-09-12 05:13:17,2018-09-12 18:03:30
2018-09-13,2018-09-13 05:14:50,2018-09-13 18:01:15
2018-09-14,2018-09-14 05:16:23,2018-09-14 17:59:00
2018-09-15,2018-09-15 05:17:56,2018-09-15 17:56:44
2018-09-16,2018-09-16 05:19:29,2018-09-16 17:54:29
2018-09-17,2018-09-17 05:21:02,2018-09-17 17:52:13
2018-09-18,2018-09-18 05:22:35,2018-09-18 17:49:57
2018-09-19,2018-09-19 05:24:08,2018-09-19 17:47:42
2018-09-20,2018-09-20 05:25:42,2018-09-20 17:45:26
2018-09-21,2018-09-21 05:27:15,2018-09-21 17:43:10
2018-09-22,2018-09-22 05:28:49,2018-09-22 17:40:54
2018-09-23,2018-09-23 05:30:22,2018-09-23 17:38:39
2018-09-24,2018-09-24 05:31:56,2018-09-24 17:36:23
2018-09-25,2018-09-25 05:33:30,2018-09-25 17:34:08
2018-09-26,2018-09-26 05:35:04,2018-09-26 17:31:53
2018-09-27,2018-09-27 05:36:39,2018-09-27 17:29:37
2018-09-28,2018-09-28 05:38:13,2018-09-28 17:27:23
2018-09-29,2018-09-29 05:39:48,2018-09-29 17:25:08
2018-09-30,2018-09-30 05:41:23,2018-09-30 17:22:54
2018-10-01,2018-10-01 05:42:58,2018-10-01 17:20:40
2018-10-02,2018-10-02 05:44:34,2018-10-02 17:18:26
2018-10-03,2018-10-03 05:46:09,2018-10-03 17:16:13
2018-10-04,2018-10-04 05:47:45,2018-10-04 17:14:00
2018-10-05,2018-10-05 05:49:21,2018-10-05 17:11:48
2018-10-06,2018-10-06 05:50:57,2018-10-06 17:09:36
2018-10-07,2018-10-07 05:52:34,2018-10-07 17:07:24
2018-10-08,2018-10-08 05:54:11,2018-10-08 17:05:13
2018-10-09,2018-10-09 05:55:48,2018-10-09 17:03:03
2018-10-10,2018-10-10 05:57:26,2018-10-10 17:00:53
2018-10-11,2018-10-11 05:59:04,2018-10-11 16:58:44
2018-10-12,2018-10-12 06:00:42,2018-10-12 16:56:36
2018-10-13,2018-10-13 06:02:20,2018-10-13 16:54:28
2018-10-14,2018-10-14 06:03:59,2018-10-14 16:52:21
2018-10-15,2018-10-15 06:05:38,2018-10-15 16:50:15
2018-10-16,2018-10-16 06:07:17,2018-10-16 16:48:10
2018-10-17,2018-10-17 06:08:57,2018-10-17 16:46:05
2018-10-18,2018-10-18 06:10:37,2018-10-18 16:44:02
2018-10-19,2018-10-19 06:12:17,2018-10-19 16:41:59
2018-10-20,2018-10-20 06:13:58,2018-10-20 16:39:57
2018-10-21,2018-10-21 06:15:38,2018-10-21 16:37:57
2018-10-22,2018-10-22 06:17:19,2018-10-22 16:35:57
2018-10-23,2018-10-23 06:19:01,2018-10-23 16:33:59
2018-10-24,2018-10-24 06:20:43,2018-10-24 16:32:01
2018-10-25,2018-10-25 06:22:24,2018-10-25 16:30:05
2018-10-26,2018-10-26 06:24:07,2018-10-26 16:28:10
2018-10-27,2018-10-27 06:25:49,2018-10-27 16:26:17
2018-10-28,2018-10-28 06:27:31,2018-10-28 16:24:24
2018-10-29,2018-10-29 06:29:14,2018-10-29 16:22:34
2018-10-30,2018-10-30 06:30:57,2018-10-30 16:20:44
2018-10-31,2018-10-31 06:32:40,2018-10-31 16:18:56
2018-11-01,2018-11-01 06:34:23,2018-11-01 16:17:09
2018-11-02,2018-11-02 06:36:07,2018-11-02 16:15:24
2018-11-03,2018-11-03 06:37:50,2018-11-03 16:13:41
2018-11-04,2018-11-04 06:39:33,2018-11-04 16:11:59
2018-11-05,2018-11-05 06:41:17,2018-11-05 16:10:19
2018-11-06,2018-11-06 06:43:00,2018-11-06 16:08:41
2018-11-07,2018-11-07 06:44:43,2018-11-07 16:07:04
2018-11-08,2018-11-08 06:46:26,2018-11-08 16:05:30
2018-11-09,2018-11-09 06:48:09,2018-11-09 16:03:57
2018-11-10,2018-11-10 06:49:51,2018-11-10 16:02:26
2018-11-11,2018-11-11 06:51:34,2018-11-11 16:00:58
2018-11-12,2018-11-12 06:53:16,2018-11-12 15:59:31
2018-11-13,2018-11-13 06:54:57,2018-11-13 15:58:06
2018-11-14,2018-11-14 06:56:39,2018-11-14 15:56:44
2018-11-15,2018-11-15 06:58:19,2018-11-15 15:55:24
2018-11-16,2018-11-16 06:59:59,2018-11-16 15:54:06
2018-11-17,2018-11-17 07:01:39,2018-11-17 15:52:50
2018-11-18,2018-11-18 07:03:18,2018-11-18 15:51:37
2018-11-19,2018-11-19 07:04:56,2018-11-19 15:50:26
2018-11-20,2018-11-20 07:06:33,2018-11-20 15:49:18
2018-11-21,2018-11-21 07:08:09,2018-11-21 15:48:12
2018-11-22,2018-11-22 07:09:45,2018-11-22 15:47:09
2018-11-23,2018-11-23 07:11:19,2018-11-23 15:46:08
2018-11-24,2018-11-24 07:12:52,2018-11-24 15:45:10
2018-11-25,2018-11-25 07:14:24,2018-11-25 15:44:15
2018-11-26,2018-11-26 07:15:55,2018-11-26 15:43:23
2018-11-27,2018-11-27 07:17:25,2018-11-27 15:42:33
2018-11-28,2018-11-28 07:18:52,2018-11-28 15:41:47
2018-11-29,2018-11-29 07:20:19,2018-11-29 15:41:03
2018-11-30,2018-11-30 07:21:44,2018-11-30 15:40:22
2018-12-01,2018-12-01 07:23:07,2018-12-01 15:39:45
2018-12-02,2018-12-02 07:24:28,2018-12-02 15:39:10
2018-12-03,2018-12-03 07:25:47,2018-12-03 15:38:38
2018-12-04,2018-12-04 07:27:05,2018-12-04 15:38:10
2018-12-05,2018-12-05 07:28:20,2018-12-05 15:37:45
2018-12-06,2018-12-06 07:29:34,2018-12-06 15:37:23
2018-12-07,2018-12-07 07:30:45,2018-12-07 15:37:04
2018-12-08,2018-12-08 07:31:54,2018-12-08 15:36:48
2018-12-09,2018-12-09 07:33:01,2018-12-09 15:36:36
2018-12-10,2018-12-10 07:34:05,2018-12-10 15:36:27
2018-12-11,2018-12-11 07:35:06,2018-12-11 15:36:21
2018-12-12,2018-12-12 07:36:05,2018-12-12 15:36:19
2018-12-13,2018-12-13 07:37:02,2018-12-13 15:36:19
2018-12-14,2018-12-14 07:37:56,2018-12-14 15:36:24
2018-12-15,2018-12-15 07:38:47,2018-12-15 15:36:31
2018-12-16,2018-12-16 07:39:35,2018-12-16 15:36:42
2018-12-17,2018-12-17 07:40:20,2018-12-17 15:36:56
2018-12-18,2018-12-18 07:41:02,2018-12-18 15:37:14
2018-12-19,2018-12-19 07:41:42,2018-12-19 15:37:34
2018-12-20,2018-12-20 07:42:18,2018-12-20 15:37:58
2018-12-21,2018-12-21 07:42:51,2018-12-21 15:38:26
2018-12-22,2018-12-22 07:43:21,2018-12-22 15:38:56
2018-12-23,2018-12-23 07:43:48,2018-12-23 15:39:30
2018-12-24,2018-12-24 07:44:12,2018-12-24 15:40:06
2018-12-25,2018-12-25 07:44:33,2018-12-25 15:40:46
2018-12-26,2018-12-26 07:44:50,2018-12-26 15:41:29
2018-12-27,2018-12-27 07:45:04,2018-12-27 15:42:15
2018-12-28,2018-12-28 07:45:15,2018-12-28 15:43:04
2018-12-29,2018-12-29 07:45:22,2018-12-29 15:43:56
2018-12-30,2018-12-30 07:45:27,2018-12-30 15:44:51
2018-12-31,2018-12-31 07:45:28,2018-12-31 15:45:48
2019-01-01,2019-01-01 07:45:25,2019-01-01 15:46:48
2019-01-02,2019-01-02 07:45:20,2019-01-02 15:47:51
2019-01-03,2019-01-03 07:45:11,2019-01-03 15:48:56
2019-01-04,2019-01-04 07:44:59,2019-01-04 15:50:04
2019-01-05,2019-01-05 07:44:44,2019-01-05 15:51:14
2019-01-06,2019-01-06 07:44:25,2019-01-06 15:52:27
2019-01-07,2019-01-07 07:44:03,2019-01-07 15:53:42
2019-01-08,2019-01-08 07:43:38,2019-01-08 15:54:59
2019-01-09,2019-01-09 07:43:10,2019-01-09 15:56:18
2019-01-10,2019-01-10 07:42:39,2019-01-10 15:57:40
2019-01-11,2019-01-11 07:42:05,2019-01-11 15:59:03
2019-01-12,2019-01-12 07:41:28,2019-01-12 16:00:28
2019-01-13,2019-01-13 07:40:48,2019-01-13 16:01:55
2019-01-14,2019-01-14 07:40:05,2019-01-14 16:03:23
2019-01-15,2019-01-15 07:39:18,2019-01-15 16:04:53
2019-01-16,2019-01-16 07:38:30,2019-01-16 16:06:25
2019-01-17,2019-01-17 07:37:38,2019-01-17 16:07:58
2019-01-18,2019-01-18 07:36:43,2019-01-18 16:09:33
2019-01-19,2019-01-19 07:35:46,2019-01-19 16:11:09
2019-01-20,2019-01-20 07:34:46,2019-01-20 16:12:46
2019-01-21,2019-01-21 07:33:44,2019-01-21 16:14:24
2019-01-22,2019-01-22 07:32:38,2019-01-22 16:16:03
2019-01-23,2019-01-23 07:31:31,2019-01-23 16:17:43
2019-01-24,2019-01-24 07:30:21,2019-01-24 16:19:24
2019-01-25,2019-01-25 07:29:08,2019-01-25 16:21:06
2019-01-26,2019-01-26 07:27:53,2019-01-26 16:22:48
2019-01-27,2019-01-27 07:26:36,2019-01-27 16:24:32
2019-01-28,2019-01-28 07:25:17,2019-01-28 16:26:16
2019-01-29,2019-01-29 07:23:55,2019-01-29 16:28:00
2019-01-30,2019-01-30 07:22:31,2019-01-30 16:29:45
2019-01-31,2019-01-31 07:21:05,2019-01-31 16:31:31
2019-02-01,2019-02-01 07:19:37,2019-02-01 16:33:17
2019-02-02,2019-02-02 07:18:07,2019-02-02 16:35:03
2019-02-03,2019-02-03 07:16:35,2019-02-03 16:36:49
2019-02-04,2019-02-04 07:15:01,2019-02-04 16:38:36
2019-02-05,2019-02-05 07:13:26,2019-02-05 16:40:23
2019-02-06,2019-02-06 07:11:48,2019-02-06 16:42:10
2019-02-07,2019-02-07 07:10:09,2019-02-07 16:43:57
2019-02-08,2019-02-08 07:08:28,2019-02-08 16:45:44
2019-02-09,2019-02-09 07:06:46,2019-02-09 16:47:32
2019-02-10,2019-02-10 07:05:02,2019-02-10 16:49:19
2019-02-11,2019-02-11 07:03:16,2019-02-11 16:51:06
2019-02-12,2019-02-12 07:01:29,2019-02-12 16:52:53
2019-02-13,2019-02-13 06:59:40,2019-02-13 16:54:40
2019-02-14,2019-02-14 06:57:50,2019-02-14 16:56:27
2019-02-15,2019-02-15 06:55:59,2019-02-15 16:58:14
2019-02-16,2019-02-16 06:54:06,2019-02-16 17:00:01
2019-02-17,2019-02-17 06:52:12,2019-02-17 17:01:47
2019-02-18,2019-02-18 06:50:17,2019-02-18 17:03:34
2019-02-19,2019-02-19 06:48:21,2019-02-19 17:05:20
2019-02-20,2019-02-20 06:46:23,2019-02-20 17:07:06
2019-02-21,2019-02-21 06:44:25,2019-02-21 17:08:51
2019-02-22,2019-02-22 06:42:25,2019-02-22 17:10:36
2019-02-23,2019-02-23 06:40:24,2019-02-23 17:12:22
2019-02-24,2019-02-24 06:38:23,2019-02-24 17:14:06
2019-02-25,2019-02-25 06:36:20,2019-02-25 17:15:51
2019-02-26,2019-02-26 06:34:17,2019-02-26 17:17:35
2019-02-27,2019-02-27 06:32:13,2019-02-27 17:19:19
2019-02-28,2019-02-28 06:30:08,2019-02-28 17:21:03
2019-03-01,2019-03-01 06:28:02,2019-03-01 17:22:46
2019-03-02,2019-03-02 06:25:55,2019-03-02 17:24:29
2019-03-03,2019-03-03 06:23:48,2019-03-03 17:26:12
2019-03-04,2019-03-04 06:21:40,2019-03-04 17:27:55
2019-03-05,2019-03-05 06:19:31,2019-03-05 17:29:37
2019-03-06,2019-03-06 06:17:22,2019-03-06 17:31:19
2019-03-07,2019-03-07 06:15:12,2019-03-07 17:33:01
2019-03-08,2019-03-08 06:13:02,2019-03-08 17:34:42
2019-03-09,2019-03-09 06:10:51,2019-03-09 17:36:23
2019-03-10,2019-03-10 06:08:40,2019-03-10 17:38:04
2019-03-11,2019-03-11 06:06:29,2019-03-11 17:39:45
2019-03-12,2019-03-12 06:04:17,2019-03-12 17:41:26
2019-03-13,2019-03-13 06:02:04,2019-03-13 17:43:06
2019-03-14,2019-03-14 05:59:52,2019-03-14 17:44:46
2019-03-15,2019-03-15 05:57:39,2019-03-15 17:46:26
2019-03-16,2019-03-16 05:55:25,2019-03-16 17:48:05
2019-03-17,2019-03-17 05:53:12,2019-03-17 17:49:45
2019-03-18,2019-03-18 05:50:58,2019-03-18 17:51:24
2019-03-19,2019-03-19 05:48:44,2019-03-19 17:53:03
2019-03-20,2019-03-20 05:46:30,2019-03-20 17:54:42
2019-03-21,2019-03-21 05:44:16,2019-03-21 17:56:21
2019-03-22,2019-03-22 05:42:02,2019-03-22 17:58:00
2019-03-23,2019-03-23 05:39:48,2019-03-23 17:59:38
2019-03-24,2019-03-24 05:37:34,2019-03-24 18:01:17
2019-03-25,2019-03-25 05:35:19,2019-03-25 18:02:55
2019-03-26,2019-03-26 05:33:05,2019-03-26 18:04:33
2019-03-27,2019-03-27 05:30:51,2019-03-27 18:06:11
2019-03-28,2019-03-28 05:28:37,2019-03-28 18:07:49
2019-03-29,2019-03-29 05:26:23,2019-03-29 18:09:27
2019-03-30,2019-03-30 05:24:10,2019-03-30 18:11:05
2019-03-31,2019-03-31 05:21:56,2019-03-31 18:12:43
2019-04-01,2019-04-01 05:19:43,2019-04-01 18:14:21
2019-04-02,2019-04-02 05:17:30,2019-04-02 18:15:59
2019-04-03,2019-04-03 05:15:17,2019-04-03 18:17:36
2019-04-04,2019-04-04 05:13:05,2019-04-04 18:19:14
2019-04-05,2019-04-05 05:10:53,2019-04-05 18:20:52
2019-04-06,2019-04-06 05:08:41,2019-04-06 18:22:29
2019-04-07,2019-04-07 05:06:30,2019-04-07 18:24:07
2019-04-08,2019-04-08 05:04:19,2019-04-08 18:25:45
2019-04-09,2019-04-09 05:02:09,2019-04-09 18:27:22
2019-04-10,2019-04-10 04:59:59,2019-04-10 18:29:00
2019-04-11,2019-04-11 04:57:50,2019-04-11 18:30:38
2019-04-12,2019-04-12 04:55:41,2019-04-12 18:32:15
2019-04-13,2019-04-13 04:53:33,2019-04-13 18:33:53
2019-04-14,2019-04-14 04:51:25,2019-04-14 18:35:30
2019-04-15,2019-04-15 04:49:19,2019-04-15 18:37:08
2019-04-16,2019-04-16 04:47:12,2019-04-16 18:38:45
2019-04-17,2019-04-17 04:45:07,2019-04-17 18:40:23
2019-04-18,2019-04-18 04:43:03,2019-04-18 18:42:00
2019-04-19,2019-04-19 04:40:59,2019-04-19 18:43:38
2019-04-20,2019-04-20 04:38:56,2019-04-20 18:45:15
2019-04-21,2019-04-21 04:36:54,2019-04-21 18:46:52
2019-04-22,2019-04-22 04:34:53,2019-04-22 18:48:30
2019-04-23,2019-04-23 04:32:53,2019-04-23 18:50:07
2019-04-24,2019-04-24 04:30:54,2019-04-24 18:51:44
2019-04-25,2019-04-25 04:28:56,2019-04-25 18:53:21
2019-04-26,2019-04-26 04:26:59,2019-04-26 18:54:57
2019-04-27,2019-04-27 04:25:03,2019-04-27 18:56:34
2019-04-28,2019-04-28 04:23:08,2019-04-28 18:58:10
2019-04-29,2019-04-29 04:21:15,2019-04-29 18:59:46
2019-04-30,2019-04-30 04:19:23,2019-04-30 19:01:22
2019-05-01,2019-05-01 04:17:32,2019-05-01 19:02:58
2019-05-02,2019-05-02 04:15:42,2019-05-02 19:04:33
2019-05-03,2019-05-03 04:13:54,2019-05-03 19:06:08
2019-05-04,2019-05-04 04:12:07,2019-05-04 19:07:43
2019-05-05,2019-05-05 04:10:22,2019-05-05 19:09:17
2019-05-06,2019-05-06 04:08:38,2019-05-06 19:10:51
2019-05-07,2019-05-07 04:06:56,2019-05-07 19:12:25
2019-05-08,2019-05-08 04:05:15,2019-05-08 19:13:58
2019-05-09,2019-05-09 04:03:36,2019-05-09 19:15:30
2019-05-10,2019-05-10 04:01:59,2019-05-10 19:17:02
2019-05-11,2019-05-11 04:00:23,2019-05-11 19:18:33
2019-05-12,2019-05-12 03:58:49,2019-05-12 19:20:03
2019-05-13,2019-05-13 03:57:17,2019-05-13 19:21:33
2019-05-14,2019-05-14 03:55:47,2019-05-14 19:23:02
2019-05-15,2019-05-15 03:54:19,2019-05-15 19:24:30
2019-05-16,2019-05-16 03:52:53,2019-05-16 19:25:57
2019-05-17,2019-05-17 03:51:29,2019-05-17 19:27:23
2019-05-18,2019-05-18 03:50:07,2019-05-18 19:28:49
2019-05-19,2019-05-19 03:48:47,2019-05-19 19:30:13
2019-05-20,2019-05-20 03:47:29,2019-05-20 19:31:36
2019-05-21,2019-05-21 03:46:14,2019-05-21 19:32:58
2019-05-22,2019-05-22 03:45:01,2019-05-22 19:34:18
2019-05-23,2019-05-23 03:43:50,2019-05-23 19:35:38
2019-05-24,2019-05-24 03:42:41,2019-05-24 19:36:55
2019-05-25,2019-05-25 03:41:35,2019-05-25 19:38:12
2019-05-26,2019-05-26 03:40:31,2019-05-26 19:39:27
2019-05-27,2019-05-27 03:39:30,2019-05-27 19:40:40
2019-05-28,2019-05-28 03:38:31,2019-05-28 19:41:52
2019-05-29,2019-05-29 03:37:35,2019-05-29 19:43:02
2019-05-30,2019-05-30 03:36:42,2019-05-30 19:44:10
2019-05-31,2019-05-31 03:35:51,2019-05-31 19:45:17
2019-06-01,2019-06-01 03:35:03,2019-06-01 19:46:21
2019-06-02,2019-06-02 03:34:18,2019-06-02 19:47:24
2019-06-03,2019-06-03 03:33:35,2019-06-03 19:48:24
2019-06-04,2019-06-04 03:32:55,2019-06-04 19:49:22
2019-06-05,2019-06-05 03:32:18,2019-06-05 19:50:19
2019-06-06,2019-06-06 03:31:44,2019-06-06 19:51:12
2019-06-07,2019-06-07 03:31:13,2019-06-07 19:52:04
2019-06-08,2019-06-08 03:30:44,2019-06-08 19:52:53
2019-06-09,2019-06-09 03:30:19,2019-06-09 19:53:40
2019-06-10,2019-06-10 03:29:56,2019-06-10 19:54:25
2019-06-11,2019-06-11 03:29:37,2019-06-11 19:55:06
2019-06-12,2019-06-12 03:29:20,2019-06-12 19:55:46
2019-06-13,2019-06-13 03:29:06,2019-06-13 19:56:22
2019-06-14,2019-06-14 03:28:56,2019-06-14 19:56:56
2019-06-15,2019-06-15 03:28:48,2019-06-15 19:57:27
2019-06-16,2019-06-16 03:28:43,2019-06-16 19:57:56
2019-06-17,2019-06-17 03:28:42,2019-06-17 19:58:21
2019-06-18,2019-06-18 03:28:43,2019-06-18 19:58:44
2019-06-19,2019-06-19 03:28:47,2019-06-19 19:59:04
2019-06-20,2019-06-20 03:28:54,2019-06-20 19:59:21
2019-06-21,2019-06-21 03:29:04,2019-06-21 19:59:35
2019-06-22,2019-06-22 03:29:17,2019-06-22 19:59:46
2019-06-23,2019-06-23 03:29:33,2019-06-23 19:59:54
2019-06-24,2019-06-24 03:29:52,2019-06-24 19:59:59
2019-06-25,2019-06-25 03:30:14,2019-06-25 20:00:01
2019-06-26,2019-06-26 03:30:38,2019-06-26 20:00:00
2019-06-27,2019-06-27 03:31:05,2019-06-27 19:59:56
2019-06-28,2019-06-28 03:31:35,2019-06-28 19:59:49
2019-06-29,2019-06-29 03:32:07,2019-06-29 19:59:39
2019-06-30,2019-06-30 03:32:42,2019-06-30 19:59:26
2019-07-01,2019-07-01 03:33:20,2019-07-01 19:59:10
2019-07-02,2019-07-02 03:34:00,2019-07-02 19:58:51
2019-07-03,2019-07-03 03:34:43,2019-07-03 19:58:29
2019-07-04,2019-07-04 03:35:28,2019-07-04 19:58:04
2019-07-05,2019-07-05 03:36:15,2019-07-05 19:57:36
2019-07-06,2019-07-06 03:37:05,2019-07-06 19:57:05
2019-07-07,2019-07-07 03:37:57,2019-07-07 19:56:31
2019-07-08,2019-07-08 03:38:51,2019-07-08 19:55:54
2019-07-09,2019-07-09 03:39:47,2019-07-09 19:55:15
2019-07-10,2019-07-10 03:40:46,2019-07-10 19:54:32
2019-07-11,2019-07-11 03:41:46,2019-07-11 19:53:47
2019-07-12,2019-07-12 03:42:48,2019-07-12 19:52:59
2019-07-13,2019-07-13 03:43:52,2019-07-13 19:52:08
2019-07-14,2019-07-14 03:44:58,2019-07-14 19:51:15
2019-07-15,2019-07-15 03:46:05,2019-07-15 19:50:19
2019-07-16,2019-07-16 03:47:15,2019-07-16 19:49:20
2019-07-17,2019-07-17 03:48:25,2019-07-17 19:48:19
2019-07-18,2019-07-18 03:49:38,2019-07-18 19:47:15
2019-07-19,2019-07-19 03:50:51,2019-07-19 19:46:09
2019-07-20,2019-07-20 03:52:06,2019-07-20 19:45:00
2019-07-21,2019-07-21 03:53:23,2019-07-21 19:43:49
2019-07-22,2019-07-22 03:54:40,2019-07-22 19:42:36
2019-07-23,2019-07-23 03:55:59,2019-07-23 19:41:20
2019-07-24,2019-07-24 03:57:19,2019-07-24 19:40:02
2019-07-25,2019-07-25 03:58:40,2019-07-25 19:38:42
2019-07-26,2019-07-26 04:00:02,2019-07-26 19:37:19
2019-07-27,2019-07-27 04:01:25,2019-07-27 19:35:55
2019-07-28,2019-07-28 04:02:49,2019-07-28 19:34:29
2019-07-29,2019-07-29 04:04:14,2019-07-29 19:33:00
2019-07-30,2019-07-30 04:05:39,2019-07-30 19:31:30
2019-07-31,2019-07-31 04:07:05,2019-07-31 19:29:58
2019-08-01,2019-08-01 04:08:32,2019-08-01 19:28:23
2019-08-02,2019-08-02 04:10:00,2019-08-02 19:26:47
2019-08-03,2019-08-03 04:11:28,2019-08-03 19:25:10
2019-08-04,2019-08-04 04:12:57,2019-08-04 19:23:30
2019-08-05,2019-08-05 04:14:26,2019-08-05 19:21:49
2019-08-06,2019-08-06 04:15:55,2019-08-06 19:20:06
2019-08-07,2019-08-07 04:17:25,2019-08-07 19:18:22
2019-08-08,2019-08-08 04:18:56,2019-08-08 19:16:36
2019-08-09,2019-08-09 04:20:27,2019-08-09 19:14:49
2019-08-10,2019-08-10 04:21:58,2019-08-10 19:13:00
2019-08-11,2019-08-11 04:23:29,2019-08-11 19:11:10
2019-08-12,2019-08-12 04:25:01,2019-08-12 19:09:18
2019-08-13,2019-08-13 04:26:32,2019-08-13 19:07:25
2019-08-14,2019-08-14 04:28:05,2019-08-14 19:05:31
2019-08-15,2019-08-15 04:29:37,2019-08-15 19:03:36
2019-08-16,2019-08-16 04:31:09,2019-08-16 19:01:40
2019-08-17,2019-08-17 04:32:42,2019-08-17 18:59:42
2019-08-18,2019-08-18 04:34:14,2019-08-18 18:57:43
2019-08-19,2019-08-19 04:35:47,2019-08-19 18:55:43
2019-08-20,2019-08-20 04:37:20,2019-08-20 18:53:42
2019-08-21,2019-08-21 04:38:52,2019-08-21 18:51:41
2019-08-22,2019-08-22 04:40:25,2019-08-22 18:49:38
2019-08-23,2019-08-23 04:41:58,2019-08-23 18:47:34
2019-08-24,2019-08-24 04:43:31,2019-08-24 18:45:30
2019-08-25,2019-08-25 04:45:04,2019-08-25 18:43:24
2019-08-26,2019-08-26 04:46:37,2019-08-26 18:41:18
2019-08-27,2019-08-27 04:48:10,2019-08-27 18:39:11
2019-08-28,2019-08-28 04:49:43,2019-08-28 18:37:03
2019-08-29,2019-08-29 04:51:16,2019-08-29 18:34:55
2019-08-30,2019-08-30 04:52:48,2019-08-30 18:32:46
2019-08-31,2019-08-31 04:54:21,2019-08-31 18:30:36
2019-09-01,2019-09-01 04:55:54,2019-09-01 18:28:26
2019-09-02,2019-09-02 04:57:27,2019-09-02 18:26:15
2019-09-03,2019-09-03 04:59:00,2019-09-03 18:24:04
2019-09-04,2019-09-04 05:00:33,2019-09-04 18:21:52
2019-09-05,2019-09-05 05:02:05,2019-09-05 18:19:40
2019-09-06,2019-09-06 05:03:38,2019-09-06 18:17:27
2019-09-07,2019-09-07 05:05:11,2019-09-07 18:15:14
2019-09-08,2019-09-08 05:06:44,2019-09-08 18:13:00
2019-09-09,2019-09-09 05:08:16,2019-09-09 18:10:46
2019-09-10,2019-09-10 05:09:49,2019-09-10 18:08:32
2019-09-11,2019-09-11 05:11:22,2019-09-11 18:06:17
2019-09-12,2019-09-12 05:12:55,2019-09-12 18:04:03
2019-09-13,2019-09-13 05:14:28,2019-09-13 18:01:48
2019-09-14,2019-09-14 05:16:01,2019-09-14 17:59:32
2019-09-15,2019-09-15 05:17:33,2019-09-15 17:57:17
2019-09-16,2019-09-16 05:19:06,2019-09-16 17:55:02
2019-09-17,2019-09-17 05:20:39,2019-09-17 17:52:46
2019-09-18,2019-09-18 05:22:13,2019-09-18 17:50:30
2019-09-19,2019-09-19 05:23:46,2019-09-19 17:48:15
2019-09-20,2019-09-20 05:25:19,2019-09-20 17:45:59
2019-09-21,2019-09-21 05:26:53,2019-09-21 17:43:43
2019-09-22,2019-09-22 05:28:26,2019-09-22 17:41:27
2019-09-23,2019-09-23 05:30:00,2019-09-23 17:39:12
2019-09-24,2019-09-24 05:31:34,2019-09-24 17:36:56
2019-09-25,2019-09-25 05:33:08,2019-09-25 17:34:41
2019-09-26,2019-09-26 05:34:42,2019-09-26 17:32:25
2019-09-27,2019-09-27 05:36:16,2019-09-27 17:30:10
2019-09-28,2019-09-28 05:37:50,2019-09-28 17:27:55
2019-09-29,2019-09-29 05:39:25,2019-09-29 17:25:41
2019-09-30,2019-09-30 05:41:00,2019-09-30 17:23:26
2019-10-01,2019-10-01 05:42:35,2019-10-01 17:21:12
2019-10-02,2019-10-02 05:44:10,2019-10-02 17:18:59
2019-10-03,2019-10-03 05:45:46,2019-10-03 17:16:45
2019-10-04,2019-10-04 05:47:22,2019-10-04 17:14:32
2019-10-05,2019-10-05 05:48:58,2019-10-05 17:12:20
2019-10-06,2019-10-06 05:50:34,2019-10-06 17:10:08
2019-10-07,2019-10-07 05:52:11,2019-10-07 17:07:56
2019-10-08,2019-10-08 05:53:48,2019-10-08 17:05:45
2019-10-09,2019-10-09 05:55:25,2019-10-09 17:03:35
2019-10-10,2019-10-10 05:57:02,2019-10-10 17:01:25
2019-10-11,2019-10-11 05:58:40,2019-10-11 16:59:15
2019-10-12,2019-10-12 06:00:18,2019-10-12 16:57:07
2019-10-13,2019-10-13 06:01:56,2019-10-13 16:54:59
2019-10-14,2019-10-14 06:03:35,2019-10-14 16:52:52
2019-10-15,2019-10-15 06:05:14,2019-10-15 16:50:45
2019-10-16,2019-10-16 06:06:53,2019-10-16 16:48:40
2019-10-17,2019-10-17 06:08:33,2019-10-17 16:46:35
2019-10-18,2019-10-18 06:10:12,2019-10-18 16:44:31
2019-10-19,2019-10-19 06:11:53,2019-10-19 16:42:29
2019-10-20,2019-10-20 06:13:33,2019-10-20 16:40:27
2019-10-21,2019-10-21 06:15:14,2019-10-21 16:38:26
2019-10-22,2019-10-22 06:16:55,2019-10-22 16:36:26
2019-10-23,2019-10-23 06:18:36,2019-10-23 16:34:27
2019-10-24,2019-10-24 06:20:18,2019-10-24 16:32:30
2019-10-25,2019-10-25 06:22:00,2019-10-25 16:30:33
2019-10-26,2019-10-26 06:23:42,2019-10-26 16:28:38
2019-10-27,2019-10-27 06:25:24,2019-10-27 16:26:44
2019-10-28,2019-10-28 06:27:07,2019-10-28 16:24:51
2019-10-29,2019-10-29 06:28:49,2019-10-29 16:23:00
2019-10-30,2019-10-30 06:30:32,2019-10-30 16:21:10
2019-10-31,2019-10-31 06:32:15,2019-10-31 16:19:22
2019-11-01,2019-11-01 06:33:58,2019-11-01 16:17:35
2019-11-02,2019-11-02 06:35:42,2019-11-02 16:15:50
2019-11-03,2019-11-03 06:37:25,2019-11-03 16:14:06
2019-11-04,2019-11-04 06:39:08,2019-11-04 16:12:24
2019-11-05,2019-11-05 06:40:51,2019-11-05 16:10:43
2019-11-06,2019-11-06 06:42:35,2019-11-06 16:09:04
2019-11-07,2019-11-07 06:44:18,2019-11-07 16:07:27
2019-11-08,2019-11-08 06:46:01,2019-11-08 16:05:52
2019-11-09,2019-11-09 06:47:44,2019-11-09 16:04:19
2019-11-10,2019-11-10 06:49:27,2019-11-10 16:02:48
2019-11-11,2019-11-11 06:51:09,2019-11-11 16:01:19
2019-11-12,2019-11-12 06:52:51,2019-11-12 15:59:51
2019-11-13,2019-11-13 06:54:33,2019-11-13 15:58:26
2019-11-14,2019-11-14 06:56:14,2019-11-14 15:57:03
2019-11-15,2019-11-15 06:57:55,2019-11-15 15:55:43
2019-11-16,2019-11-16 06:59:35,2019-11-16 15:54:24
2019-11-17,2019-11-17 07:01:15,2019-11-17 15:53:08
2019-11-18,2019-11-18 07:02:54,2019-11-18 15:51:54
2019-11-19,2019-11-19 07:04:32,2019-11-19 15:50:43
2019-11-20,2019-11-20 07:06:10,2019-11-20 15:49:34
2019-11-21,2019-11-21 07:07:46,2019-11-21 15:48:27
2019-11-22,2019-11-22 07:09:22,2019-11-22 15:47:23
2019-11-23,2019-11-23 07:10:56,2019-11-23 15:46:22
2019-11-24,2019-11-24 07:12:30,2019-11-24 15:45:24
2019-11-25,2019-11-25 07:14:02,2019-11-25 15:44:28
2019-11-26,2019-11-26 07:15:33,2019-11-26 15:43:35
2019-11-27,2019-11-27 07:17:03,2019-11-27 15:42:45
2019-11-28,2019-11-28 07:18:31,2019-11-28 15:41:57
2019-11-29,2019-11-29 07:19:58,2019-11-29 15:41:13
2019-11-30,2019-11-30 07:21:23,2019-11-30 15:40:32
2019-12-01,2019-12-01 07:22:47,2019-12-01 15:39:53
2019-12-02,2019-12-02 07:24:09,2019-12-02 15:39:18
2019-12-03,2019-12-03 07:25:28,2019-12-03 15:38:45
2019-12-04,2019-12-04 07:26:46,2019-12-04 15:38:16
2019-12-05,2019-12-05 07:28:02,2019-12-05 15:37:50
2019-12-06,2019-12-06 07:29:16,2019-12-06 15:37:27
2019-12-07,2019-12-07 07:30:28,2019-12-07 15:37:08
2019-12-08,2019-12-08 07:31:38,2019-12-08 15:36:51
2019-12-09,2019-12-09 07:32:45,2019-12-09 15:36:38
2019-12-10,2019-12-10 07:33:49,2019-12-10 15:36:28
2019-12-11,2019-12-11 07:34:52,2019-12-11 15:36:22
2019-12-12,2019-12-12 07:35:51,2019-12-12 15:36:18
2019-12-13,2019-12-13 07:36:49,2019-12-13 15:36:18
2019-12-14,2019-12-14 07:37:43,2019-12-14 15:36:22
2019-12-15,2019-12-15 07:38:35,2019-12-15 15:36:29
2019-12-16,2019-12-16 07:39:23,2019-12-16 15:36:39
2019-12-17,2019-12-17 07:40:09,2019-12-17 15:36:52
2019-12-18,2019-12-18 07:40:53,2019-12-18 15:37:09
2019-12-19,2019-12-19 07:41:33,2019-12-19 15:37:29
2019-12-20,2019-12-20 07:42:10,2019-12-20 15:37:52
2019-12-21,2019-12-21 07:42:44,2019-12-21 15:38:18
2019-12-22,2019-12-22 07:43:14,2019-12-22 15:38:48
2019-12-23,2019-12-23 07:43:42,2019-12-23 15:39:21
2019-12-24,2019-12-24 07:44:07,2019-12-24 15:39:57
2019-12-25,2019-12-25 07:44:28,2019-12-25 15:40:36
2019-12-26,2019-12-26 07:44:46,2019-12-26 15:41:18
2019-12-27,2019-12-27 07:45:01,2019-12-27 15:42:03
2019-12-28,2019-12-28 07:45:13,2019-12-28 15:42:52
2019-12-29,2019-12-29 07:45:21,2019-12-29 15:43:43
2019-12-30,2019-12-30 07:45:26,2019-12-30 15:44:37
2019-12-31,2019-12-31 07:45:28,2019-12-31 15:45:33
2020-01-01,2020-01-01 07:45:26,2020-01-01 15:46:33
2020-01-02,2020-01-02 07:45:22,2020-01-02 15:47:35
2020-01-03,2020-01-03 07:45:14,2020-01-03 15:48:40
2020-01-04,2020-01-04 07:45:02,2020-01-04 15:49:47
2020-01-05,2020-01-05 07:44:48,2020-01-05 15:50:57
2020-01-06,2020-01-06 07:44:30,2020-01-06 15:52:09
2020-01-07,2020-01-07 07:44:09,2020-01-07 15:53:23
2020-01-08,2020-01-08 07:43:45,2020-01-08 15:54:40
2020-01-09,2020-01-09 07:43:18,2020-01-09 15:55:59
2020-01-10,2020-01-10 07:42:47,2020-01-10 15:57:19
2020-01-11,2020-01-11 07:42:14,2020-01-11 15:58:42
2020-01-12,2020-01-12 07:41:37,2020-01-12 16:00:07
2020-01-13,2020-01-13 07:40:58,2020-01-13 16:01:33
2020-01-14,2020-01-14 07:40:15,2020-01-14 16:03:01
2020-01-15,2020-01-15 07:39:30,2020-01-15 16:04:31
2020-01-16,2020-01-16 07:38:42,2020-01-16 16:06:02
2020-01-17,2020-01-17 07:37:51,2020-01-17 16:07:35
2020-01-18,2020-01-18 07:36:57,2020-01-18 16:09:09
2020-01-19,2020-01-19 07:36:00,2020-01-19 16:10:45
2020-01-20,2020-01-20 07:35:01,2020-01-20 16:12:22
2020-01-21,2020-01-21 07:33:59,2020-01-21 16:13:59
2020-01-22,2020-01-22 07:32:55,2020-01-22 16:15:38
2020-01-23,2020-01-23 07:31:48,2020-01-23 16:17:18
2020-01-24,2020-01-24 07:30:38,2020-01-24 16:18:59
2020-01-25,2020-01-25 07:29:26,2020-01-25 16:20:41
2020-01-26,2020-01-26 07:28:12,2020-01-26 16:22:23
2020-01-27,2020-01-27 07:26:55,2020-01-27 16:24:06
2020-01-28,2020-01-28 07:25:36,2020-01-28 16:25:50
2020-01-29,2020-01-29 07:24:15,2020-01-29 16:27:35
2020-01-30,2020-01-30 07:22:52,2020-01-30 16:29:19
2020-01-31,2020-01-31 07:21:26,2020-01-31 16:31:05
2020-02-01,2020-02-01 07:19:59,2020-02-01 16:32:51
2020-02-02,2020-02-02 07:18:29,2020-02-02 16:34:37
2020-02-03,2020-02-03 07:16:58,2020-02-03 16:36:23
2020-02-04,2020-02-04 07:15:24,2020-02-04 16:38:10
2020-02-05,2020-02-05 07:13:49,2020-02-05 16:39:57
2020-02-06,2020-02-06 07:12:12,2020-02-06 16:41:44
2020-02-07,2020-02-07 07:10:33,2020-02-07 16:43:31
2020-02-08,2020-02-08 07:08:53,2020-02-08 16:45:18
2020-02-09,2020-02-09 07:07:11,2020-02-09 16:47:05
2020-02-10,2020-02-10 07:05:27,2020-02-10 16:48:53
2020-02-11,2020-02-11 07:03:42,2020-02-11 16:50:40
2020-02-12,2020-02-12 07:01:55,2020-02-12 16:52:27
2020-02-13,2020-02-13 07:00:07,2020-02-13 16:54:14
2020-02-14,2020-02-14 06:58:17,2020-02-14 16:56:01
2020-02-15,2020-02-15 06:56:26,2020-02-15 16:57:48
2020-02-16,2020-02-16 06:54:34,2020-02-16 16:59:35
2020-02-17,2020-02-17 06:52:40,2020-02-17 17:01:21
2020-02-18,2020-02-18 06:50:45,2020-02-18 17:03:08
2020-02-19,2020-02-19 06:48:49,2020-02-19 17:04:54
2020-02-20,2020-02-20 06:46:52,2020-02-20 17:06:40
2020-02-21,2020-02-21 06:44:54,2020-02-21 17:08:25
2020-02-22,2020-02-22 06:42:54,2020-02-22 17:10:11
2020-02-23,2020-02-23 06:40:54,2020-02-23 17:11:56
2020-02-24,2020-02-24 06:38:53,2020-02-24 17:13:41
2020-02-25,2020-02-25 06:36:50,2020-02-25 17:15:25
2020-02-26,2020-02-26 06:34:47,2020-02-26 17:17:10
2020-02-27,2020-02-27 06:32:43,2020-02-27 17:18:54
2020-02-28,2020-02-28 06:30:38,2020-02-28 17:20:37
2020-02-29,2020-02-29 06:28:32,2020-02-29 17:22:21
2020-03-01,2020-03-01 06:26:26,2020-03-01 17:24:04
2020-03-02,2020-03-02 06:24:19,2020-03-02 17:25:47
2020-03-03,2020-03-03 06:22:11,2020-03-03 17:27:30
2020-03-04,2020-03-04 06:20:03,2020-03-04 17:29:12
2020-03-05,2020-03-05 06:17:54,2020-03-05 17:30:54
2020-03-06,2020-03-06 06:15:44,2020-03-06 17:32:36
2020-03-07,2020-03-07 06:13:34,2020-03-07 17:34:17
2020-03-08,2020-03-08 06:11:23,2020-03-08 17:35:59
2020-03-09,2020-03-09 06:09:12,2020-03-09 17:37:40
2020-03-10,2020-03-10 06:07:01,2020-03-10 17:39:21
2020-03-11,2020-03-11 06:04:49,2020-03-11 17:41:01
2020-03-12,2020-03-12 06:02:36,2020-03-12 17:42:41
2020-03-13,2020-03-13 06:00:24,2020-03-13 17:44:22
2020-03-14,2020-03-14 05:58:11,2020-03-14 17:46:01
2020-03-15,2020-03-15 05:55:58,2020-03-15 17:47:41
2020-03-16,2020-03-16 05:53:44,2020-03-16 17:49:21
2020-03-17,2020-03-17 05:51:31,2020-03-17 17:51:00
2020-03-18,2020-03-18 05:49:17,2020-03-18 17:52:39
2020-03-19,2020-03-19 05:47:03,2020-03-19 17:54:18
2020-03-20,2020-03-20 05:44:49,2020-03-20 17:55:57
2020-03-21,2020-03-21 05:42:35,2020-03-21 17:57:36
2020-03-22,2020-03-22 05:40:20,2020-03-22 17:59:14
2020-03-23,2020-03-23 05:38:06,2020-03-23 18:00:53
2020-03-24,2020-03-24 05:35:52,2020-03-24 18:02:31
2020-03-25,2020-03-25 05:33:38,2020-03-25 18:04:09
2020-03-26,2020-03-26 05:31:24,2020-03-26 18:05:47
2020-03-27,2020-03-27 05:29:10,2020-03-27 18:07:26
2020-03-28,2020-03-28 05:26:56,2020-03-28 18:09:04
2020-03-29,2020-03-29 05:24:42,2020-03-29 18:10:41
2020-03-30,2020-03-30 05:22:29,2020-03-30 18:12:19
2020-03-31,2020-03-31 05:20:15,2020-03-31 18:13:57
2020-04-01,2020-04-01 05:18:02,2020-04-01 18:15:35
2020-04-02,2020-04-02 05:15:49,2020-04-02 18:17:13
2020-04-03,2020-04-03 05:13:37,2020-04-03 18:18:50
2020-04-04,2020-04-04 05:11:25,2020-04-04 18:20:28
2020-04-05,2020-04-05 05:09:13,2020-04-05 18:22:06
2020-04-06,2020-04-06 05:07:02,2020-04-06 18:23:43
2020-04-07,2020-04-07 05:04:51,2020-04-07 18:25:21
2020-04-08,2020-04-08 05:02:40,2020-04-08 18:26:59
2020-04-09,2020-04-09 05:00:30,2020-04-09 18:28:36
2020-04-10,2020-04-10 04:58:21,2020-04-10 18:30:14
2020-04-11,2020-04-11 04:56:12,2020-04-11 18:31:52
2020-04-12,2020-04-12 04:54:04,2020-04-12 18:33:29
2020-04-13,2020-04-13 04:51:56,2020-04-13 18:35:07
2020-04-14,2020-04-14 04:49:49,2020-04-14 18:36:44
2020-04-15,2020-04-15 04:47:43,2020-04-15 18:38:22
2020-04-16,2020-04-16 04:45:37,2020-04-16 18:39:59
2020-04-17,2020-04-17 04:43:33,2020-04-17 18:41:37
2020-04-18,2020-04-18 04:41:29,2020-04-18 18:43:14
2020-04-19,2020-04-19 04:39:26,2020-04-19 18:44:52
2020-04-20,2020-04-20 04:37:23,2020-04-20 18:46:29
2020-04-21,2020-04-21 04:35:22,2020-04-21 18:48:06
2020-04-22,2020-04-22 04:33:22,2020-04-22 18:49:43
2020-04-23,2020-04-23 04:31:22,2020-04-23 18:51:20
2020-04-24,2020-04-24 04:29:24,2020-04-24 18:52:57
2020-04-25,2020-04-25 04:27:27,2020-04-25 18:54:34
2020-04-26,2020-04-26 04:25:31,2020-04-26 18:56:11
2020-04-27,2020-04-27 04:23:36,2020-04-27 18:57:47
2020-04-28,2020-04-28 04:21:42,2020-04-28 18:59:23
2020-04-29,2020-04-29 04:19:50,2020-04-29 19:00:59
2020-04-30,2020-04-30 04:17:58,2020-04-30 19:02:35
2020-05-01,2020-05-01 04:16:08,2020-05-01 19:04:11
2020-05-02,2020-05-02 04:14:20,2020-05-02 19:05:46
2020-05-03,2020-05-03 04:12:33,2020-05-03 19:07:20
2020-05-04,2020-05-04 04:10:47,2020-05-04 19:08:55
2020-05-05,2020-05-05 04:09:03,2020-05-05 19:10:29
2020-05-06,2020-05-06 04:07:20,2020-05-06 19:12:02
2020-05-07,2020-05-07 04:05:39,2020-05-07 19:13:35
2020-05-08,2020-05-08 04:04:00,2020-05-08 19:15:08
2020-05-09,2020-05-09 04:02:22,2020-05-09 19:16:40
2020-05-10,2020-05-10 04:00:46,2020-05-10 19:18:11
2020-05-11,2020-05-11 03:59:12,2020-05-11 19:19:42
2020-05-12,2020-05-12 03:57:39,2020-05-12 19:21:12
2020-05-13,2020-05-13 03:56:09,2020-05-13 19:22:41
2020-05-14,2020-05-14 03:54:40,2020-05-14 19:24:09
2020-05-15,2020-05-15 03:53:14,2020-05-15 19:25:36
2020-05-16,2020-05-16 03:51:49,2020-05-16 19:27:03
2020-05-17,2020-05-17 03:50:27,2020-05-17 19:28:28
2020-05-18,2020-05-18 03:49:06,2020-05-18 19:29:53
2020-05-19,2020-05-19 03:47:48,2020-05-19 19:31:16
2020-05-20,2020-05-20 03:46:32,2020-05-20 19:32:38
2020-05-21,2020-05-21 03:45:18,2020-05-21 19:33:59
2020-05-22,2020-05-22 03:44:07,2020-05-22 19:35:19
2020-05-23,2020-05-23 03:42:57,2020-05-23 19:36:37
2020-05-24,2020-05-24 03:41:51,2020-05-24 19:37:54
2020-05-25,2020-05-25 03:40:46,2020-05-25 19:39:09
2020-05-26,2020-05-26 03:39:45,2020-05-26 19:40:23
2020-05-27,2020-05-27 03:38:45,2020-05-27 19:41:35
2020-05-28,2020-05-28 03:37:49,2020-05-28 19:42:46
2020-05-29,2020-05-29 03:36:54,2020-05-29 19:43:54
2020-05-30,2020-05-30 03:36:03,2020-05-30 19:45:01
2020-05-31,2020-05-31 03:35:14,2020-05-31 19:46:06
2020-06-01,2020-06-01 03:34:28,2020-06-01 19:47:09
2020-06-02,2020-06-02 03:33:45,2020-06-02 19:48:10
2020-06-03,2020-06-03 03:33:04,2020-06-03 19:49:09
2020-06-04,2020-06-04 03:32:27,2020-06-04 19:50:06
2020-06-05,2020-06-05 03:31:52,2020-06-05 19:51:00
2020-06-06,2020-06-06 03:31:20,2020-06-06 19:51:52
2020-06-07,2020-06-07 03:30:51,2020-06-07 19:52:42
2020-06-08,2020-06-08 03:30:24,2020-06-08 19:53:29
2020-06-09,2020-06-09 03:30:01,2020-06-09 19:54:14
2020-06-10,2020-06-10 03:29:41,2020-06-10 19:54:57
2020-06-11,2020-06-11 03:29:24,2020-06-11 19:55:37
2020-06-12,2020-06-12 03:29:09,2020-06-12 19:56:14
2020-06-13,2020-06-13 03:28:58,2020-06-13 19:56:49
2020-06-14,2020-06-14 03:28:49,2020-06-14 19:57:20
2020-06-15,2020-06-15 03:28:44,2020-06-15 19:57:49
2020-06-16,2020-06-16 03:28:42,2020-06-16 19:58:16
2020-06-17,2020-06-17 03:28:42,2020-06-17 19:58:39
2020-06-18,2020-06-18 03:28:46,2020-06-18 19:59:00
2020-06-19,2020-06-19 03:28:52,2020-06-19 19:59:17
2020-06-20,2020-06-20 03:29:02,2020-06-20 19:59:32
2020-06-21,2020-06-21 03:29:14,2020-06-21 19:59:44
2020-06-22,2020-06-22 03:29:29,2020-06-22 19:59:53
2020-06-23,2020-06-23 03:29:47,2020-06-23 19:59:59
2020-06-24,2020-06-24 03:30:08,2020-06-24 20:00:01
2020-06-25,2020-06-25 03:30:32,2020-06-25 20:00:01
2020-06-26,2020-06-26 03:30:58,2020-06-26 19:59:58
2020-06-27,2020-06-27 03:31:27,2020-06-27 19:59:52
2020-06-28,2020-06-28 03:31:59,2020-06-28 19:59:42
2020-06-29,2020-06-29 03:32:33,2020-06-29 19:59:30
2020-06-30,2020-06-30 03:33:10,2020-06-30 19:59:15
2020-07-01,2020-07-01 03:33:50,2020-07-01 19:58:56
2020-07-02,2020-07-02 03:34:32,2020-07-02 19:58:35
2020-07-03,2020-07-03 03:35:17,2020-07-03 19:58:11
2020-07-04,2020-07-04 03:36:03,2020-07-04 19:57:43
2020-07-05,2020-07-05 03:36:53,2020-07-05 19:57:13
2020-07-06,2020-07-06 03:37:44,2020-07-06 19:56:40
2020-07-07,2020-07-07 03:38:38,2020-07-07 19:56:04
2020-07-08,2020-07-08 03:39:33,2020-07-08 19:55:25
2020-07-09,2020-07-09 03:40:31,2020-07-09 19:54:43
2020-07-10,2020-07-10 03:41:31,2020-07-10 19:53:59
2020-07-11,2020-07-11 03:42:33,2020-07-11 19:53:11
2020-07-12,2020-07-12 03:43:36,2020-07-12 19:52:21
2020-07-13,2020-07-13 03:44:42,2020-07-13 19:51:28
2020-07-14,2020-07-14 03:45:49,2020-07-14 19:50:33
2020-07-15,2020-07-15 03:46:58,2020-07-15 19:49:35
2020-07-16,2020-07-16 03:48:08,2020-07-16 19:48:34
2020-07-17,2020-07-17 03:49:20,2020-07-17 19:47:31
2020-07-18,2020-07-18 03:50:33,2020-07-18 19:46:25
2020-07-19,2020-07-19 03:51:48,2020-07-19 19:45:17
2020-07-20,2020-07-20 03:53:04,2020-07-20 19:44:07
2020-07-21,2020-07-21 03:54:21,2020-07-21 19:42:54
2020-07-22,2020-07-22 03:55:40,2020-07-22 19:41:39
2020-07-23,2020-07-23 03:57:00,2020-07-23 19:40:21
2020-07-24,2020-07-24 03:58:20,2020-07-24 19:39:02
2020-07-25,2020-07-25 03:59:42,2020-07-25 19:37:40
2020-07-26,2020-07-26 04:01:05,2020-07-26 19:36:16
2020-07-27,2020-07-27 04:02:29,2020-07-27 19:34:50
2020-07-28,2020-07-28 04:03:53,2020-07-28 19:33:22
2020-07-29,2020-07-29 04:05:18,2020-07-29 19:31:52
2020-07-30,2020-07-30 04:06:45,2020-07-30 19:30:20
2020-07-31,2020-07-31 04:08:11,2020-07-31 19:28:47
2020-08-01,2020-08-01 04:09:39,2020-08-01 19:27:11
2020-08-02,2020-08-02 04:11:07,2020-08-02 19:25:34
2020-08-03,2020-08-03 04:12:35,2020-08-03 19:23:55
2020-08-04,2020-08-04 04:14:04,2020-08-04 19:22:14
2020-08-05,2020-08-05 04:15:34,2020-08-05 19:20:32
2020-08-06,2020-08-06 04:17:04,2020-08-06 19:18:48
2020-08-07,2020-08-07 04:18:34,2020-08-07 19:17:02
2020-08-08,2020-08-08 04:20:05,2020-08-08 19:15:15
2020-08-09,2020-08-09 04:21:36,2020-08-09 19:13:27
2020-08-10,2020-08-10 04:23:07,2020-08-10 19:11:37
2020-08-11,2020-08-11 04:24:38,2020-08-11 19:09:46
2020-08-12,2020-08-12 04:26:10,2020-08-12 19:07:53
2020-08-13,2020-08-13 04:27:42,2020-08-13 19:05:59
2020-08-14,2020-08-14 04:29:14,2020-08-14 19:04:04
2020-08-15,2020-08-15 04:30:47,2020-08-15 19:02:08
2020-08-16,2020-08-16 04:32:19,2020-08-16 19:00:11
2020-08-17,2020-08-17 04:33:52,2020-08-17 18:58:12
2020-08-18,2020-08-18 04:35:24,2020-08-18 18:56:13
2020-08-19,2020-08-19 04:36:57,2020-08-19 18:54:12
2020-08-20,2020-08-20 04:38:30,2020-08-20 18:52:10
2020-08-21,2020-08-21 04:40:03,2020-08-21 18:50:08
2020-08-22,2020-08-22 04:41:36,2020-08-22 18:48:04
2020-08-23,2020-08-23 04:43:09,2020-08-23 18:46:00
2020-08-24,2020-08-24 04:44:41,2020-08-24 18:43:55
2020-08-25,2020-08-25 04:46:14,2020-08-25 18:41:49
2020-08-26,2020-08-26 04:47:47,2020-08-26 18:39:42
2020-08-27,2020-08-27 04:49:20,2020-08-27 18:37:35
2020-08-28,2020-08-28 04:50:53,2020-08-28 18:35:26
2020-08-29,2020-08-29 04:52:26,2020-08-29 18:33:17
2020-08-30,2020-08-30 04:53:59,2020-08-30 18:31:08
2020-08-31,2020-08-31 04:55:32,2020-08-31 18:28:58
2020-09-01,2020-09-01 04:57:05,2020-09-01 18:26:47
2020-09-02,2020-09-02 04:58:37,2020-09-02 18:24:36
2020-09-03,2020-09-03 05:00:10,2020-09-03 18:22:24
2020-09-04,2020-09-04 05:01:43,2020-09-04 18:20:12
2020-09-05,2020-09-05 05:03:16,2020-09-05 18:17:59
2020-09-06,2020-09-06 05:04:48,2020-09-06 18:15:46
2020-09-07,2020-09-07 05:06:21,2020-09-07 18:13:33
2020-09-08,2020-09-08 05:07:54,2020-09-08 18:11:19
2020-09-09,2020-09-09 05:09:27,2020-09-09 18:09:05
2020-09-10,2020-09-10 05:11:00,2020-09-10 18:06:50
2020-09-11,2020-09-11 05:12:32,2020-09-11 18:04:35
2020-09-12,2020-09-12 05:14:05,2020-09-12 18:02:20
2020-09-13,2020-09-13 05:15:38,2020-09-13 18:00:05
2020-09-14,2020-09-14 05:17:11,2020-09-14 17:57:50
2020-09-15,2020-09-15 05:18:44,2020-09-15 17:55:34
2020-09-16,2020-09-16 05:20:17,2020-09-16 17:53:19
2020-09-17,2020-09-17 05:21:50,2020-09-17 17:51:03
2020-09-18,2020-09-18 05:23:23,2020-09-18 17:48:47
2020-09-19,2020-09-19 05:24:57,2020-09-19 17:46:32
2020-09-20,2020-09-20 05:26:30,2020-09-20 17:44:16
2020-09-21,2020-09-21 05:28:03,2020-09-21 17:42:00
2020-09-22,2020-09-22 05:29:37,2020-09-22 17:39:45
2020-09-23,2020-09-23 05:31:11,2020-09-23 17:37:29
2020-09-24,2020-09-24 05:32:45,2020-09-24 17:35:13
2020-09-25,2020-09-25 05:34:19,2020-09-25 17:32:58
2020-09-26,2020-09-26 05:35:53,2020-09-26 17:30:43
2020-09-27,2020-09-27 05:37:28,2020-09-27 17:28:28
2020-09-28,2020-09-28 05:39:02,2020-09-28 17:26:13
2020-09-29,2020-09-29 05:40:37,2020-09-29 17:23:59
2020-09-30,2020-09-30 05:42:12,2020-09-30 17:21:45
2020-10-01,2020-10-01 05:43:47,2020-10-01 17:19:31
2020-10-02,2020-10-02 05:45:23,2020-10-02 17:17:17
2020-10-03,2020-10-03 05:46:59,2020-10-03 17:15:04
2020-10-04,2020-10-04 05:48:35,2020-10-04 17:12:52
2020-10-05,2020-10-05 05:50:11,2020-10-05 17:10:39
2020-10-06,2020-10-06 05:51:47,2020-10-06 17:08:28
2020-10-07,2020-10-07 05:53:24,2020-10-07 17:06:17
2020-10-08,2020-10-08 05:55:01,2020-10-08 17:04:06
2020-10-09,2020-10-09 05:56:39,2020-10-09 17:01:56
2020-10-10,2020-10-10 05:58:16,2020-10-10 16:59:47
2020-10-11,2020-10-11 05:59:54,2020-10-11 16:57:38
2020-10-12,2020-10-12 06:01:32,2020-10-12 16:55:30
2020-10-13,2020-10-13 06:03:11,2020-10-13 16:53:22
2020-10-14,2020-10-14 06:04:50,2020-10-14 16:51:16
2020-10-15,2020-10-15 06:06:29,2020-10-15 16:49:10
2020-10-16,2020-10-16 06:08:08,2020-10-16 16:47:05
2020-10-17,2020-10-17 06:09:48,2020-10-17 16:45:01
2020-10-18,2020-10-18 06:11:28,2020-10-18 16:42:58
2020-10-19,2020-10-19 06:13:09,2020-10-19 16:40:56
2020-10-20,2020-10-20 06:14:49,2020-10-20 16:38:55
2020-10-21,2020-10-21 06:16:30,2020-10-21 16:36:55
2020-10-22,2020-10-22 06:18:12,2020-10-22 16:34:56
2020-10-23,2020-10-23 06:19:53,2020-10-23 16:32:58
2020-10-24,2020-10-24 06:21:35,2020-10-24 16:31:01
2020-10-25,2020-10-25 06:23:17,2020-10-25 16:29:06
2020-10-26,2020-10-26 06:24:59,2020-10-26 16:27:11
2020-10-27,2020-10-27 06:26:42,2020-10-27 16:25:18
2020-10-28,2020-10-28 06:28:24,2020-10-28 16:23:27
2020-10-29,2020-10-29 06:30:07,2020-10-29 16:21:37
2020-10-30,2020-10-30 06:31:50,2020-10-30 16:19:48
2020-10-31,2020-10-31 06:33:33,2020-10-31 16:18:00
2020-11-01,2020-11-01 06:35:17,2020-11-01 16:16:15
2020-11-02,2020-11-02 06:37:00,2020-11-02 16:14:31
2020-11-03,2020-11-03 06:38:43,2020-11-03 16:12:48
2020-11-04,2020-11-04 06:40:26,2020-11-04 16:11:07
2020-11-05,2020-11-05 06:42:10,2020-11-05 16:09:28
2020-11-06,2020-11-06 06:43:53,2020-11-06 16:07:51
2020-11-07,2020-11-07 06:45:36,2020-11-07 16:06:15
2020-11-08,2020-11-08 06:47:19,2020-11-08 16:04:41
2020-11-09,2020-11-09 06:49:02,2020-11-09 16:03:10
2020-11-10,2020-11-10 06:50:44,2020-11-10 16:01:40
2020-11-11,2020-11-11 06:52:26,2020-11-11 16:00:12
2020-11-12,2020-11-12 06:54:08,2020-11-12 15:58:46
2020-11-13,2020-11-13 06:55:50,2020-11-13 15:57:23
2020-11-14,2020-11-14 06:57:31,2020-11-14 15:56:02
2020-11-15,2020-11-15 06:59:11,2020-11-15 15:54:43
2020-11-16,2020-11-16 07:00:51,2020-11-16 15:53:26
2020-11-17,2020-11-17 07:02:30,2020-11-17 15:52:11
2020-11-18,2020-11-18 07:04:09,2020-11-18 15:50:59
2020-11-19,2020-11-19 07:05:46,2020-11-19 15:49:50
2020-11-20,2020-11-20 07:07:23,2020-11-20 15:48:43
2020-11-21,2020-11-21 07:08:59,2020-11-21 15:47:38
2020-11-22,2020-11-22 07:10:34,2020-11-22 15:46:36
2020-11-23,2020-11-23 07:12:07,2020-11-23 15:45:37
2020-11-24,2020-11-24 07:13:40,2020-11-24 15:44:41
2020-11-25,2020-11-25 07:15:11,2020-11-25 15:43:47
2020-11-26,2020-11-26 07:16:41,2020-11-26 15:42:56
2020-11-27,2020-11-27 07:18:10,2020-11-27 15:42:08
2020-11-28,2020-11-28 07:19:37,2020-11-28 15:41:23
2020-11-29,2020-11-29 07:21:03,2020-11-29 15:40:41
2020-11-30,2020-11-30 07:22:27,2020-11-30 15:40:02
2020-12-01,2020-12-01 07:23:49,2020-12-01 15:39:26
2020-12-02,2020-12-02 07:25:09,2020-12-02 15:38:53
2020-12-03,2020-12-03 07:26:28,2020-12-03 15:38:23
2020-12-04,2020-12-04 07:27:44,2020-12-04 15:37:56
2020-12-05,2020-12-05 07:28:59,2020-12-05 15:37:32
2020-12-06,2020-12-06 07:30:11,2020-12-06 15:37:12
2020-12-07,2020-12-07 07:31:21,2020-12-07 15:36:55
2020-12-08,2020-12-08 07:32:29,2020-12-08 15:36:41
2020-12-09,2020-12-09 07:33:34,2020-12-09 15:36:30
2020-12-10,2020-12-10 07:34:37,2020-12-10 15:36:23
2020-12-11,2020-12-11 07:35:37,2020-12-11 15:36:18
2020-12-12,2020-12-12 07:36:35,2020-12-12 15:36:18
2020-12-13,2020-12-13 07:37:30,2020-12-13 15:36:20
2020-12-14,2020-12-14 07:38:23,2020-12-14 15:36:26
2020-12-15,2020-12-15 07:39:12,2020-12-15 15:36:35
2020-12-16,2020-12-16 07:39:59,2020-12-16 15:36:48
2020-12-17,2020-12-17 07:40:43,2020-12-17 15:37:04
2020-12-18,2020-12-18 07:41:23,2020-12-18 15:37:23
2020-12-19,2020-12-19 07:42:01,2020-12-19 15:37:45
2020-12-20,2020-12-20 07:42:36,2020-12-20 15:38:11
2020-12-21,2020-12-21 07:43:07,2020-12-21 15:38:40
2020-12-22,2020-12-22 07:43:36,2020-12-22 15:39:12
2020-12-23,2020-12-23 07:44:01,2020-12-23 15:39:47
2020-12-24,2020-12-24 07:44:23,2020-12-24 15:40:26
2020-12-25,2020-12-25 07:44:42,2020-12-25 15:41:07
2020-12-26,2020-12-26 07:44:58,2020-12-26 15:41:52
2020-12-27,2020-12-27 07:45:10,2020-12-27 15:42:39
2020-12-28,2020-12-28 07:45:19,2020-12-28 15:43:30
2020-12-29,2020-12-29 07:45:25,2020-12-29 15:44:23
2020-12-30,2020-12-30 07:45:28,2020-12-30 15:45:19
2020-12-31,2020-12-31 07:45:27,2020-12-31 15:46:18
2021-01-01,2021-01-01 07:45:23,2021-01-01 15:47:19
2021-01-02,2021-01-02 07:45:16,2021-01-02 15:48:23
2021-01-03,2021-01-03 07:45:05,2021-01-03 15:49:30
2021-01-04,2021-01-04 07:44:52,2021-01-04 15:50:39
2021-01-05,2021-01-05 07:44:35,2021-01-05 15:51:51
2021-01-06,2021-01-06 07:44:15,2021-01-06 15:53:05
2021-01-07,2021-01-07 07:43:51,2021-01-07 15:54:21
2021-01-08,2021-01-08 07:43:25,2021-01-08 15:55:39
2021-01-09,2021-01-09 07:42:55,2021-01-09 15:56:59
2021-01-10,2021-01-10 07:42:22,2021-01-10 15:58:21
2021-01-11,2021-01-11 07:41:47,2021-01-11 15:59:46
2021-01-12,2021-01-12 07:41:08,2021-01-12 16:01:12
2021-01-13,2021-01-13 07:40:26,2021-01-13 16:02:39
2021-01-14,2021-01-14 07:39:41,2021-01-14 16:04:09
2021-01-15,2021-01-15 07:38:54,2021-01-15 16:05:40
2021-01-16,2021-01-16 07:38:04,2021-01-16 16:07:12
2021-01-17,2021-01-17 07:37:10,2021-01-17 16:08:46
2021-01-18,2021-01-18 07:36:14,2021-01-18 16:10:21
2021-01-19,2021-01-19 07:35:16,2021-01-19 16:11:58
2021-01-20,2021-01-20 07:34:14,2021-01-20 16:13:35
2021-01-21,2021-01-21 07:33:11,2021-01-21 16:15:14
2021-01-22,2021-01-22 07:32:04,2021-01-22 16:16:54
2021-01-23,2021-01-23 07:30:55,2021-01-23 16:18:34
2021-01-24,2021-01-24 07:29:44,2021-01-24 16:20:16
2021-01-25,2021-01-25 07:28:30,2021-01-25 16:21:58
2021-01-26,2021-01-26 07:27:14,2021-01-26 16:23:41
2021-01-27,2021-01-27 07:25:56,2021-01-27 16:25:25
2021-01-28,2021-01-28 07:24:35,2021-01-28 16:27:09
2021-01-29,2021-01-29 07:23:12,2021-01-29 16:28:54
2021-01-30,2021-01-30 07:21:47,2021-01-30 16:30:39
2021-01-31,2021-01-31 07:20:20,2021-01-31 16:32:25
2021-02-01,2021-02-01 07:18:51,2021-02-01 16:34:11
2021-02-02,2021-02-02 07:17:20,2021-02-02 16:35:57
2021-02-03,2021-02-03 07:15:47,2021-02-03 16:37:44
2021-02-04,2021-02-04 07:14:13,2021-02-04 16:39:31
2021-02-05,2021-02-05 07:12:36,2021-02-05 16:41:18
2021-02-06,2021-02-06 07:10:58,2021-02-06 16:43:05
2021-02-07,2021-02-07 07:09:18,2021-02-07 16:44:52
2021-02-08,2021-02-08 07:07:36,2021-02-08 16:46:39
2021-02-09,2021-02-09 07:05:52,2021-02-09 16:48:26
2021-02-10,2021-02-10 07:04:08,2021-02-10 16:50:14
2021-02-11,2021-02-11 07:02:21,2021-02-11 16:52:01
2021-02-12,2021-02-12 07:00:33,2021-02-12 16:53:48
2021-02-13,2021-02-13 06:58:44,2021-02-13 16:55:35
2021-02-14,2021-02-14 06:56:53,2021-02-14 16:57:22
2021-02-15,2021-02-15 06:55:01,2021-02-15 16:59:09
2021-02-16,2021-02-16 06:53:08,2021-02-16 17:00:55
2021-02-17,2021-02-17 06:51:13,2021-02-17 17:02:42
2021-02-18,2021-02-18 06:49:17,2021-02-18 17:04:28
2021-02-19,2021-02-19 06:47:20,2021-02-19 17:06:14
2021-02-20,2021-02-20 06:45:22,2021-02-20 17:08:00
2021-02-21,2021-02-21 06:43:23,2021-02-21 17:09:45
2021-02-22,2021-02-22 06:41:23,2021-02-22 17:11:30
2021-02-23,2021-02-23 06:39:22,2021-02-23 17:13:15
2021-02-24,2021-02-24 06:37:20,2021-02-24 17:15:00
2021-02-25,2021-02-25 06:35:17,2021-02-25 17:16:44
2021-02-26,2021-02-26 06:33:13,2021-02-26 17:18:28
2021-02-27,2021-02-27 06:31:08,2021-02-27 17:20:12
2021-02-28,2021-02-28 06:29:03,2021-02-28 17:21:56
2021-03-01,2021-03-01 06:26:57,2021-03-01 17:23:39
2021-03-02,2021-03-02 06:24:50,2021-03-02 17:25:22
2021-03-03,2021-03-03 06:22:42,2021-03-03 17:27:05
2021-03-04,2021-03-04 06:20:34,2021-03-04 17:28:47
2021-03-05,2021-03-05 06:18:25,2021-03-05 17:30:29
2021-03-06,2021-03-06 06:16:15,2021-03-06 17:32:11
2021-03-07,2021-03-07 06:14:05,2021-03-07 17:33:53
2021-03-08,2021-03-08 06:11:55,2021-03-08 17:35:34
2021-03-09,2021-03-09 06:09:44,2021-03-09 17:37:15
2021-03-10,2021-03-10 06:07:33,2021-03-10 17:38:56
2021-03-11,2021-03-11 06:05:21,2021-03-11 17:40:37
2021-03-12,2021-03-12 06:03:09,2021-03-12 17:42:17
2021-03-13,2021-03-13 06:00:56,2021-03-13 17:43:57
2021-03-14,2021-03-14 05:58:43,2021-03-14 17:45:37
2021-03-15,2021-03-15 05:56:30,2021-03-15 17:47:17
2021-03-16,2021-03-16 05:54:17,2021-03-16 17:48:56
2021-03-17,2021-03-17 05:52:03,2021-03-17 17:50:36
2021-03-18,2021-03-18 05:49:49,2021-03-18 17:52:15
2021-03-19,2021-03-19 05:47:35,2021-03-19 17:53:54
2021-03-20,2021-03-20 05:45:21,2021-03-20 17:55:33
2021-03-21,2021-03-21 05:43:07,2021-03-21 17:57:12
2021-03-22,2021-03-22 05:40:53,2021-03-22 17:58:50
2021-03-23,2021-03-23 05:38:39,2021-03-23 18:00:29
2021-03-24,2021-03-24 05:36:24,2021-03-24 18:02:07
2021-03-25,2021-03-25 05:34:10,2021-03-25 18:03:45
2021-03-26,2021-03-26 05:31:56,2021-03-26 18:05:24
2021-03-27,2021-03-27 05:29:42,2021-03-27 18:07:02
2021-03-28,2021-03-28 05:27:28,2021-03-28 18:08:40
2021-03-29,2021-03-29 05:25:14,2021-03-29 18:10:18
2021-03-30,2021-03-30 05:23:01,2021-03-30 18:11:56
2021-03-31,2021-03-31 05:20:47,2021-03-31 18:13:33
2021-04-01,2021-04-01 05:18:34,2021-04-01 18:15:11
2021-04-02,2021-04-02 05:16:21,2021-04-02 18:16:49
2021-04-03,2021-04-03 05:14:09,2021-04-03 18:18:27
2021-04-04,2021-04-04 05:11:57,2021-04-04 18:20:04
2021-04-05,2021-04-05 05:09:45,2021-04-05 18:21:42
2021-04-06,2021-04-06 05:07:33,2021-04-06 18:23:20
2021-04-07,2021-04-07 05:05:22,2021-04-07 18:24:57
2021-04-08,2021-04-08 05:03:12,2021-04-08 18:26:35
2021-04-09,2021-04-09 05:01:02,2021-04-09 18:28:13
2021-04-10,2021-04-10 04:58:52,2021-04-10 18:29:50
2021-04-11,2021-04-11 04:56:43,2021-04-11 18:31:28
2021-04-12,2021-04-12 04:54:35,2021-04-12 18:33:06
2021-04-13,2021-04-13 04:52:27,2021-04-13 18:34:43
2021-04-14,2021-04-14 04:50:20,2021-04-14 18:36:21
2021-04-15,2021-04-15 04:48:13,2021-04-15 18:37:58
2021-04-16,2021-04-16 04:46:08,2021-04-16 18:39:36
2021-04-17,2021-04-17 04:44:03,2021-04-17 18:41:13
2021-04-18,2021-04-18 04:41:58,2021-04-18 18:42:51
2021-04-19,2021-04-19 04:39:55,2021-04-19 18:44:28
2021-04-20,2021-04-20 04:37:53,2021-04-20 18:46:05
2021-04-21,2021-04-21 04:35:51,2021-04-21 18:47:43
2021-04-22,2021-04-22 04:33:51,2021-04-22 18:49:20
2021-04-23,2021-04-23 04:31:51,2021-04-23 18:50:57
2021-04-24,2021-04-24 04:29:52,2021-04-24 18:52:34
2021-04-25,2021-04-25 04:27:55,2021-04-25 18:54:11
2021-04-26,2021-04-26 04:25:59,2021-04-26 18:55:47
2021-04-27,2021-04-27 04:24:03,2021-04-27 18:57:24
2021-04-28,2021-04-28 04:22:09,2021-04-28 18:59:00
2021-04-29,2021-04-29 04:20:16,2021-04-29 19:00:36
2021-04-30,2021-04-30 04:18:25,2021-04-30 19:02:12
2021-05-01,2021-05-01 04:16:35,2021-05-01 19:03:48
2021-05-02,2021-05-02 04:14:46,2021-05-02 19:05:23
2021-05-03,2021-05-03 04:12:58,2021-05-03 19:06:58
2021-05-04,2021-05-04 04:11:12,2021-05-04 19:08:32
2021-05-05,2021-05-05 04:09:28,2021-05-05 19:10:06
2021-05-06,2021-05-06 04:07:45,2021-05-06 19:11:40
2021-05-07,2021-05-07 04:06:03,2021-05-07 19:13:13
2021-05-08,2021-05-08 04:04:23,2021-05-08 19:14:46
2021-05-09,2021-05-09 04:02:45,2021-05-09 19:16:18
2021-05-10,2021-05-10 04:01:09,2021-05-10 19:17:49
2021-05-11,2021-05-11 03:59:34,2021-05-11 19:19:20
2021-05-12,2021-05-12 03:58:01,2021-05-12 19:20:50
2021-05-13,2021-05-13 03:56:30,2021-05-13 19:22:20
2021-05-14,2021-05-14 03:55:01,2021-05-14 19:23:48
2021-05-15,2021-05-15 03:53:34,2021-05-15 19:25:16
2021-05-16,2021-05-16 03:52:09,2021-05-16 19:26:42
2021-05-17,2021-05-17 03:50:46,2021-05-17 19:28:08
2021-05-18,2021-05-18 03:49:25,2021-05-18 19:29:33
2021-05-19,2021-05-19 03:48:06,2021-05-19 19:30:56
2021-05-20,2021-05-20 03:46:50,2021-05-20 19:32:19
2021-05-21,2021-05-21 03:45:35,2021-05-21 19:33:40
2021-05-22,2021-05-22 03:44:23,2021-05-22 19:35:00
2021-05-23,2021-05-23 03:43:14,2021-05-23 19:36:19
2021-05-24,2021-05-24 03:42:06,2021-05-24 19:37:36
2021-05-25,2021-05-25 03:41:01,2021-05-25 19:38:51
2021-05-26,2021-05-26 03:39:59,2021-05-26 19:40:06
2021-05-27,2021-05-27 03:38:59,2021-05-27 19:41:18
2021-05-28,2021-05-28 03:38:02,2021-05-28 19:42:29
2021-05-29,2021-05-29 03:37:07,2021-05-29 19:43:38
2021-05-30,2021-05-30 03:36:15,2021-05-30 19:44:45
2021-05-31,2021-05-31 03:35:25,2021-05-31 19:45:51
2021-06-01,2021-06-01 03:34:39,2021-06-01 19:46:54
2021-06-02,2021-06-02 03:33:55,2021-06-02 19:47:56
2021-06-03,2021-06-03 03:33:14,2021-06-03 19:48:55
2021-06-04,2021-06-04 03:32:35,2021-06-04 19:49:52
2021-06-05,2021-06-05 03:32:00,2021-06-05 19:50:47
2021-06-06,2021-06-06 03:31:27,2021-06-06 19:51:40
2021-06-07,2021-06-07 03:30:57,2021-06-07 19:52:31
2021-06-08,2021-06-08 03:30:30,2021-06-08 19:53:19
2021-06-09,2021-06-09 03:30:06,2021-06-09 19:54:04
2021-06-10,2021-06-10 03:29:45,2021-06-10 19:54:47
2021-06-11,2021-06-11 03:29:27,2021-06-11 19:55:28
2021-06-12,2021-06-12 03:29:12,2021-06-12 19:56:06
2021-06-13,2021-06-13 03:29:00,2021-06-13 19:56:41
2021-06-14,2021-06-14 03:28:51,2021-06-14 19:57:13
2021-06-15,2021-06-15 03:28:45,2021-06-15 19:57:43
2021-06-16,2021-06-16 03:28:42,2021-06-16 19:58:10
2021-06-17,2021-06-17 03:28:42,2021-06-17 19:58:34
2021-06-18,2021-06-18 03:28:44,2021-06-18 19:58:55
2021-06-19,2021-06-19 03:28:50,2021-06-19 19:59:14
2021-06-20,2021-06-20 03:28:59,2021-06-20 19:59:29
2021-06-21,2021-06-21 03:29:10,2021-06-21 19:59:42
2021-06-22,2021-06-22 03:29:25,2021-06-22 19:59:51
2021-06-23,2021-06-23 03:29:42,2021-06-23 19:59:58
2021-06-24,2021-06-24 03:30:02,2021-06-24 20:00:01
2021-06-25,2021-06-25 03:30:25,2021-06-25 20:00:02
2021-06-26,2021-06-26 03:30:51,2021-06-26 19:59:59
2021-06-27,2021-06-27 03:31:20,2021-06-27 19:59:54
2021-06-28,2021-06-28 03:31:51,2021-06-28 19:59:45
2021-06-29,2021-06-29 03:32:25,2021-06-29 19:59:34
2021-06-30,2021-06-30 03:33:01,2021-06-30 19:59:19
2021-07-01,2021-07-01 03:33:40,2021-07-01 19:59:01
2021-07-02,2021-07-02 03:34:22,2021-07-02 19:58:41
2021-07-03,2021-07-03 03:35:06,2021-07-03 19:58:17
2021-07-04,2021-07-04 03:35:52,2021-07-04 19:57:51
2021-07-05,2021-07-05 03:36:40,2021-07-05 19:57:21
2021-07-06,2021-07-06 03:37:31,2021-07-06 19:56:49
2021-07-07,2021-07-07 03:38:24,2021-07-07 19:56:13
2021-07-08,2021-07-08 03:39:20,2021-07-08 19:55:35
2021-07-09,2021-07-09 03:40:17,2021-07-09 19:54:54
2021-07-10,2021-07-10 03:41:16,2021-07-10 19:54:10
2021-07-11,2021-07-11 03:42:18,2021-07-11 19:53:23
2021-07-12,2021-07-12 03:43:21,2021-07-12 19:52:34
2021-07-13,2021-07-13 03:44:26,2021-07-13 19:51:42
2021-07-14,2021-07-14 03:45:32,2021-07-14 19:50:47
2021-07-15,2021-07-15 03:46:41,2021-07-15 19:49:49
2021-07-16,2021-07-16 03:47:51,2021-07-16 19:48:49
2021-07-17,2021-07-17 03:49:02,2021-07-17 19:47:47
2021-07-18,2021-07-18 03:50:15,2021-07-18 19:46:42
2021-07-19,2021-07-19 03:51:30,2021-07-19 19:45:34
2021-07-20,2021-07-20 03:52:46,2021-07-20 19:44:24
2021-07-21,2021-07-21 03:54:03,2021-07-21 19:43:12
2021-07-22,2021-07-22 03:55:21,2021-07-22 19:41:58
2021-07-23,2021-07-23 03:56:40,2021-07-23 19:40:41
2021-07-24,2021-07-24 03:58:01,2021-07-24 19:39:22
2021-07-25,2021-07-25 03:59:22,2021-07-25 19:38:00
2021-07-26,2021-07-26 04:00:45,2021-07-26 19:36:37
2021-07-27,2021-07-27 04:02:08,2021-07-27 19:35:11
2021-07-28,2021-07-28 04:03:33,2021-07-28 19:33:44
2021-07-29,2021-07-29 04:04:58,2021-07-29 19:32:14
2021-07-30,2021-07-30 04:06:24,2021-07-30 19:30:43
2021-07-31,2021-07-31 04:07:50,2021-07-31 19:29:10
2021-08-01,2021-08-01 04:09:17,2021-08-01 19:27:35
2021-08-02,2021-08-02 04:10:45,2021-08-02 19:25:58
2021-08-03,2021-08-03 04:12:14,2021-08-03 19:24:19
2021-08-04,2021-08-04 04:13:43,2021-08-04 19:22:39
2021-08-05,2021-08-05 04:15:12,2021-08-05 19:20:57
2021-08-06,2021-08-06 04:16:42,2021-08-06 19:19:13
2021-08-07,2021-08-07 04:18:12,2021-08-07 19:17:28
2021-08-08,2021-08-08 04:19:43,2021-08-08 19:15:41
2021-08-09,2021-08-09 04:21:14,2021-08-09 19:13:53
2021-08-10,2021-08-10 04:22:45,2021-08-10 19:12:04
2021-08-11,2021-08-11 04:24:16,2021-08-11 19:10:13
2021-08-12,2021-08-12 04:25:48,2021-08-12 19:08:21
2021-08-13,2021-08-13 04:27:20,2021-08-13 19:06:27
2021-08-14,2021-08-14 04:28:52,2021-08-14 19:04:33
2021-08-15,2021-08-15 04:30:24,2021-08-15 19:02:37
2021-08-16,2021-08-16 04:31:57,2021-08-16 19:00:39
2021-08-17,2021-08-17 04:33:29,2021-08-17 18:58:41
2021-08-18,2021-08-18 04:35:02,2021-08-18 18:56:42
2021-08-19,2021-08-19 04:36:35,2021-08-19 18:54:42
2021-08-20,2021-08-20 04:38:08,2021-08-20 18:52:40
2021-08-21,2021-08-21 04:39:40,2021-08-21 18:50:38
2021-08-22,2021-08-22 04:41:13,2021-08-22 18:48:35
2021-08-23,2021-08-23 04:42:46,2021-08-23 18:46:30
2021-08-24,2021-08-24 04:44:19,2021-08-24 18:44:25
2021-08-25,2021-08-25 04:45:52,2021-08-25 18:42:20
2021-08-26,2021-08-26 04:47:25,2021-08-26 18:40:13
2021-08-27,2021-08-27 04:48:58,2021-08-27 18:38:06
2021-08-28,2021-08-28 04:50:31,2021-08-28 18:35:58
2021-08-29,2021-08-29 04:52:04,2021-08-29 18:33:49
2021-08-30,2021-08-30 04:53:36,2021-08-30 18:31:39
2021-08-31,2021-08-31 04:55:09,2021-08-31 18:29:29
2021-09-01,2021-09-01 04:56:42,2021-09-01 18:27:19
2021-09-02,2021-09-02 04:58:15,2021-09-02 18:25:08
2021-09-03,2021-09-03 04:59:48,2021-09-03 18:22:56
2021-09-04,2021-09-04 05:01:21,2021-09-04 18:20:44
2021-09-05,2021-09-05 05:02:53,2021-09-05 18:18:31
2021-09-06,2021-09-06 05:04:26,2021-09-06 18:16:18
2021-09-07,2021-09-07 05:05:59,2021-09-07 18:14:05
2021-09-08,2021-09-08 05:07:32,2021-09-08 18:11:51
2021-09-09,2021-09-09 05:09:04,2021-09-09 18:09:37
2021-09-10,2021-09-10 05:10:37,2021-09-10 18:07:23
2021-09-11,2021-09-11 05:12:10,2021-09-11 18:05:08
2021-09-12,2021-09-12 05:13:43,2021-09-12 18:02:53
2021-09-13,2021-09-13 05:15:16,2021-09-13 18:00:38
2021-09-14,2021-09-14 05:16:49,2021-09-14 17:58:23
2021-09-15,2021-09-15 05:18:22,2021-09-15 17:56:07
2021-09-16,2021-09-16 05:19:55,2021-09-16 17:53:52
2021-09-17,2021-09-17 05:21:28,2021-09-17 17:51:36
2021-09-18,2021-09-18 05:23:01,2021-09-18 17:49:20
2021-09-19,2021-09-19 05:24:34,2021-09-19 17:47:05
2021-09-20,2021-09-20 05:26:07,2021-09-20 17:44:49
2021-09-21,2021-09-21 05:27:41,2021-09-21 17:42:33
2021-09-22,2021-09-22 05:29:15,2021-09-22 17:40:17
2021-09-23,2021-09-23 05:30:48,2021-09-23 17:38:02
2021-09-24,2021-09-24 05:32:22,2021-09-24 17:35:46
2021-09-25,2021-09-25 05:33:56,2021-09-25 17:33:31
2021-09-26,2021-09-26 05:35:30,2021-09-26 17:31:16
2021-09-27,2021-09-27 05:37:05,2021-09-27 17:29:01
2021-09-28,2021-09-28 05:38:39,2021-09-28 17:26:46
2021-09-29,2021-09-29 05:40:14,2021-09-29 17:24:31
2021-09-30,2021-09-30 05:41:49,2021-09-30 17:22:17
2021-10-01,2021-10-01 05:43:24,2021-10-01 17:20:03
2021-10-02,2021-10-02 05:45:00,2021-10-02 17:17:50
2021-10-03,2021-10-03 05:46:35,2021-10-03 17:15:36
2021-10-04,2021-10-04 05:48:11,2021-10-04 17:13:24
2021-10-05,2021-10-05 05:49:48,2021-10-05 17:11:11
2021-10-06,2021-10-06 05:51:24,2021-10-06 17:09:00
2021-10-07,2021-10-07 05:53:01,2021-10-07 17:06:48
2021-10-08,2021-10-08 05:54:38,2021-10-08 17:04:37
2021-10-09,2021-10-09 05:56:15,2021-10-09 17:02:27
2021-10-10,2021-10-10 05:57:53,2021-10-10 17:00:18
2021-10-11,2021-10-11 05:59:30,2021-10-11 16:58:09
2021-10-12,2021-10-12 06:01:09,2021-10-12 16:56:01
2021-10-13,2021-10-13 06:02:47,2021-10-13 16:53:53
2021-10-14,2021-10-14 06:04:26,2021-10-14 16:51:46
2021-10-15,2021-10-15 06:06:05,2021-10-15 16:49:40
2021-10-16,2021-10-16 06:07:44,2021-10-16 16:47:35
2021-10-17,2021-10-17 06:09:24,2021-10-17 16:45:31
2021-10-18,2021-10-18 06:11:04,2021-10-18 16:43:28
2021-10-19,2021-10-19 06:12:45,2021-10-19 16:41:25
2021-10-20,2021-10-20 06:14:25,2021-10-20 16:39:24
2021-10-21,2021-10-21 06:16:06,2021-10-21 16:37:24
2021-10-22,2021-10-22 06:17:47,2021-10-22 16:35:24
2021-10-23,2021-10-23 06:19:29,2021-10-23 16:33:26
2021-10-24,2021-10-24 06:21:10,2021-10-24 16:31:29
2021-10-25,2021-10-25 06:22:52,2021-10-25 16:29:33
2021-10-26,2021-10-26 06:24:35,2021-10-26 16:27:39
2021-10-27,2021-10-27 06:26:17,2021-10-27 16:25:45
2021-10-28,2021-10-28 06:28:00,2021-10-28 16:23:53
2021-10-29,2021-10-29 06:29:42,2021-10-29 16:22:03
2021-10-30,2021-10-30 06:31:25,2021-10-30 16:20:14
2021-10-31,2021-10-31 06:33:08,2021-10-31 16:18:26
2021-11-01,2021-11-01 06:34:52,2021-11-01 16:16:40
2021-11-02,2021-11-02 06:36:35,2021-11-02 16:14:55
2021-11-03,2021-11-03 06:38:18,2021-11-03 16:13:12
2021-11-04,2021-11-04 06:40:02,2021-11-04 16:11:31
2021-11-05,2021-11-05 06:41:45,2021-11-05 16:09:52
2021-11-06,2021-11-06 06:43:28,2021-11-06 16:08:14
2021-11-07,2021-11-07 06:45:11,2021-11-07 16:06:38
2021-11-08,2021-11-08 06:46:54,2021-11-08 16:05:04
2021-11-09,2021-11-09 06:48:37,2021-11-09 16:03:31
2021-11-10,2021-11-10 06:50:20,2021-11-10 16:02:01
2021-11-11,2021-11-11 06:52:02,2021-11-11 16:00:33
2021-11-12,2021-11-12 06:53:44,2021-11-12 15:59:07
2021-11-13,2021-11-13 06:55:25,2021-11-13 15:57:43
2021-11-14,2021-11-14 06:57:06,2021-11-14 15:56:21
2021-11-15,2021-11-15 06:58:47,2021-11-15 15:55:01
2021-11-16,2021-11-16 07:00:27,2021-11-16 15:53:44
2021-11-17,2021-11-17 07:02:06,2021-11-17 15:52:29
2021-11-18,2021-11-18 07:03:45,2021-11-18 15:51:16
2021-11-19,2021-11-19 07:05:23,2021-11-19 15:50:06
2021-11-20,2021-11-20 07:07:00,2021-11-20 15:48:58
2021-11-21,2021-11-21 07:08:36,2021-11-21 15:47:53
2021-11-22,2021-11-22 07:10:11,2021-11-22 15:46:51
2021-11-23,2021-11-23 07:11:45,2021-11-23 15:45:51
2021-11-24,2021-11-24 07:13:18,2021-11-24 15:44:54
2021-11-25,2021-11-25 07:14:50,2021-11-25 15:44:00
2021-11-26,2021-11-26 07:16:20,2021-11-26 15:43:08
2021-11-27,2021-11-27 07:17:49,2021-11-27 15:42:19
2021-11-28,2021-11-28 07:19:16,2021-11-28 15:41:33
2021-11-29,2021-11-29 07:20:42,2021-11-29 15:40:50
2021-11-30,2021-11-30 07:22:07,2021-11-30 15:40:11
2021-12-01,2021-12-01 07:23:29,2021-12-01 15:39:34
2021-12-02,2021-12-02 07:24:50,2021-12-02 15:39:00
2021-12-03,2021-12-03 07:26:09,2021-12-03 15:38:29
2021-12-04,2021-12-04 07:27:26,2021-12-04 15:38:02
2021-12-05,2021-12-05 07:28:41,2021-12-05 15:37:37
2021-12-06,2021-12-06 07:29:54,2021-12-06 15:37:16
2021-12-07,2021-12-07 07:31:04,2021-12-07 15:36:58
2021-12-08,2021-12-08 07:32:13,2021-12-08 15:36:43
2021-12-09,2021-12-09 07:33:19,2021-12-09 15:36:32
2021-12-10,2021-12-10 07:34:22,2021-12-10 15:36:24
2021-12-11,2021-12-11 07:35:23,2021-12-11 15:36:19
2021-12-12,2021-12-12 07:36:21,2021-12-12 15:36:17
2021-12-13,2021-12-13 07:37:17,2021-12-13 15:36:19
2021-12-14,2021-12-14 07:38:10,2021-12-14 15:36:24
2021-12-15,2021-12-15 07:39:00,2021-12-15 15:36:32
2021-12-16,2021-12-16 07:39:48,2021-12-16 15:36:44
2021-12-17,2021-12-17 07:40:32,2021-12-17 15:36:59
2021-12-18,2021-12-18 07:41:14,2021-12-18 15:37:18
2021-12-19,2021-12-19 07:41:52,2021-12-19 15:37:39
2021-12-20,2021-12-20 07:42:28,2021-12-20 15:38:04
2021-12-21,2021-12-21 07:43:00,2021-12-21 15:38:32
2021-12-22,2021-12-22 07:43:29,2021-12-22 15:39:04
2021-12-23,2021-12-23 07:43:56,2021-12-23 15:39:38
2021-12-24,2021-12-24 07:44:18,2021-12-24 15:40:16
2021-12-25,2021-12-25 07:44:38,2021-12-25 15:40:56
2021-12-26,2021-12-26 07:44:55,2021-12-26 15:41:40
2021-12-27,2021-12-27 07:45:08,2021-12-27 15:42:27
2021-12-28,2021-12-28 07:45:18,2021-12-28 15:43:17
2021-12-29,2021-12-29 07:45:24,2021-12-29 15:44:09
2021-12-30,2021-12-30 07:45:28,2021-12-30 15:45:05
2021-12-31,2021-12-31 07:45:28,2021-12-31 15:46:03
2022-01-01,2022-01-01 07:45:25,2022-01-01 15:47:04
2022-01-02,2022-01-02 07:45:18,2022-01-02 15:48:07
2022-01-03,2022-01-03 07:45:08,2022-01-03 15:49:13
2022-01-04,2022-01-04 07:44:55,2022-01-04 15:50:22
2022-01-05,2022-01-05 07:44:39,2022-01-05 15:51:33
2022-01-06,2022-01-06 07:44:20,2022-01-06 15:52:46
2022-01-07,2022-01-07 07:43:57,2022-01-07 15:54:02
2022-01-08,2022-01-08 07:43:32,2022-01-08 15:55:19
2022-01-09,2022-01-09 07:43:03,2022-01-09 15:56:39
2022-01-10,2022-01-10 07:42:31,2022-01-10 15:58:01
2022-01-11,2022-01-11 07:41:56,2022-01-11 15:59:25
2022-01-12,2022-01-12 07:41:18,2022-01-12 16:00:50
2022-01-13,2022-01-13 07:40:37,2022-01-13 16:02:18
2022-01-14,2022-01-14 07:39:53,2022-01-14 16:03:47
2022-01-15,2022-01-15 07:39:06,2022-01-15 16:05:17
2022-01-16,2022-01-16 07:38:16,2022-01-16 16:06:49
2022-01-17,2022-01-17 07:37:24,2022-01-17 16:08:23
2022-01-18,2022-01-18 07:36:28,2022-01-18 16:09:58
2022-01-19,2022-01-19 07:35:30,2022-01-19 16:11:34
2022-01-20,2022-01-20 07:34:30,2022-01-20 16:13:11
2022-01-21,2022-01-21 07:33:26,2022-01-21 16:14:50
2022-01-22,2022-01-22 07:32:21,2022-01-22 16:16:29
2022-01-23,2022-01-23 07:31:12,2022-01-23 16:18:09
2022-01-24,2022-01-24 07:30:01,2022-01-24 16:19:51
2022-01-25,2022-01-25 07:28:48,2022-01-25 16:21:33
2022-01-26,2022-01-26 07:27:33,2022-01-26 16:23:16
2022-01-27,2022-01-27 07:26:15,2022-01-27 16:24:59
2022-01-28,2022-01-28 07:24:55,2022-01-28 16:26:43
2022-01-29,2022-01-29 07:23:33,2022-01-29 16:28:28
2022-01-30,2022-01-30 07:22:08,2022-01-30 16:30:13
2022-01-31,2022-01-31 07:20:42,2022-01-31 16:31:59
2022-02-01,2022-02-01 07:19:13,2022-02-01 16:33:45
2022-02-02,2022-02-02 07:17:43,2022-02-02 16:35:31
2022-02-03,2022-02-03 07:16:10,2022-02-03 16:37:18
2022-02-04,2022-02-04 07:14:36,2022-02-04 16:39:04
2022-02-05,2022-02-05 07:13:00,2022-02-05 16:40:51
2022-02-06,2022-02-06 07:11:22,2022-02-06 16:42:39
2022-02-07,2022-02-07 07:09:42,2022-02-07 16:44:26
2022-02-08,2022-02-08 07:08:01,2022-02-08 16:46:13
2022-02-09,2022-02-09 07:06:18,2022-02-09 16:48:00
2022-02-10,2022-02-10 07:04:33,2022-02-10 16:49:48
2022-02-11,2022-02-11 07:02:47,2022-02-11 16:51:35
2022-02-12,2022-02-12 07:00:59,2022-02-12 16:53:22
2022-02-13,2022-02-13 06:59:10,2022-02-13 16:55:09
2022-02-14,2022-02-14 06:57:20,2022-02-14 16:56:56
2022-02-15,2022-02-15 06:55:28,2022-02-15 16:58:43
2022-02-16,2022-02-16 06:53:35,2022-02-16 17:00:29
2022-02-17,2022-02-17 06:51:41,2022-02-17 17:02:16
2022-02-18,2022-02-18 06:49:46,2022-02-18 17:04:02
2022-02-19,2022-02-19 06:47:49,2022-02-19 17:05:48
2022-02-20,2022-02-20 06:45:51,2022-02-20 17:07:34
2022-02-21,2022-02-21 06:43:52,2022-02-21 17:09:19
2022-02-22,2022-02-22 06:41:52,2022-02-22 17:11:05
2022-02-23,2022-02-23 06:39:51,2022-02-23 17:12:50
2022-02-24,2022-02-24 06:37:50,2022-02-24 17:14:34
2022-02-25,2022-02-25 06:35:47,2022-02-25 17:16:19
2022-02-26,2022-02-26 06:33:43,2022-02-26 17:18:03
2022-02-27,2022-02-27 06:31:39,2022-02-27 17:19:47
2022-02-28,2022-02-28 06:29:33,2022-02-28 17:21:31
2022-03-01,2022-03-01 06:27:27,2022-03-01 17:23:14
2022-03-02,2022-03-02 06:25:21,2022-03-02 17:24:57
2022-03-03,2022-03-03 06:23:13,2022-03-03 17:26:40
2022-03-04,2022-03-04 06:21:05,2022-03-04 17:28:22
2022-03-05,2022-03-05 06:18:56,2022-03-05 17:30:04
2022-03-06,2022-03-06 06:16:47,2022-03-06 17:31:46
2022-03-07,2022-03-07 06:14:37,2022-03-07 17:33:28
2022-03-08,2022-03-08 06:12:27,2022-03-08 17:35:10
2022-03-09,2022-03-09 06:10:16,2022-03-09 17:36:51
2022-03-10,2022-03-10 06:08:04,2022-03-10 17:38:32
2022-03-11,2022-03-11 06:05:53,2022-03-11 17:40:12
2022-03-12,2022-03-12 06:03:40,2022-03-12 17:41:53
2022-03-13,2022-03-13 06:01:28,2022-03-13 17:43:33
2022-03-14,2022-03-14 05:59:15,2022-03-14 17:45:13
2022-03-15,2022-03-15 05:57:02,2022-03-15 17:46:53
2022-03-16,2022-03-16 05:54:49,2022-03-16 17:48:32
2022-03-17,2022-03-17 05:52:35,2022-03-17 17:50:12
2022-03-18,2022-03-18 05:50:22,2022-03-18 17:51:51
2022-03-19,2022-03-19 05:48:08,2022-03-19 17:53:30
2022-03-20,2022-03-20 05:45:54,2022-03-20 17:55:09
2022-03-21,2022-03-21 05:43:40,2022-03-21 17:56:48
2022-03-22,2022-03-22 05:41:25,2022-03-22 17:58:26
2022-03-23,2022-03-23 05:39:11,2022-03-23 18:00:05
2022-03-24,2022-03-24 05:36:57,2022-03-24 18:01:43
2022-03-25,2022-03-25 05:34:43,2022-03-25 18:03:22
2022-03-26,2022-03-26 05:32:28,2022-03-26 18:05:00
2022-03-27,2022-03-27 05:30:14,2022-03-27 18:06:38
2022-03-28,2022-03-28 05:28:00,2022-03-28 18:08:16
2022-03-29,2022-03-29 05:25:47,2022-03-29 18:09:54
2022-03-30,2022-03-30 05:23:33,2022-03-30 18:11:32
2022-03-31,2022-03-31 05:21:20,2022-03-31 18:13:10
2022-04-01,2022-04-01 05:19:06,2022-04-01 18:14:48
2022-04-02,2022-04-02 05:16:53,2022-04-02 18:16:25
2022-04-03,2022-04-03 05:14:41,2022-04-03 18:18:03
2022-04-04,2022-04-04 05:12:28,2022-04-04 18:19:41
2022-04-05,2022-04-05 05:10:16,2022-04-05 18:21:19
2022-04-06,2022-04-06 05:08:05,2022-04-06 18:22:56
2022-04-07,2022-04-07 05:05:54,2022-04-07 18:24:34
2022-04-08,2022-04-08 05:03:43,2022-04-08 18:26:12
2022-04-09,2022-04-09 05:01:33,2022-04-09 18:27:49
2022-04-10,2022-04-10 04:59:23,2022-04-10 18:29:27
2022-04-11,2022-04-11 04:57:14,2022-04-11 18:31:04
2022-04-12,2022-04-12 04:55:05,2022-04-12 18:32:42
2022-04-13,2022-04-13 04:52:58,2022-04-13 18:34:20
2022-04-14,2022-04-14 04:50:50,2022-04-14 18:35:57
2022-04-15,2022-04-15 04:48:44,2022-04-15 18:37:35
2022-04-16,2022-04-16 04:46:38,2022-04-16 18:39:12
2022-04-17,2022-04-17 04:44:33,2022-04-17 18:40:50
2022-04-18,2022-04-18 04:42:28,2022-04-18 18:42:27
2022-04-19,2022-04-19 04:40:25,2022-04-19 18:44:05
2022-04-20,2022-04-20 04:38:22,2022-04-20 18:45:42
2022-04-21,2022-04-21 04:36:20,2022-04-21 18:47:19
2022-04-22,2022-04-22 04:34:20,2022-04-22 18:48:57
2022-04-23,2022-04-23 04:32:20,2022-04-23 18:50:34
2022-04-24,2022-04-24 04:30:21,2022-04-24 18:52:11
2022-04-25,2022-04-25 04:28:23,2022-04-25 18:53:48
2022-04-26,2022-04-26 04:26:26,2022-04-26 18:55:24
2022-04-27,2022-04-27 04:24:31,2022-04-27 18:57:01
2022-04-28,2022-04-28 04:22:37,2022-04-28 18:58:37
2022-04-29,2022-04-29 04:20:43,2022-04-29 19:00:13
2022-04-30,2022-04-30 04:18:52,2022-04-30 19:01:49
2022-05-01,2022-05-01 04:17:01,2022-05-01 19:03:25
2022-05-02,2022-05-02 04:15:12,2022-05-02 19:05:00
2022-05-03,2022-05-03 04:13:24,2022-05-03 19:06:35
2022-05-04,2022-05-04 04:11:38,2022-05-04 19:08:10
2022-05-05,2022-05-05 04:09:53,2022-05-05 19:09:44
2022-05-06,2022-05-06 04:08:09,2022-05-06 19:11:18
2022-05-07,2022-05-07 04:06:27,2022-05-07 19:12:51
2022-05-08,2022-05-08 04:04:47,2022-05-08 19:14:24
2022-05-09,2022-05-09 04:03:09,2022-05-09 19:15:56
2022-05-10,2022-05-10 04:01:32,2022-05-10 19:17:28
2022-05-11,2022-05-11 03:59:57,2022-05-11 19:18:59
2022-05-12,2022-05-12 03:58:23,2022-05-12 19:20:29
2022-05-13,2022-05-13 03:56:52,2022-05-13 19:21:58
2022-05-14,2022-05-14 03:55:23,2022-05-14 19:23:27
2022-05-15,2022-05-15 03:53:55,2022-05-15 19:24:55
2022-05-16,2022-05-16 03:52:29,2022-05-16 19:26:22
2022-05-17,2022-05-17 03:51:06,2022-05-17 19:27:48
2022-05-18,2022-05-18 03:49:44,2022-05-18 19:29:13
2022-05-19,2022-05-19 03:48:25,2022-05-19 19:30:37
2022-05-20,2022-05-20 03:47:08,2022-05-20 19:31:59
2022-05-21,2022-05-21 03:45:53,2022-05-21 19:33:21
2022-05-22,2022-05-22 03:44:40,2022-05-22 19:34:41
2022-05-23,2022-05-23 03:43:30,2022-05-23 19:36:00
2022-05-24,2022-05-24 03:42:22,2022-05-24 19:37:18
2022-05-25,2022-05-25 03:41:17,2022-05-25 19:38:34
2022-05-26,2022-05-26 03:40:14,2022-05-26 19:39:48
2022-05-27,2022-05-27 03:39:13,2022-05-27 19:41:01
2022-05-28,2022-05-28 03:38:15,2022-05-28 19:42:12
2022-05-29,2022-05-29 03:37:20,2022-05-29 19:43:22
2022-05-30,2022-05-30 03:36:27,2022-05-30 19:44:30
2022-05-31,2022-05-31 03:35:37,2022-05-31 19:45:36
2022-06-01,2022-06-01 03:34:50,2022-06-01 19:46:40
2022-06-02,2022-06-02 03:34:05,2022-06-02 19:47:42
2022-06-03,2022-06-03 03:33:23,2022-06-03 19:48:41
2022-06-04,2022-06-04 03:32:44,2022-06-04 19:49:39
2022-06-05,2022-06-05 03:32:08,2022-06-05 19:50:35
2022-06-06,2022-06-06 03:31:34,2022-06-06 19:51:28
2022-06-07,2022-06-07 03:31:04,2022-06-07 19:52:19
2022-06-08,2022-06-08 03:30:36,2022-06-08 19:53:08
2022-06-09,2022-06-09 03:30:12,2022-06-09 19:53:54
2022-06-10,2022-06-10 03:29:50,2022-06-10 19:54:37
2022-06-11,2022-06-11 03:29:31,2022-06-11 19:55:19
2022-06-12,2022-06-12 03:29:15,2022-06-12 19:55:57
2022-06-13,2022-06-13 03:29:03,2022-06-13 19:56:33
2022-06-14,2022-06-14 03:28:53,2022-06-14 19:57:06
2022-06-15,2022-06-15 03:28:46,2022-06-15 19:57:37
2022-06-16,2022-06-16 03:28:42,2022-06-16 19:58:04
2022-06-17,2022-06-17 03:28:41,2022-06-17 19:58:29
2022-06-18,2022-06-18 03:28:43,2022-06-18 19:58:51
2022-06-19,2022-06-19 03:28:48,2022-06-19 19:59:10
2022-06-20,2022-06-20 03:28:56,2022-06-20 19:59:26
2022-06-21,2022-06-21 03:29:07,2022-06-21 19:59:39
2022-06-22,2022-06-22 03:29:21,2022-06-22 19:59:50
2022-06-23,2022-06-23 03:29:38,2022-06-23 19:59:57
2022-06-24,2022-06-24 03:29:57,2022-06-24 20:00:01
2022-06-25,2022-06-25 03:30:20,2022-06-25 20:00:02
2022-06-26,2022-06-26 03:30:45,2022-06-26 20:00:01
2022-06-27,2022-06-27 03:31:12,2022-06-27 19:59:56
2022-06-28,2022-06-28 03:31:43,2022-06-28 19:59:48
2022-06-29,2022-06-29 03:32:16,2022-06-29 19:59:37
2022-06-30,2022-06-30 03:32:52,2022-06-30 19:59:23
2022-07-01,2022-07-01 03:33:30,2022-07-01 19:59:06
2022-07-02,2022-07-02 03:34:11,2022-07-02 19:58:46
2022-07-03,2022-07-03 03:34:55,2022-07-03 19:58:24
2022-07-04,2022-07-04 03:35:40,2022-07-04 19:57:58
2022-07-05,2022-07-05 03:36:28,2022-07-05 19:57:29
2022-07-06,2022-07-06 03:37:19,2022-07-06 19:56:57
2022-07-07,2022-07-07 03:38:11,2022-07-07 19:56:22
2022-07-08,2022-07-08 03:39:06,2022-07-08 19:55:45
2022-07-09,2022-07-09 03:40:03,2022-07-09 19:55:04
2022-07-10,2022-07-10 03:41:02,2022-07-10 19:54:21
2022-07-11,2022-07-11 03:42:03,2022-07-11 19:53:35
2022-07-12,2022-07-12 03:43:05,2022-07-12 19:52:46
2022-07-13,2022-07-13 03:44:10,2022-07-13 19:51:55
2022-07-14,2022-07-14 03:45:16,2022-07-14 19:51:01
2022-07-15,2022-07-15 03:46:24,2022-07-15 19:50:04
2022-07-16,2022-07-16 03:47:34,2022-07-16 19:49:05
2022-07-17,2022-07-17 03:48:45,2022-07-17 19:48:03
2022-07-18,2022-07-18 03:49:58,2022-07-18 19:46:58
2022-07-19,2022-07-19 03:51:12,2022-07-19 19:45:51
2022-07-20,2022-07-20 03:52:27,2022-07-20 19:44:42
2022-07-21,2022-07-21 03:53:44,2022-07-21 19:43:30
2022-07-22,2022-07-22 03:55:02,2022-07-22 19:42:16
2022-07-23,2022-07-23 03:56:21,2022-07-23 19:41:00
2022-07-24,2022-07-24 03:57:41,2022-07-24 19:39:41
2022-07-25,2022-07-25 03:59:03,2022-07-25 19:38:20
2022-07-26,2022-07-26 04:00:25,2022-07-26 19:36:58
2022-07-27,2022-07-27 04:01:48,2022-07-27 19:35:33
2022-07-28,2022-07-28 04:03:12,2022-07-28 19:34:06
2022-07-29,2022-07-29 04:04:37,2022-07-29 19:32:37
2022-07-30,2022-07-30 04:06:03,2022-07-30 19:31:06
2022-07-31,2022-07-31 04:07:29,2022-07-31 19:29:33
2022-08-01,2022-08-01 04:08:56,2022-08-01 19:27:58
2022-08-02,2022-08-02 04:10:24,2022-08-02 19:26:22
2022-08-03,2022-08-03 04:11:52,2022-08-03 19:24:43
2022-08-04,2022-08-04 04:13:21,2022-08-04 19:23:03
2022-08-05,2022-08-05 04:14:50,2022-08-05 19:21:22
2022-08-06,2022-08-06 04:16:20,2022-08-06 19:19:39
2022-08-07,2022-08-07 04:17:50,2022-08-07 19:17:54
2022-08-08,2022-08-08 04:19:21,2022-08-08 19:16:08
2022-08-09,2022-08-09 04:20:52,2022-08-09 19:14:20
2022-08-10,2022-08-10 04:22:23,2022-08-10 19:12:31
2022-08-11,2022-08-11 04:23:54,2022-08-11 19:10:40
2022-08-12,2022-08-12 04:25:26,2022-08-12 19:08:48
2022-08-13,2022-08-13 04:26:58,2022-08-13 19:06:55
2022-08-14,2022-08-14 04:28:30,2022-08-14 19:05:01
2022-08-15,2022-08-15 04:30:02,2022-08-15 19:03:05
2022-08-16,2022-08-16 04:31:35,2022-08-16 19:01:08
2022-08-17,2022-08-17 04:33:07,2022-08-17 18:59:10
2022-08-18,2022-08-18 04:34:40,2022-08-18 18:57:11
2022-08-19,2022-08-19 04:36:12,2022-08-19 18:55:11
2022-08-20,2022-08-20 04:37:45,2022-08-20 18:53:10
2022-08-21,2022-08-21 04:39:18,2022-08-21 18:51:08
2022-08-22,2022-08-22 04:40:51,2022-08-22 18:49:05
2022-08-23,2022-08-23 04:42:24,2022-08-23 18:47:01
2022-08-24,2022-08-24 04:43:57,2022-08-24 18:44:56
2022-08-25,2022-08-25 04:45:30,2022-08-25 18:42:50
2022-08-26,2022-08-26 04:47:03,2022-08-26 18:40:44
2022-08-27,2022-08-27 04:48:35,2022-08-27 18:38:37
2022-08-28,2022-08-28 04:50:08,2022-08-28 18:36:29
2022-08-29,2022-08-29 04:51:41,2022-08-29 18:34:20
2022-08-30,2022-08-30 04:53:14,2022-08-30 18:32:11
2022-08-31,2022-08-31 04:54:47,2022-08-31 18:30:01
2022-09-01,2022-09-01 04:56:20,2022-09-01 18:27:51
2022-09-02,2022-09-02 04:57:53,2022-09-02 18:25:40
2022-09-03,2022-09-03 04:59:26,2022-09-03 18:23:28
2022-09-04,2022-09-04 05:00:58,2022-09-04 18:21:16
2022-09-05,2022-09-05 05:02:31,2022-09-05 18:19:03
2022-09-06,2022-09-06 05:04:04,2022-09-06 18:16:51
2022-09-07,2022-09-07 05:05:37,2022-09-07 18:14:37
2022-09-08,2022-09-08 05:07:09,2022-09-08 18:12:24
2022-09-09,2022-09-09 05:08:42,2022-09-09 18:10:10
2022-09-10,2022-09-10 05:10:15,2022-09-10 18:07:55
2022-09-11,2022-09-11 05:11:48,2022-09-11 18:05:41
2022-09-12,2022-09-12 05:13:21,2022-09-12 18:03:26
2022-09-13,2022-09-13 05:14:53,2022-09-13 18:01:11
2022-09-14,2022-09-14 05:16:26,2022-09-14 17:58:55
2022-09-15,2022-09-15 05:17:59,2022-09-15 17:56:40
2022-09-16,2022-09-16 05:19:32,2022-09-16 17:54:25
2022-09-17,2022-09-17 05:21:05,2022-09-17 17:52:09
2022-09-18,2022-09-18 05:22:38,2022-09-18 17:49:53
2022-09-19,2022-09-19 05:24:12,2022-09-19 17:47:37
2022-09-20,2022-09-20 05:25:45,2022-09-20 17:45:22
2022-09-21,2022-09-21 05:27:18,2022-09-21 17:43:06
2022-09-22,2022-09-22 05:28:52,2022-09-22 17:40:50
2022-09-23,2022-09-23 05:30:26,2022-09-23 17:38:34
2022-09-24,2022-09-24 05:32:00,2022-09-24 17:36:19
2022-09-25,2022-09-25 05:33:34,2022-09-25 17:34:04
2022-09-26,2022-09-26 05:35:08,2022-09-26 17:31:48
2022-09-27,2022-09-27 05:36:42,2022-09-27 17:29:33
2022-09-28,2022-09-28 05:38:17,2022-09-28 17:27:18
2022-09-29,2022-09-29 05:39:51,2022-09-29 17:25:04
2022-09-30,2022-09-30 05:41:26,2022-09-30 17:22:49
2022-10-01,2022-10-01 05:43:01,2022-10-01 17:20:35
2022-10-02,2022-10-02 05:44:37,2022-10-02 17:18:22
2022-10-03,2022-10-03 05:46:12,2022-10-03 17:16:09
2022-10-04,2022-10-04 05:47:48,2022-10-04 17:13:56
2022-10-05,2022-10-05 05:49:24,2022-10-05 17:11:43
2022-10-06,2022-10-06 05:51:01,2022-10-06 17:09:31
2022-10-07,2022-10-07 05:52:37,2022-10-07 17:07:20
2022-10-08,2022-10-08 05:54:14,2022-10-08 17:05:09
2022-10-09,2022-10-09 05:55:52,2022-10-09 17:02:59
2022-10-10,2022-10-10 05:57:29,2022-10-10 17:00:49
2022-10-11,2022-10-11 05:59:07,2022-10-11 16:58:40
2022-10-12,2022-10-12 06:00:45,2022-10-12 16:56:31
2022-10-13,2022-10-13 06:02:23,2022-10-13 16:54:24
2022-10-14,2022-10-14 06:04:02,2022-10-14 16:52:17
2022-10-15,2022-10-15 06:05:41,2022-10-15 16:50:11
2022-10-16,2022-10-16 06:07:20,2022-10-16 16:48:05
2022-10-17,2022-10-17 06:09:00,2022-10-17 16:46:01
2022-10-18,2022-10-18 06:10:40,2022-10-18 16:43:57
2022-10-19,2022-10-19 06:12:20,2022-10-19 16:41:55
2022-10-20,2022-10-20 06:14:01,2022-10-20 16:39:53
2022-10-21,2022-10-21 06:15:42,2022-10-21 16:37:52
2022-10-22,2022-10-22 06:17:23,2022-10-22 16:35:53
2022-10-23,2022-10-23 06:19:04,2022-10-23 16:33:54
2022-10-24,2022-10-24 06:20:46,2022-10-24 16:31:57
2022-10-25,2022-10-25 06:22:28,2022-10-25 16:30:01
2022-10-26,2022-10-26 06:24:10,2022-10-26 16:28:06
2022-10-27,2022-10-27 06:25:52,2022-10-27 16:26:12
2022-10-28,2022-10-28 06:27:35,2022-10-28 16:24:20
2022-10-29,2022-10-29 06:29:18,2022-10-29 16:22:29
2022-10-30,2022-10-30 06:31:01,2022-10-30 16:20:40
2022-10-31,2022-10-31 06:32:44,2022-10-31 16:18:52
2022-11-01,2022-11-01 06:34:27,2022-11-01 16:17:05
2022-11-02,2022-11-02 06:36:10,2022-11-02 16:15:20
2022-11-03,2022-11-03 06:37:53,2022-11-03 16:13:37
2022-11-04,2022-11-04 06:39:37,2022-11-04 16:11:55
2022-11-05,2022-11-05 06:41:20,2022-11-05 16:10:15
2022-11-06,2022-11-06 06:43:03,2022-11-06 16:08:37
2022-11-07,2022-11-07 06:44:46,2022-11-07 16:07:00
2022-11-08,2022-11-08 06:46:29,2022-11-08 16:05:26
2022-11-09,2022-11-09 06:48:12,2022-11-09 16:03:53
2022-11-10,2022-11-10 06:49:55,2022-11-10 16:02:22
2022-11-11,2022-11-11 06:51:37,2022-11-11 16:00:54
2022-11-12,2022-11-12 06:53:19,2022-11-12 15:59:27
2022-11-13,2022-11-13 06:55:01,2022-11-13 15:58:02
2022-11-14,2022-11-14 06:56:42,2022-11-14 15:56:40
2022-11-15,2022-11-15 06:58:23,2022-11-15 15:55:20
2022-11-16,2022-11-16 07:00:03,2022-11-16 15:54:02
2022-11-17,2022-11-17 07:01:42,2022-11-17 15:52:46
2022-11-18,2022-11-18 07:03:21,2022-11-18 15:51:33
2022-11-19,2022-11-19 07:04:59,2022-11-19 15:50:23
2022-11-20,2022-11-20 07:06:36,2022-11-20 15:49:14
2022-11-21,2022-11-21 07:08:13,2022-11-21 15:48:09
2022-11-22,2022-11-22 07:09:48,2022-11-22 15:47:05
2022-11-23,2022-11-23 07:11:22,2022-11-23 15:46:05
2022-11-24,2022-11-24 07:12:56,2022-11-24 15:45:07
2022-11-25,2022-11-25 07:14:28,2022-11-25 15:44:12
2022-11-26,2022-11-26 07:15:58,2022-11-26 15:43:20
2022-11-27,2022-11-27 07:17:28,2022-11-27 15:42:30
2022-11-28,2022-11-28 07:18:55,2022-11-28 15:41:44
2022-11-29,2022-11-29 07:20:22,2022-11-29 15:41:00
2022-11-30,2022-11-30 07:21:47,2022-11-30 15:40:20
2022-12-01,2022-12-01 07:23:10,2022-12-01 15:39:42
2022-12-02,2022-12-02 07:24:31,2022-12-02 15:39:07
2022-12-03,2022-12-03 07:25:50,2022-12-03 15:38:36
2022-12-04,2022-12-04 07:27:08,2022-12-04 15:38:08
2022-12-05,2022-12-05 07:28:23,2022-12-05 15:37:42
2022-12-06,2022-12-06 07:29:36,2022-12-06 15:37:20
2022-12-07,2022-12-07 07:30:48,2022-12-07 15:37:02
2022-12-08,2022-12-08 07:31:56,2022-12-08 15:36:46
2022-12-09,2022-12-09 07:33:03,2022-12-09 15:36:34
2022-12-10,2022-12-10 07:34:07,2022-12-10 15:36:25
2022-12-11,2022-12-11 07:35:09,2022-12-11 15:36:19
2022-12-12,2022-12-12 07:36:08,2022-12-12 15:36:17
2022-12-13,2022-12-13 07:37:04,2022-12-13 15:36:18
2022-12-14,2022-12-14 07:37:58,2022-12-14 15:36:22
2022-12-15,2022-12-15 07:38:49,2022-12-15 15:36:30
2022-12-16,2022-12-16 07:39:37,2022-12-16 15:36:41
2022-12-17,2022-12-17 07:40:22,2022-12-17 15:36:55
2022-12-18,2022-12-18 07:41:04,2022-12-18 15:37:13
2022-12-19,2022-12-19 07:41:43,2022-12-19 15:37:33
2022-12-20,2022-12-20 07:42:20,2022-12-20 15:37:57
2022-12-21,2022-12-21 07:42:53,2022-12-21 15:38:25
2022-12-22,2022-12-22 07:43:23,2022-12-22 15:38:55
2022-12-23,2022-12-23 07:43:50,2022-12-23 15:39:29
2022-12-24,2022-12-24 07:44:13,2022-12-24 15:40:06
2022-12-25,2022-12-25 07:44:34,2022-12-25 15:40:46
2022-12-26,2022-12-26 07:44:51,2022-12-26 15:41:29
2022-12-27,2022-12-27 07:45:05,2022-12-27 15:42:15
2022-12-28,2022-12-28 07:45:16,2022-12-28 15:43:04
2022-12-29,2022-12-29 07:45:23,2022-12-29 15:43:56
2022-12-30,2022-12-30 07:45:27,2022-12-30 15:44:51
2022-12-31,2022-12-31 07:45:28,2022-12-31 15:45:48
2023-01-01,2023-01-01 07:45:26,2023-01-01 15:46:48
2023-01-02,2023-01-02 07:45:20,2023-01-02 15:47:51
2023-01-03,2023-01-03 07:45:11,2023-01-03 15:48:57
2023-01-04,2023-01-04 07:44:59,2023-01-04 15:50:05
2023-01-05,2023-01-05 07:44:44,2023-01-05 15:51:15
2023-01-06,2023-01-06 07:44:25,2023-01-06 15:52:28
2023-01-07,2023-01-07 07:44:03,2023-01-07 15:53:43
2023-01-08,2023-01-08 07:43:38,2023-01-08 15:55:00
2023-01-09,2023-01-09 07:43:10,2023-01-09 15:56:19
2023-01-10,2023-01-10 07:42:39,2023-01-10 15:57:41
2023-01-11,2023-01-11 07:42:04,2023-01-11 15:59:04
2023-01-12,2023-01-12 07:41:27,2023-01-12 16:00:29
2023-01-13,2023-01-13 07:40:47,2023-01-13 16:01:56
2023-01-14,2023-01-14 07:40:04,2023-01-14 16:03:25
2023-01-15,2023-01-15 07:39:17,2023-01-15 16:04:55
2023-01-16,2023-01-16 07:38:28,2023-01-16 16:06:27
2023-01-17,2023-01-17 07:37:37,2023-01-17 16:08:00
2023-01-18,2023-01-18 07:36:42,2023-01-18 16:09:34
2023-01-19,2023-01-19 07:35:45,2023-01-19 16:11:10
2023-01-20,2023-01-20 07:34:45,2023-01-20 16:12:47
2023-01-21,2023-01-21 07:33:42,2023-01-21 16:14:25
2023-01-22,2023-01-22 07:32:37,2023-01-22 16:16:05
2023-01-23,2023-01-23 07:31:29,2023-01-23 16:17:45
2023-01-24,2023-01-24 07:30:19,2023-01-24 16:19:26
2023-01-25,2023-01-25 07:29:06,2023-01-25 16:21:08
2023-01-26,2023-01-26 07:27:51,2023-01-26 16:22:50
2023-01-27,2023-01-27 07:26:34,2023-01-27 16:24:34
2023-01-28,2023-01-28 07:25:14,2023-01-28 16:26:18
2023-01-29,2023-01-29 07:23:53,2023-01-29 16:28:02
2023-01-30,2023-01-30 07:22:29,2023-01-30 16:29:47
2023-01-31,2023-01-31 07:21:03,2023-01-31 16:31:33
2023-02-01,2023-02-01 07:19:35,2023-02-01 16:33:19
2023-02-02,2023-02-02 07:18:05,2023-02-02 16:35:05
2023-02-03,2023-02-03 07:16:33,2023-02-03 16:36:52
2023-02-04,2023-02-04 07:14:59,2023-02-04 16:38:38
2023-02-05,2023-02-05 07:13:23,2023-02-05 16:40:25
2023-02-06,2023-02-06 07:11:45,2023-02-06 16:42:12
2023-02-07,2023-02-07 07:10:06,2023-02-07 16:44:00
2023-02-08,2023-02-08 07:08:25,2023-02-08 16:45:47
2023-02-09,2023-02-09 07:06:43,2023-02-09 16:47:34
2023-02-10,2023-02-10 07:04:59,2023-02-10 16:49:21
2023-02-11,2023-02-11 07:03:13,2023-02-11 16:51:09
2023-02-12,2023-02-12 07:01:26,2023-02-12 16:52:56
2023-02-13,2023-02-13 06:59:37,2023-02-13 16:54:43
2023-02-14,2023-02-14 06:57:47,2023-02-14 16:56:30
2023-02-15,2023-02-15 06:55:55,2023-02-15 16:58:17
2023-02-16,2023-02-16 06:54:03,2023-02-16 17:00:03
2023-02-17,2023-02-17 06:52:09,2023-02-17 17:01:50
2023-02-18,2023-02-18 06:50:14,2023-02-18 17:03:36
2023-02-19,2023-02-19 06:48:17,2023-02-19 17:05:22
2023-02-20,2023-02-20 06:46:20,2023-02-20 17:07:08
2023-02-21,2023-02-21 06:44:21,2023-02-21 17:08:54
2023-02-22,2023-02-22 06:42:21,2023-02-22 17:10:39
2023-02-23,2023-02-23 06:40:21,2023-02-23 17:12:24
2023-02-24,2023-02-24 06:38:19,2023-02-24 17:14:09
2023-02-25,2023-02-25 06:36:17,2023-02-25 17:15:54
2023-02-26,2023-02-26 06:34:13,2023-02-26 17:17:38
2023-02-27,2023-02-27 06:32:09,2023-02-27 17:19:22
2023-02-28,2023-02-28 06:30:04,2023-02-28 17:21:06
2023-03-01,2023-03-01 06:27:58,2023-03-01 17:22:49
2023-03-02,2023-03-02 06:25:51,2023-03-02 17:24:32
2023-03-03,2023-03-03 06:23:44,2023-03-03 17:26:15
2023-03-04,2023-03-04 06:21:36,2023-03-04 17:27:57
2023-03-05,2023-03-05 06:19:27,2023-03-05 17:29:40
2023-03-06,2023-03-06 06:17:18,2023-03-06 17:31:22
2023-03-07,2023-03-07 06:15:08,2023-03-07 17:33:04
2023-03-08,2023-03-08 06:12:58,2023-03-08 17:34:45
2023-03-09,2023-03-09 06:10:47,2023-03-09 17:36:26
2023-03-10,2023-03-10 06:08:36,2023-03-10 17:38:07
2023-03-11,2023-03-11 06:06:24,2023-03-11 17:39:48
2023-03-12,2023-03-12 06:04:12,2023-03-12 17:41:28
2023-03-13,2023-03-13 06:02:00,2023-03-13 17:43:09
2023-03-14,2023-03-14 05:59:47,2023-03-14 17:44:49
2023-03-15,2023-03-15 05:57:34,2023-03-15 17:46:29
2023-03-16,2023-03-16 05:55:21,2023-03-16 17:48:08
2023-03-17,2023-03-17 05:53:08,2023-03-17 17:49:48
2023-03-18,2023-03-18 05:50:54,2023-03-18 17:51:27
2023-03-19,2023-03-19 05:48:40,2023-03-19 17:53:06
2023-03-20,2023-03-20 05:46:26,2023-03-20 17:54:45
2023-03-21,2023-03-21 05:44:12,2023-03-21 17:56:24
2023-03-22,2023-03-22 05:41:58,2023-03-22 17:58:03
2023-03-23,2023-03-23 05:39:43,2023-03-23 17:59:41
2023-03-24,2023-03-24 05:37:29,2023-03-24 18:01:20
2023-03-25,2023-03-25 05:35:15,2023-03-25 18:02:58
2023-03-26,2023-03-26 05:33:01,2023-03-26 18:04:36
2023-03-27,2023-03-27 05:30:47,2023-03-27 18:06:14
2023-03-28,2023-03-28 05:28:33,2023-03-28 18:07:52
2023-03-29,2023-03-29 05:26:19,2023-03-29 18:09:30
2023-03-30,2023-03-30 05:24:05,2023-03-30 18:11:08
2023-03-31,2023-03-31 05:21:52,2023-03-31 18:12:46
2023-04-01,2023-04-01 05:19:38,2023-04-01 18:14:24
2023-04-02,2023-04-02 05:17:25,2023-04-02 18:16:02
2023-04-03,2023-04-03 05:15:13,2023-04-03 18:17:40
2023-04-04,2023-04-04 05:13:00,2023-04-04 18:19:17
2023-04-05,2023-04-05 05:10:48,2023-04-05 18:20:55
2023-04-06,2023-04-06 05:08:37,2023-04-06 18:22:33
2023-04-07,2023-04-07 05:06:25,2023-04-07 18:24:10
2023-04-08,2023-04-08 05:04:14,2023-04-08 18:25:48
2023-04-09,2023-04-09 05:02:04,2023-04-09 18:27:26
2023-04-10,2023-04-10 04:59:54,2023-04-10 18:29:03
2023-04-11,2023-04-11 04:57:45,2023-04-11 18:30:41
2023-04-12,2023-04-12 04:55:36,2023-04-12 18:32:19
2023-04-13,2023-04-13 04:53:28,2023-04-13 18:33:56
2023-04-14,2023-04-14 04:51:21,2023-04-14 18:35:34
2023-04-15,2023-04-15 04:49:14,2023-04-15 18:37:11
2023-04-16,2023-04-16 04:47:08,2023-04-16 18:38:49
2023-04-17,2023-04-17 04:45:03,2023-04-17 18:40:26
2023-04-18,2023-04-18 04:42:58,2023-04-18 18:42:04
2023-04-19,2023-04-19 04:40:54,2023-04-19 18:43:41
2023-04-20,2023-04-20 04:38:52,2023-04-20 18:45:19
2023-04-21,2023-04-21 04:36:50,2023-04-21 18:46:56
2023-04-22,2023-04-22 04:34:48,2023-04-22 18:48:33
2023-04-23,2023-04-23 04:32:48,2023-04-23 18:50:10
2023-04-24,2023-04-24 04:30:49,2023-04-24 18:51:47
2023-04-25,2023-04-25 04:28:51,2023-04-25 18:53:24
2023-04-26,2023-04-26 04:26:54,2023-04-26 18:55:01
2023-04-27,2023-04-27 04:24:59,2023-04-27 18:56:38
2023-04-28,2023-04-28 04:23:04,2023-04-28 18:58:14
2023-04-29,2023-04-29 04:21:11,2023-04-29 18:59:50
2023-04-30,2023-04-30 04:19:18,2023-04-30 19:01:26
2023-05-01,2023-05-01 04:17:27,2023-05-01 19:03:02
2023-05-02,2023-05-02 04:15:38,2023-05-02 19:04:37
2023-05-03,2023-05-03 04:13:50,2023-05-03 19:06:12
2023-05-04,2023-05-04 04:12:03,2023-05-04 19:07:47
2023-05-05,2023-05-05 04:10:18,2023-05-05 19:09:21
2023-05-06,2023-05-06 04:08:34,2023-05-06 19:10:55
2023-05-07,2023-05-07 04:06:52,2023-05-07 19:12:29
2023-05-08,2023-05-08 04:05:11,2023-05-08 19:14:02
2023-05-09,2023-05-09 04:03:32,2023-05-09 19:15:34
2023-05-10,2023-05-10 04:01:55,2023-05-10 19:17:06
2023-05-11,2023-05-11 04:00:19,2023-05-11 19:18:37
2023-05-12,2023-05-12 03:58:46,2023-05-12 19:20:07
2023-05-13,2023-05-13 03:57:14,2023-05-13 19:21:37
2023-05-14,2023-05-14 03:55:44,2023-05-14 19:23:06
2023-05-15,2023-05-15 03:54:16,2023-05-15 19:24:34
2023-05-16,2023-05-16 03:52:50,2023-05-16 19:26:01
2023-05-17,2023-05-17 03:51:26,2023-05-17 19:27:27
2023-05-18,2023-05-18 03:50:04,2023-05-18 19:28:53
2023-05-19,2023-05-19 03:48:44,2023-05-19 19:30:17
2023-05-20,2023-05-20 03:47:26,2023-05-20 19:31:40
2023-05-21,2023-05-21 03:46:11,2023-05-21 19:33:02
2023-05-22,2023-05-22 03:44:58,2023-05-22 19:34:22
2023-05-23,2023-05-23 03:43:47,2023-05-23 19:35:41
2023-05-24,2023-05-24 03:42:38,2023-05-24 19:36:59
2023-05-25,2023-05-25 03:41:32,2023-05-25 19:38:16
2023-05-26,2023-05-26 03:40:29,2023-05-26 19:39:31
2023-05-27,2023-05-27 03:39:27,2023-05-27 19:40:44
2023-05-28,2023-05-28 03:38:29,2023-05-28 19:41:56
2023-05-29,2023-05-29 03:37:33,2023-05-29 19:43:06
2023-05-30,2023-05-30 03:36:39,2023-05-30 19:44:14
2023-05-31,2023-05-31 03:35:49,2023-05-31 19:45:20
2023-06-01,2023-06-01 03:35:01,2023-06-01 19:46:25
2023-06-02,2023-06-02 03:34:15,2023-06-02 19:47:27
2023-06-03,2023-06-03 03:33:33,2023-06-03 19:48:27
2023-06-04,2023-06-04 03:32:53,2023-06-04 19:49:26
2023-06-05,2023-06-05 03:32:16,2023-06-05 19:50:22
2023-06-06,2023-06-06 03:31:42,2023-06-06 19:51:16
2023-06-07,2023-06-07 03:31:11,2023-06-07 19:52:07
2023-06-08,2023-06-08 03:30:43,2023-06-08 19:52:56
2023-06-09,2023-06-09 03:30:17,2023-06-09 19:53:43
2023-06-10,2023-06-10 03:29:55,2023-06-10 19:54:27
2023-06-11,2023-06-11 03:29:35,2023-06-11 19:55:09
2023-06-12,2023-06-12 03:29:19,2023-06-12 19:55:48
2023-06-13,2023-06-13 03:29:05,2023-06-13 19:56:25
2023-06-14,2023-06-14 03:28:55,2023-06-14 19:56:59
2023-06-15,2023-06-15 03:28:47,2023-06-15 19:57:30
2023-06-16,2023-06-16 03:28:43,2023-06-16 19:57:58
2023-06-17,2023-06-17 03:28:41,2023-06-17 19:58:24
2023-06-18,2023-06-18 03:28:42,2023-06-18 19:58:46
2023-06-19,2023-06-19 03:28:47,2023-06-19 19:59:06
2023-06-20,2023-06-20 03:28:54,2023-06-20 19:59:23
2023-06-21,2023-06-21 03:29:04,2023-06-21 19:59:37
2023-06-22,2023-06-22 03:29:17,2023-06-22 19:59:48
2023-06-23,2023-06-23 03:29:33,2023-06-23 19:59:56
2023-06-24,2023-06-24 03:29:52,2023-06-24 20:00:01
2023-06-25,2023-06-25 03:30:14,2023-06-25 20:00:03
2023-06-26,2023-06-26 03:30:38,2023-06-26 20:00:02
2023-06-27,2023-06-27 03:31:05,2023-06-27 19:59:58
2023-06-28,2023-06-28 03:31:35,2023-06-28 19:59:51
2023-06-29,2023-06-29 03:32:08,2023-06-29 19:59:40
2023-06-30,2023-06-30 03:32:43,2023-06-30 19:59:27
2023-07-01,2023-07-01 03:33:21,2023-07-01 19:59:11
2023-07-02,2023-07-02 03:34:01,2023-07-02 19:58:52
2023-07-03,2023-07-03 03:34:44,2023-07-03 19:58:30
2023-07-04,2023-07-04 03:35:29,2023-07-04 19:58:04
2023-07-05,2023-07-05 03:36:17,2023-07-05 19:57:36
2023-07-06,2023-07-06 03:37:06,2023-07-06 19:57:05
2023-07-07,2023-07-07 03:37:58,2023-07-07 19:56:31
2023-07-08,2023-07-08 03:38:53,2023-07-08 19:55:54
2023-07-09,2023-07-09 03:39:49,2023-07-09 19:55:15
2023-07-10,2023-07-10 03:40:47,2023-07-10 19:54:32
2023-07-11,2023-07-11 03:41:48,2023-07-11 19:53:47
2023-07-12,2023-07-12 03:42:50,2023-07-12 19:52:59
2023-07-13,2023-07-13 03:43:54,2023-07-13 19:52:08
2023-07-14,2023-07-14 03:45:00,2023-07-14 19:51:14
2023-07-15,2023-07-15 03:46:08,2023-07-15 19:50:18
2023-07-16,2023-07-16 03:47:17,2023-07-16 19:49:19
2023-07-17,2023-07-17 03:48:28,2023-07-17 19:48:18
2023-07-18,2023-07-18 03:49:40,2023-07-18 19:47:14
2023-07-19,2023-07-19 03:50:54,2023-07-19 19:46:08
2023-07-20,2023-07-20 03:52:09,2023-07-20 19:44:59
2023-07-21,2023-07-21 03:53:25,2023-07-21 19:43:48
2023-07-22,2023-07-22 03:54:43,2023-07-22 19:42:34
2023-07-23,2023-07-23 03:56:02,2023-07-23 19:41:19
2023-07-24,2023-07-24 03:57:22,2023-07-24 19:40:01
2023-07-25,2023-07-25 03:58:43,2023-07-25 19:38:40
2023-07-26,2023-07-26 04:00:05,2023-07-26 19:37:18
2023-07-27,2023-07-27 04:01:28,2023-07-27 19:35:53
2023-07-28,2023-07-28 04:02:52,2023-07-28 19:34:27
2023-07-29,2023-07-29 04:04:17,2023-07-29 19:32:58
2023-07-30,2023-07-30 04:05:42,2023-07-30 19:31:28
2023-07-31,2023-07-31 04:07:09,2023-07-31 19:29:55
2023-08-01,2023-08-01 04:08:35,2023-08-01 19:28:21
2023-08-02,2023-08-02 04:10:03,2023-08-02 19:26:45
2023-08-03,2023-08-03 04:11:31,2023-08-03 19:25:07
2023-08-04,2023-08-04 04:13:00,2023-08-04 19:23:28
2023-08-05,2023-08-05 04:14:29,2023-08-05 19:21:47
2023-08-06,2023-08-06 04:15:59,2023-08-06 19:20:04
2023-08-07,2023-08-07 04:17:29,2023-08-07 19:18:19
2023-08-08,2023-08-08 04:18:59,2023-08-08 19:16:34
2023-08-09,2023-08-09 04:20:30,2023-08-09 19:14:46
2023-08-10,2023-08-10 04:22:01,2023-08-10 19:12:57
2023-08-11,2023-08-11 04:23:32,2023-08-11 19:11:07
2023-08-12,2023-08-12 04:25:04,2023-08-12 19:09:15
2023-08-13,2023-08-13 04:26:36,2023-08-13 19:07:23
2023-08-14,2023-08-14 04:28:08,2023-08-14 19:05:28
2023-08-15,2023-08-15 04:29:40,2023-08-15 19:03:33
2023-08-16,2023-08-16 04:31:13,2023-08-16 19:01:36
2023-08-17,2023-08-17 04:32:45,2023-08-17 18:59:39
2023-08-18,2023-08-18 04:34:18,2023-08-18 18:57:40
2023-08-19,2023-08-19 04:35:50,2023-08-19 18:55:40
2023-08-20,2023-08-20 04:37:23,2023-08-20 18:53:39
2023-08-21,2023-08-21 04:38:56,2023-08-21 18:51:37
2023-08-22,2023-08-22 04:40:29,2023-08-22 18:49:34
2023-08-23,2023-08-23 04:42:02,2023-08-23 18:47:31
2023-08-24,2023-08-24 04:43:34,2023-08-24 18:45:26
2023-08-25,2023-08-25 04:45:07,2023-08-25 18:43:21
2023-08-26,2023-08-26 04:46:40,2023-08-26 18:41:14
2023-08-27,2023-08-27 04:48:13,2023-08-27 18:39:07
2023-08-28,2023-08-28 04:49:46,2023-08-28 18:37:00
2023-08-29,2023-08-29 04:51:19,2023-08-29 18:34:51
2023-08-30,2023-08-30 04:52:52,2023-08-30 18:32:42
2023-08-31,2023-08-31 04:54:25,2023-08-31 18:30:32
2023-09-01,2023-09-01 04:55:58,2023-09-01 18:28:22
2023-09-02,2023-09-02 04:57:30,2023-09-02 18:26:11
2023-09-03,2023-09-03 04:59:03,2023-09-03 18:24:00
2023-09-04,2023-09-04 05:00:36,2023-09-04 18:21:48
2023-09-05,2023-09-05 05:02:09,2023-09-05 18:19:36
2023-09-06,2023-09-06 05:03:42,2023-09-06 18:17:23
2023-09-07,2023-09-07 05:05:14,2023-09-07 18:15:10
2023-09-08,2023-09-08 05:06:47,2023-09-08 18:12:56
2023-09-09,2023-09-09 05:08:20,2023-09-09 18:10:42
2023-09-10,2023-09-10 05:09:53,2023-09-10 18:08:28
2023-09-11,2023-09-11 05:11:25,2023-09-11 18:06:13
2023-09-12,2023-09-12 05:12:58,2023-09-12 18:03:58
2023-09-13,2023-09-13 05:14:31,2023-09-13 18:01:43
2023-09-14,2023-09-14 05:16:04,2023-09-14 17:59:28
2023-09-15,2023-09-15 05:17:37,2023-09-15 17:57:13
2023-09-16,2023-09-16 05:19:10,2023-09-16 17:54:57
2023-09-17,2023-09-17 05:20:43,2023-09-17 17:52:42
2023-09-18,2023-09-18 05:22:16,2023-09-18 17:50:26
2023-09-19,2023-09-19 05:23:49,2023-09-19 17:48:10
2023-09-20,2023-09-20 05:25:23,2023-09-20 17:45:54
2023-09-21,2023-09-21 05:26:56,2023-09-21 17:43:39
2023-09-22,2023-09-22 05:28:30,2023-09-22 17:41:23
2023-09-23,2023-09-23 05:30:03,2023-09-23 17:39:07
2023-09-24,2023-09-24 05:31:37,2023-09-24 17:36:52
2023-09-25,2023-09-25 05:33:11,2023-09-25 17:34:36
2023-09-26,2023-09-26 05:34:45,2023-09-26 17:32:21
2023-09-27,2023-09-27 05:36:19,2023-09-27 17:30:06
2023-09-28,2023-09-28 05:37:54,2023-09-28 17:27:51
2023-09-29,2023-09-29 05:39:29,2023-09-29 17:25:36
2023-09-30,2023-09-30 05:41:03,2023-09-30 17:23:22
2023-10-01,2023-10-01 05:42:39,2023-10-01 17:21:08
2023-10-02,2023-10-02 05:44:14,2023-10-02 17:18:54
2023-10-03,2023-10-03 05:45:49,2023-10-03 17:16:41
2023-10-04,2023-10-04 05:47:25,2023-10-04 17:14:28
2023-10-05,2023-10-05 05:49:01,2023-10-05 17:12:15
2023-10-06,2023-10-06 05:50:38,2023-10-06 17:10:03
2023-10-07,2023-10-07 05:52:14,2023-10-07 17:07:51
2023-10-08,2023-10-08 05:53:51,2023-10-08 17:05:40
2023-10-09,2023-10-09 05:55:28,2023-10-09 17:03:30
2023-10-10,2023-10-10 05:57:06,2023-10-10 17:01:20
2023-10-11,2023-10-11 05:58:43,2023-10-11 16:59:11
2023-10-12,2023-10-12 06:00:21,2023-10-12 16:57:02
2023-10-13,2023-10-13 06:02:00,2023-10-13 16:54:54
2023-10-14,2023-10-14 06:03:38,2023-10-14 16:52:47
2023-10-15,2023-10-15 06:05:17,2023-10-15 16:50:41
2023-10-16,2023-10-16 06:06:57,2023-10-16 16:48:35
2023-10-17,2023-10-17 06:08:36,2023-10-17 16:46:31
2023-10-18,2023-10-18 06:10:16,2023-10-18 16:44:27
2023-10-19,2023-10-19 06:11:56,2023-10-19 16:42:24
2023-10-20,2023-10-20 06:13:37,2023-10-20 16:40:22
2023-10-21,2023-10-21 06:15:17,2023-10-21 16:38:21
2023-10-22,2023-10-22 06:16:58,2023-10-22 16:36:21
2023-10-23,2023-10-23 06:18:40,2023-10-23 16:34:23
2023-10-24,2023-10-24 06:20:21,2023-10-24 16:32:25
2023-10-25,2023-10-25 06:22:03,2023-10-25 16:30:29
2023-10-26,2023-10-26 06:23:45,2023-10-26 16:28:34
2023-10-27,2023-10-27 06:25:28,2023-10-27 16:26:40
2023-10-28,2023-10-28 06:27:10,2023-10-28 16:24:47
2023-10-29,2023-10-29 06:28:53,2023-10-29 16:22:56
2023-10-30,2023-10-30 06:30:36,2023-10-30 16:21:06
2023-10-31,2023-10-31 06:32:19,2023-10-31 16:19:18
2023-11-01,2023-11-01 06:34:02,2023-11-01 16:17:31
2023-11-02,2023-11-02 06:35:45,2023-11-02 16:15:45
2023-11-03,2023-11-03 06:37:28,2023-11-03 16:14:02
2023-11-04,2023-11-04 06:39:12,2023-11-04 16:12:19
2023-11-05,2023-11-05 06:40:55,2023-11-05 16:10:39
2023-11-06,2023-11-06 06:42:38,2023-11-06 16:09:00
2023-11-07,2023-11-07 06:44:21,2023-11-07 16:07:23
2023-11-08,2023-11-08 06:46:05,2023-11-08 16:05:48
2023-11-09,2023-11-09 06:47:47,2023-11-09 16:04:15
2023-11-10,2023-11-10 06:49:30,2023-11-10 16:02:44
2023-11-11,2023-11-11 06:51:12,2023-11-11 16:01:15
2023-11-12,2023-11-12 06:52:55,2023-11-12 15:59:48
2023-11-13,2023-11-13 06:54:36,2023-11-13 15:58:22
2023-11-14,2023-11-14 06:56:18,2023-11-14 15:57:00
2023-11-15,2023-11-15 06:57:58,2023-11-15 15:55:39
2023-11-16,2023-11-16 06:59:39,2023-11-16 15:54:20
2023-11-17,2023-11-17 07:01:18,2023-11-17 15:53:04
2023-11-18,2023-11-18 07:02:57,2023-11-18 15:51:51
2023-11-19,2023-11-19 07:04:36,2023-11-19 15:50:39
2023-11-20,2023-11-20 07:06:13,2023-11-20 15:49:30
2023-11-21,2023-11-21 07:07:50,2023-11-21 15:48:24
2023-11-22,2023-11-22 07:09:25,2023-11-22 15:47:20
2023-11-23,2023-11-23 07:11:00,2023-11-23 15:46:19
2023-11-24,2023-11-24 07:12:33,2023-11-24 15:45:21
2023-11-25,2023-11-25 07:14:05,2023-11-25 15:44:25
2023-11-26,2023-11-26 07:15:36,2023-11-26 15:43:32
2023-11-27,2023-11-27 07:17:06,2023-11-27 15:42:42
2023-11-28,2023-11-28 07:18:34,2023-11-28 15:41:55
2023-11-29,2023-11-29 07:20:01,2023-11-29 15:41:10
2023-11-30,2023-11-30 07:21:26,2023-11-30 15:40:29
2023-12-01,2023-12-01 07:22:50,2023-12-01 15:39:51
2023-12-02,2023-12-02 07:24:11,2023-12-02 15:39:15
2023-12-03,2023-12-03 07:25:31,2023-12-03 15:38:43
2023-12-04,2023-12-04 07:26:49,2023-12-04 15:38:14
2023-12-05,2023-12-05 07:28:05,2023-12-05 15:37:48
2023-12-06,2023-12-06 07:29:19,2023-12-06 15:37:25
2023-12-07,2023-12-07 07:30:31,2023-12-07 15:37:06
2023-12-08,2023-12-08 07:31:40,2023-12-08 15:36:49
2023-12-09,2023-12-09 07:32:47,2023-12-09 15:36:36
2023-12-10,2023-12-10 07:33:52,2023-12-10 15:36:27
2023-12-11,2023-12-11 07:34:54,2023-12-11 15:36:20
2023-12-12,2023-12-12 07:35:54,2023-12-12 15:36:17
2023-12-13,2023-12-13 07:36:51,2023-12-13 15:36:17
2023-12-14,2023-12-14 07:37:45,2023-12-14 15:36:21
2023-12-15,2023-12-15 07:38:37,2023-12-15 15:36:27
2023-12-16,2023-12-16 07:39:25,2023-12-16 15:36:37
2023-12-17,2023-12-17 07:40:11,2023-12-17 15:36:51
2023-12-18,2023-12-18 07:40:54,2023-12-18 15:37:08
2023-12-19,2023-12-19 07:41:34,2023-12-19 15:37:28
2023-12-20,2023-12-20 07:42:11,2023-12-20 15:37:51
2023-12-21,2023-12-21 07:42:45,2023-12-21 15:38:18
2023-12-22,2023-12-22 07:43:16,2023-12-22 15:38:47
2023-12-23,2023-12-23 07:43:43,2023-12-23 15:39:20
2023-12-24,2023-12-24 07:44:08,2023-12-24 15:39:56
2023-12-25,2023-12-25 07:44:29,2023-12-25 15:40:36
2023-12-26,2023-12-26 07:44:47,2023-12-26 15:41:18
2023-12-27,2023-12-27 07:45:02,2023-12-27 15:42:03
2023-12-28,2023-12-28 07:45:13,2023-12-28 15:42:52
2023-12-29,2023-12-29 07:45:22,2023-12-29 15:43:43
2023-12-30,2023-12-30 07:45:26,2023-12-30 15:44:37
2023-12-31,2023-12-31 07:45:28,2023-12-31 15:45:34
2024-01-01,2024-01-01 07:45:27,2024-01-01 15:46:33
2024-01-02,2024-01-02 07:45:22,2024-01-02 15:47:36
2024-01-03,2024-01-03 07:45:14,2024-01-03 15:48:40
2024-01-04,2024-01-04 07:45:02,2024-01-04 15:49:48
2024-01-05,2024-01-05 07:44:47,2024-01-05 15:50:58
2024-01-06,2024-01-06 07:44:30,2024-01-06 15:52:10
2024-01-07,2024-01-07 07:44:09,2024-01-07 15:53:24
2024-01-08,2024-01-08 07:43:44,2024-01-08 15:54:41
2024-01-09,2024-01-09 07:43:17,2024-01-09 15:56:00
2024-01-10,2024-01-10 07:42:47,2024-01-10 15:57:21
2024-01-11,2024-01-11 07:42:13,2024-01-11 15:58:43
2024-01-12,2024-01-12 07:41:36,2024-01-12 16:00:08
2024-01-13,2024-01-13 07:40:57,2024-01-13 16:01:35
2024-01-14,2024-01-14 07:40:14,2024-01-14 16:03:03
2024-01-15,2024-01-15 07:39:29,2024-01-15 16:04:33
2024-01-16,2024-01-16 07:38:40,2024-01-16 16:06:04
2024-01-17,2024-01-17 07:37:49,2024-01-17 16:07:37
2024-01-18,2024-01-18 07:36:55,2024-01-18 16:09:11
2024-01-19,2024-01-19 07:35:59,2024-01-19 16:10:47
2024-01-20,2024-01-20 07:34:59,2024-01-20 16:12:23
2024-01-21,2024-01-21 07:33:57,2024-01-21 16:14:01
2024-01-22,2024-01-22 07:32:53,2024-01-22 16:15:40
2024-01-23,2024-01-23 07:31:46,2024-01-23 16:17:20
2024-01-24,2024-01-24 07:30:36,2024-01-24 16:19:01
2024-01-25,2024-01-25 07:29:24,2024-01-25 16:20:43
2024-01-26,2024-01-26 07:28:09,2024-01-26 16:22:25
2024-01-27,2024-01-27 07:26:53,2024-01-27 16:24:09
2024-01-28,2024-01-28 07:25:34,2024-01-28 16:25:52
2024-01-29,2024-01-29 07:24:13,2024-01-29 16:27:37
2024-01-30,2024-01-30 07:22:49,2024-01-30 16:29:22
2024-01-31,2024-01-31 07:21:24,2024-01-31 16:31:07
2024-02-01,2024-02-01 07:19:56,2024-02-01 16:32:53
2024-02-02,2024-02-02 07:18:26,2024-02-02 16:34:39
2024-02-03,2024-02-03 07:16:55,2024-02-03 16:36:26
2024-02-04,2024-02-04 07:15:21,2024-02-04 16:38:12
2024-02-05,2024-02-05 07:13:46,2024-02-05 16:39:59
2024-02-06,2024-02-06 07:12:09,2024-02-06 16:41:46
2024-02-07,2024-02-07 07:10:30,2024-02-07 16:43:34
2024-02-08,2024-02-08 07:08:50,2024-02-08 16:45:21
2024-02-09,2024-02-09 07:07:08,2024-02-09 16:47:08
2024-02-10,2024-02-10 07:05:24,2024-02-10 16:48:55
2024-02-11,2024-02-11 07:03:38,2024-02-11 16:50:43
2024-02-12,2024-02-12 07:01:52,2024-02-12 16:52:30
2024-02-13,2024-02-13 07:00:03,2024-02-13 16:54:17
2024-02-14,2024-02-14 06:58:14,2024-02-14 16:56:04
2024-02-15,2024-02-15 06:56:22,2024-02-15 16:57:51
2024-02-16,2024-02-16 06:54:30,2024-02-16 16:59:38
2024-02-17,2024-02-17 06:52:36,2024-02-17 17:01:24
2024-02-18,2024-02-18 06:50:41,2024-02-18 17:03:11
2024-02-19,2024-02-19 06:48:45,2024-02-19 17:04:57
2024-02-20,2024-02-20 06:46:48,2024-02-20 17:06:43
2024-02-21,2024-02-21 06:44:50,2024-02-21 17:08:28
2024-02-22,2024-02-22 06:42:50,2024-02-22 17:10:14
2024-02-23,2024-02-23 06:40:50,2024-02-23 17:11:59
2024-02-24,2024-02-24 06:38:48,2024-02-24 17:13:44
2024-02-25,2024-02-25 06:36:46,2024-02-25 17:15:28
2024-02-26,2024-02-26 06:34:43,2024-02-26 17:17:13
2024-02-27,2024-02-27 06:32:39,2024-02-27 17:18:57
2024-02-28,2024-02-28 06:30:34,2024-02-28 17:20:40
2024-02-29,2024-02-29 06:28:28,2024-02-29 17:22:24
2024-03-01,2024-03-01 06:26:22,2024-03-01 17:24:07
2024-03-02,2024-03-02 06:24:15,2024-03-02 17:25:50
2024-03-03,2024-03-03 06:22:07,2024-03-03 17:27:33
2024-03-04,2024-03-04 06:19:58,2024-03-04 17:29:15
2024-03-05,2024-03-05 06:17:49,2024-03-05 17:30:57
2024-03-06,2024-03-06 06:15:40,2024-03-06 17:32:39
2024-03-07,2024-03-07 06:13:29,2024-03-07 17:34:20
2024-03-08,2024-03-08 06:11:19,2024-03-08 17:36:02
2024-03-09,2024-03-09 06:09:08,2024-03-09 17:37:43
2024-03-10,2024-03-10 06:06:56,2024-03-10 17:39:24
2024-03-11,2024-03-11 06:04:44,2024-03-11 17:41:04
2024-03-12,2024-03-12 06:02:32,2024-03-12 17:42:45
2024-03-13,2024-03-13 06:00:19,2024-03-13 17:44:25
2024-03-14,2024-03-14 05:58:06,2024-03-14 17:46:05
2024-03-15,2024-03-15 05:55:53,2024-03-15 17:47:44
2024-03-16,2024-03-16 05:53:40,2024-03-16 17:49:24
2024-03-17,2024-03-17 05:51:26,2024-03-17 17:51:03
2024-03-18,2024-03-18 05:49:12,2024-03-18 17:52:42
2024-03-19,2024-03-19 05:46:58,2024-03-19 17:54:21
2024-03-20,2024-03-20 05:44:44,2024-03-20 17:56:00
2024-03-21,2024-03-21 05:42:30,2024-03-21 17:57:39
2024-03-22,2024-03-22 05:40:16,2024-03-22 17:59:18
2024-03-23,2024-03-23 05:38:02,2024-03-23 18:00:56
2024-03-24,2024-03-24 05:35:47,2024-03-24 18:02:34
2024-03-25,2024-03-25 05:33:33,2024-03-25 18:04:13
2024-03-26,2024-03-26 05:31:19,2024-03-26 18:05:51
2024-03-27,2024-03-27 05:29:05,2024-03-27 18:07:29
2024-03-28,2024-03-28 05:26:51,2024-03-28 18:09:07
2024-03-29,2024-03-29 05:24:37,2024-03-29 18:10:45
2024-03-30,2024-03-30 05:22:24,2024-03-30 18:12:23
2024-03-31,2024-03-31 05:20:10,2024-03-31 18:14:01
2024-04-01,2024-04-01 05:17:57,2024-04-01 18:15:38
2024-04-02,2024-04-02 05:15:45,2024-04-02 18:17:16
2024-04-03,2024-04-03 05:13:32,2024-04-03 18:18:54
2024-04-04,2024-04-04 05:11:20,2024-04-04 18:20:32
2024-04-05,2024-04-05 05:09:08,2024-04-05 18:22:09
2024-04-06,2024-04-06 05:06:57,2024-04-06 18:23:47
2024-04-07,2024-04-07 05:04:46,2024-04-07 18:25:25
2024-04-08,2024-04-08 05:02:35,2024-04-08 18:27:02
2024-04-09,2024-04-09 05:00:26,2024-04-09 18:28:40
2024-04-10,2024-04-10 04:58:16,2024-04-10 18:30:18
2024-04-11,2024-04-11 04:56:07,2024-04-11 18:31:55
2024-04-12,2024-04-12 04:53:59,2024-04-12 18:33:33
2024-04-13,2024-04-13 04:51:51,2024-04-13 18:35:10
2024-04-14,2024-04-14 04:49:44,2024-04-14 18:36:48
2024-04-15,2024-04-15 04:47:38,2024-04-15 18:38:26
2024-04-16,2024-04-16 04:45:33,2024-04-16 18:40:03
2024-04-17,2024-04-17 04:43:28,2024-04-17 18:41:41
2024-04-18,2024-04-18 04:41:24,2024-04-18 18:43:18
2024-04-19,2024-04-19 04:39:21,2024-04-19 18:44:55
2024-04-20,2024-04-20 04:37:19,2024-04-20 18:46:33
2024-04-21,2024-04-21 04:35:18,2024-04-21 18:48:10
2024-04-22,2024-04-22 04:33:17,2024-04-22 18:49:47
2024-04-23,2024-04-23 04:31:18,2024-04-23 18:51:24
2024-04-24,2024-04-24 04:29:20,2024-04-24 18:53:01
2024-04-25,2024-04-25 04:27:22,2024-04-25 18:54:38
2024-04-26,2024-04-26 04:25:26,2024-04-26 18:56:15
2024-04-27,2024-04-27 04:23:31,2024-04-27 18:57:51
2024-04-28,2024-04-28 04:21:38,2024-04-28 18:59:27
2024-04-29,2024-04-29 04:19:45,2024-04-29 19:01:03
2024-04-30,2024-04-30 04:17:54,2024-04-30 19:02:39
2024-05-01,2024-05-01 04:16:04,2024-05-01 19:04:15
2024-05-02,2024-05-02 04:14:16,2024-05-02 19:05:50
2024-05-03,2024-05-03 04:12:29,2024-05-03 19:07:24
2024-05-04,2024-05-04 04:10:43,2024-05-04 19:08:59
2024-05-05,2024-05-05 04:08:59,2024-05-05 19:10:33
2024-05-06,2024-05-06 04:07:16,2024-05-06 19:12:06
2024-05-07,2024-05-07 04:05:35,2024-05-07 19:13:39
2024-05-08,2024-05-08 04:03:56,2024-05-08 19:15:12
2024-05-09,2024-05-09 04:02:18,2024-05-09 19:16:44
2024-05-10,2024-05-10 04:00:42,2024-05-10 19:18:15
2024-05-11,2024-05-11 03:59:08,2024-05-11 19:19:46
2024-05-12,2024-05-12 03:57:36,2024-05-12 19:21:16
2024-05-13,2024-05-13 03:56:05,2024-05-13 19:22:45
2024-05-14,2024-05-14 03:54:37,2024-05-14 19:24:13
2024-05-15,2024-05-15 03:53:10,2024-05-15 19:25:40
2024-05-16,2024-05-16 03:51:46,2024-05-16 19:27:07
2024-05-17,2024-05-17 03:50:23,2024-05-17 19:28:32
2024-05-18,2024-05-18 03:49:03,2024-05-18 19:29:57
2024-05-19,2024-05-19 03:47:45,2024-05-19 19:31:20
2024-05-20,2024-05-20 03:46:29,2024-05-20 19:32:42
2024-05-21,2024-05-21 03:45:15,2024-05-21 19:34:03
2024-05-22,2024-05-22 03:44:04,2024-05-22 19:35:23
2024-05-23,2024-05-23 03:42:55,2024-05-23 19:36:41
2024-05-24,2024-05-24 03:41:48,2024-05-24 19:37:58
2024-05-25,2024-05-25 03:40:44,2024-05-25 19:39:13
2024-05-26,2024-05-26 03:39:42,2024-05-26 19:40:27
2024-05-27,2024-05-27 03:38:43,2024-05-27 19:41:39
2024-05-28,2024-05-28 03:37:46,2024-05-28 19:42:49
2024-05-29,2024-05-29 03:36:52,2024-05-29 19:43:58
2024-05-30,2024-05-30 03:36:01,2024-05-30 19:45:05
2024-05-31,2024-05-31 03:35:12,2024-05-31 19:46:10
2024-06-01,2024-06-01 03:34:26,2024-06-01 19:47:12
2024-06-02,2024-06-02 03:33:43,2024-06-02 19:48:13
2024-06-03,2024-06-03 03:33:02,2024-06-03 19:49:12
2024-06-04,2024-06-04 03:32:25,2024-06-04 19:50:09
2024-06-05,2024-06-05 03:31:50,2024-06-05 19:51:03
2024-06-06,2024-06-06 03:31:18,2024-06-06 19:51:55
2024-06-07,2024-06-07 03:30:49,2024-06-07 19:52:45
2024-06-08,2024-06-08 03:30:23,2024-06-08 19:53:32
2024-06-09,2024-06-09 03:30:00,2024-06-09 19:54:17
2024-06-10,2024-06-10 03:29:40,2024-06-10 19:55:00
2024-06-11,2024-06-11 03:29:23,2024-06-11 19:55:39
2024-06-12,2024-06-12 03:29:08,2024-06-12 19:56:17
2024-06-13,2024-06-13 03:28:57,2024-06-13 19:56:51
2024-06-14,2024-06-14 03:28:49,2024-06-14 19:57:23
2024-06-15,2024-06-15 03:28:44,2024-06-15 19:57:52
2024-06-16,2024-06-16 03:28:41,2024-06-16 19:58:18
2024-06-17,2024-06-17 03:28:42,2024-06-17 19:58:41
2024-06-18,2024-06-18 03:28:46,2024-06-18 19:59:02
2024-06-19,2024-06-19 03:28:52,2024-06-19 19:59:19
2024-06-20,2024-06-20 03:29:02,2024-06-20 19:59:34
2024-06-21,2024-06-21 03:29:14,2024-06-21 19:59:46
2024-06-22,2024-06-22 03:29:29,2024-06-22 19:59:54
2024-06-23,2024-06-23 03:29:47,2024-06-23 20:00:00
2024-06-24,2024-06-24 03:30:08,2024-06-24 20:00:03
2024-06-25,2024-06-25 03:30:32,2024-06-25 20:00:02
2024-06-26,2024-06-26 03:30:59,2024-06-26 19:59:59
2024-06-27,2024-06-27 03:31:28,2024-06-27 19:59:53
2024-06-28,2024-06-28 03:32:00,2024-06-28 19:59:43
2024-06-29,2024-06-29 03:32:35,2024-06-29 19:59:31
2024-06-30,2024-06-30 03:33:12,2024-06-30 19:59:15
2024-07-01,2024-07-01 03:33:51,2024-07-01 19:58:57
2024-07-02,2024-07-02 03:34:34,2024-07-02 19:58:35
2024-07-03,2024-07-03 03:35:18,2024-07-03 19:58:11
2024-07-04,2024-07-04 03:36:05,2024-07-04 19:57:44
2024-07-05,2024-07-05 03:36:54,2024-07-05 19:57:13
2024-07-06,2024-07-06 03:37:46,2024-07-06 19:56:40
2024-07-07,2024-07-07 03:38:40,2024-07-07 19:56:04
2024-07-08,2024-07-08 03:39:35,2024-07-08 19:55:25
2024-07-09,2024-07-09 03:40:33,2024-07-09 19:54:43
2024-07-10,2024-07-10 03:41:33,2024-07-10 19:53:58
2024-07-11,2024-07-11 03:42:35,2024-07-11 19:53:11
2024-07-12,2024-07-12 03:43:39,2024-07-12 19:52:20
2024-07-13,2024-07-13 03:44:44,2024-07-13 19:51:28
2024-07-14,2024-07-14 03:45:51,2024-07-14 19:50:32
2024-07-15,2024-07-15 03:47:00,2024-07-15 19:49:34
2024-07-16,2024-07-16 03:48:11,2024-07-16 19:48:33
2024-07-17,2024-07-17 03:49:23,2024-07-17 19:47:30
2024-07-18,2024-07-18 03:50:36,2024-07-18 19:46:24
2024-07-19,2024-07-19 03:51:51,2024-07-19 19:45:16
2024-07-20,2024-07-20 03:53:07,2024-07-20 19:44:05
2024-07-21,2024-07-21 03:54:24,2024-07-21 19:42:52
2024-07-22,2024-07-22 03:55:43,2024-07-22 19:41:37
2024-07-23,2024-07-23 03:57:03,2024-07-23 19:40:20
2024-07-24,2024-07-24 03:58:24,2024-07-24 19:39:00
2024-07-25,2024-07-25 03:59:45,2024-07-25 19:37:38
2024-07-26,2024-07-26 04:01:08,2024-07-26 19:36:14
2024-07-27,2024-07-27 04:02:32,2024-07-27 19:34:48
2024-07-28,2024-07-28 04:03:56,2024-07-28 19:33:20
2024-07-29,2024-07-29 04:05:22,2024-07-29 19:31:50
2024-07-30,2024-07-30 04:06:48,2024-07-30 19:30:18
2024-07-31,2024-07-31 04:08:15,2024-07-31 19:28:44
2024-08-01,2024-08-01 04:09:42,2024-08-01 19:27:09
2024-08-02,2024-08-02 04:11:10,2024-08-02 19:25:31
2024-08-03,2024-08-03 04:12:39,2024-08-03 19:23:52
2024-08-04,2024-08-04 04:14:08,2024-08-04 19:22:11
2024-08-05,2024-08-05 04:15:37,2024-08-05 19:20:29
2024-08-06,2024-08-06 04:17:07,2024-08-06 19:18:45
2024-08-07,2024-08-07 04:18:38,2024-08-07 19:16:59
2024-08-08,2024-08-08 04:20:08,2024-08-08 19:15:12
2024-08-09,2024-08-09 04:21:39,2024-08-09 19:13:24
2024-08-10,2024-08-10 04:23:11,2024-08-10 19:11:34
2024-08-11,2024-08-11 04:24:42,2024-08-11 19:09:43
2024-08-12,2024-08-12 04:26:14,2024-08-12 19:07:50
2024-08-13,2024-08-13 04:27:46,2024-08-13 19:05:56
2024-08-14,2024-08-14 04:29:18,2024-08-14 19:04:01
2024-08-15,2024-08-15 04:30:50,2024-08-15 19:02:05
2024-08-16,2024-08-16 04:32:23,2024-08-16 19:00:07
2024-08-17,2024-08-17 04:33:55,2024-08-17 18:58:09
2024-08-18,2024-08-18 04:35:28,2024-08-18 18:56:09
2024-08-19,2024-08-19 04:37:01,2024-08-19 18:54:08
2024-08-20,2024-08-20 04:38:34,2024-08-20 18:52:07
2024-08-21,2024-08-21 04:40:06,2024-08-21 18:50:04
2024-08-22,2024-08-22 04:41:39,2024-08-22 18:48:01
2024-08-23,2024-08-23 04:43:12,2024-08-23 18:45:56
2024-08-24,2024-08-24 04:44:45,2024-08-24 18:43:51
2024-08-25,2024-08-25 04:46:18,2024-08-25 18:41:45
2024-08-26,2024-08-26 04:47:51,2024-08-26 18:39:38
2024-08-27,2024-08-27 04:49:24,2024-08-27 18:37:31
2024-08-28,2024-08-28 04:50:57,2024-08-28 18:35:22
2024-08-29,2024-08-29 04:52:30,2024-08-29 18:33:13
2024-08-30,2024-08-30 04:54:03,2024-08-30 18:31:04
2024-08-31,2024-08-31 04:55:35,2024-08-31 18:28:54
2024-09-01,2024-09-01 04:57:08,2024-09-01 18:26:43
2024-09-02,2024-09-02 04:58:41,2024-09-02 18:24:32
2024-09-03,2024-09-03 05:00:14,2024-09-03 18:22:20
2024-09-04,2024-09-04 05:01:47,2024-09-04 18:20:08
2024-09-05,2024-09-05 05:03:19,2024-09-05 18:17:55
2024-09-06,2024-09-06 05:04:52,2024-09-06 18:15:42
2024-09-07,2024-09-07 05:06:25,2024-09-07 18:13:28
2024-09-08,2024-09-08 05:07:58,2024-09-08 18:11:14
2024-09-09,2024-09-09 05:09:30,2024-09-09 18:09:00
2024-09-10,2024-09-10 05:11:03,2024-09-10 18:06:46
2024-09-11,2024-09-11 05:12:36,2024-09-11 18:04:31
2024-09-12,2024-09-12 05:14:09,2024-09-12 18:02:16
2024-09-13,2024-09-13 05:15:42,2024-09-13 18:00:01
2024-09-14,2024-09-14 05:17:15,2024-09-14 17:57:45
2024-09-15,2024-09-15 05:18:48,2024-09-15 17:55:30
2024-09-16,2024-09-16 05:20:21,2024-09-16 17:53:14
2024-09-17,2024-09-17 05:21:54,2024-09-17 17:50:59
2024-09-18,2024-09-18 05:23:27,2024-09-18 17:48:43
2024-09-19,2024-09-19 05:25:00,2024-09-19 17:46:27
2024-09-20,2024-09-20 05:26:34,2024-09-20 17:44:11
2024-09-21,2024-09-21 05:28:07,2024-09-21 17:41:56
2024-09-22,2024-09-22 05:29:41,2024-09-22 17:39:40
2024-09-23,2024-09-23 05:31:15,2024-09-23 17:37:24
2024-09-24,2024-09-24 05:32:48,2024-09-24 17:35:09
2024-09-25,2024-09-25 05:34:23,2024-09-25 17:32:53
2024-09-26,2024-09-26 05:35:57,2024-09-26 17:30:38
2024-09-27,2024-09-27 05:37:31,2024-09-27 17:28:23
2024-09-28,2024-09-28 05:39:06,2024-09-28 17:26:09
2024-09-29,2024-09-29 05:40:41,2024-09-29 17:23:54
2024-09-30,2024-09-30 05:42:16,2024-09-30 17:21:40
2024-10-01,2024-10-01 05:43:51,2024-10-01 17:19:26
2024-10-02,2024-10-02 05:45:26,2024-10-02 17:17:13
2024-10-03,2024-10-03 05:47:02,2024-10-03 17:15:00
2024-10-04,2024-10-04 05:48:38,2024-10-04 17:12:47
2024-10-05,2024-10-05 05:50:14,2024-10-05 17:10:35
2024-10-06,2024-10-06 05:51:51,2024-10-06 17:08:23
2024-10-07,2024-10-07 05:53:28,2024-10-07 17:06:12
2024-10-08,2024-10-08 05:55:05,2024-10-08 17:04:01
2024-10-09,2024-10-09 05:56:42,2024-10-09 17:01:51
2024-10-10,2024-10-10 05:58:20,2024-10-10 16:59:42
2024-10-11,2024-10-11 05:59:58,2024-10-11 16:57:33
2024-10-12,2024-10-12 06:01:36,2024-10-12 16:55:25
2024-10-13,2024-10-13 06:03:15,2024-10-13 16:53:18
2024-10-14,2024-10-14 06:04:53,2024-10-14 16:51:11
2024-10-15,2024-10-15 06:06:33,2024-10-15 16:49:05
2024-10-16,2024-10-16 06:08:12,2024-10-16 16:47:01
2024-10-17,2024-10-17 06:09:52,2024-10-17 16:44:57
2024-10-18,2024-10-18 06:11:32,2024-10-18 16:42:53
2024-10-19,2024-10-19 06:13:12,2024-10-19 16:40:51
2024-10-20,2024-10-20 06:14:53,2024-10-20 16:38:50
2024-10-21,2024-10-21 06:16:34,2024-10-21 16:36:50
2024-10-22,2024-10-22 06:18:15,2024-10-22 16:34:51
2024-10-23,2024-10-23 06:19:57,2024-10-23 16:32:53
2024-10-24,2024-10-24 06:21:39,2024-10-24 16:30:57
2024-10-25,2024-10-25 06:23:21,2024-10-25 16:29:01
2024-10-26,2024-10-26 06:25:03,2024-10-26 16:27:07
2024-10-27,2024-10-27 06:26:45,2024-10-27 16:25:14
2024-10-28,2024-10-28 06:28:28,2024-10-28 16:23:22
2024-10-29,2024-10-29 06:30:11,2024-10-29 16:21:32
2024-10-30,2024-10-30 06:31:54,2024-10-30 16:19:43
2024-10-31,2024-10-31 06:33:37,2024-10-31 16:17:56
2024-11-01,2024-11-01 06:35:20,2024-11-01 16:16:10
2024-11-02,2024-11-02 06:37:03,2024-11-02 16:14:26
2024-11-03,2024-11-03 06:38:47,2024-11-03 16:12:44
2024-11-04,2024-11-04 06:40:30,2024-11-04 16:11:03
2024-11-05,2024-11-05 06:42:13,2024-11-05 16:09:24
2024-11-06,2024-11-06 06:43:57,2024-11-06 16:07:46
2024-11-07,2024-11-07 06:45:40,2024-11-07 16:06:11
2024-11-08,2024-11-08 06:47:23,2024-11-08 16:04:37
2024-11-09,2024-11-09 06:49:05,2024-11-09 16:03:06
2024-11-10,2024-11-10 06:50:48,2024-11-10 16:01:36
2024-11-11,2024-11-11 06:52:30,2024-11-11 16:00:08
2024-11-12,2024-11-12 06:54:12,2024-11-12 15:58:43
2024-11-13,2024-11-13 06:55:53,2024-11-13 15:57:19
2024-11-14,2024-11-14 06:57:34,2024-11-14 15:55:58
2024-11-15,2024-11-15 06:59:14,2024-11-15 15:54:39
2024-11-16,2024-11-16 07:00:54,2024-11-16 15:53:22
2024-11-17,2024-11-17 07:02:33,2024-11-17 15:52:08
2024-11-18,2024-11-18 07:04:12,2024-11-18 15:50:56
2024-11-19,2024-11-19 07:05:49,2024-11-19 15:49:47
2024-11-20,2024-11-20 07:07:26,2024-11-20 15:48:40
2024-11-21,2024-11-21 07:09:02,2024-11-21 15:47:35
2024-11-22,2024-11-22 07:10:37,2024-11-22 15:46:33
2024-11-23,2024-11-23 07:12:11,2024-11-23 15:45:34
2024-11-24,2024-11-24 07:13:43,2024-11-24 15:44:38
2024-11-25,2024-11-25 07:15:15,2024-11-25 15:43:44
2024-11-26,2024-11-26 07:16:45,2024-11-26 15:42:53
2024-11-27,2024-11-27 07:18:13,2024-11-27 15:42:06
2024-11-28,2024-11-28 07:19:40,2024-11-28 15:41:20
2024-11-29,2024-11-29 07:21:06,2024-11-29 15:40:38
2024-11-30,2024-11-30 07:22:30,2024-11-30 15:39:59
2024-12-01,2024-12-01 07:23:52,2024-12-01 15:39:23
2024-12-02,2024-12-02 07:25:12,2024-12-02 15:38:50
2024-12-03,2024-12-03 07:26:30,2024-12-03 15:38:20
2024-12-04,2024-12-04 07:27:47,2024-12-04 15:37:54
2024-12-05,2024-12-05 07:29:01,2024-12-05 15:37:30
2024-12-06,2024-12-06 07:30:13,2024-12-06 15:37:10
2024-12-07,2024-12-07 07:31:23,2024-12-07 15:36:53
2024-12-08,2024-12-08 07:32:31,2024-12-08 15:36:39
2024-12-09,2024-12-09 07:33:36,2024-12-09 15:36:28
2024-12-10,2024-12-10 07:34:39,2024-12-10 15:36:21
2024-12-11,2024-12-11 07:35:39,2024-12-11 15:36:17
2024-12-12,2024-12-12 07:36:37,2024-12-12 15:36:17
2024-12-13,2024-12-13 07:37:32,2024-12-13 15:36:19
2024-12-14,2024-12-14 07:38:24,2024-12-14 15:36:25
2024-12-15,2024-12-15 07:39:14,2024-12-15 15:36:35
2024-12-16,2024-12-16 07:40:00,2024-12-16 15:36:47
2024-12-17,2024-12-17 07:40:44,2024-12-17 15:37:03
2024-12-18,2024-12-18 07:41:25,2024-12-18 15:37:22
2024-12-19,2024-12-19 07:42:02,2024-12-19 15:37:45
2024-12-20,2024-12-20 07:42:37,2024-12-20 15:38:11
2024-12-21,2024-12-21 07:43:08,2024-12-21 15:38:40
2024-12-22,2024-12-22 07:43:37,2024-12-22 15:39:12
2024-12-23,2024-12-23 07:44:02,2024-12-23 15:39:47
2024-12-24,2024-12-24 07:44:24,2024-12-24 15:40:26
2024-12-25,2024-12-25 07:44:43,2024-12-25 15:41:07
2024-12-26,2024-12-26 07:44:58,2024-12-26 15:41:52
2024-12-27,2024-12-27 07:45:11,2024-12-27 15:42:40
2024-12-28,2024-12-28 07:45:20,2024-12-28 15:43:30
2024-12-29,2024-12-29 07:45:25,2024-12-29 15:44:23
2024-12-30,2024-12-30 07:45:28,2024-12-30 15:45:20
2024-12-31,2024-12-31 07:45:27,2024-12-31 15:46:19
2025-01-01,2025-01-01 07:45:23,2025-01-01 15:47:20
2025-01-02,2025-01-02 07:45:16,2025-01-02 15:48:24
2025-01-03,2025-01-03 07:45:05,2025-01-03 15:49:31
2025-01-04,2025-01-04 07:44:51,2025-01-04 15:50:40
2025-01-05,2025-01-05 07:44:34,2025-01-05 15:51:52
2025-01-06,2025-01-06 07:44:14,2025-01-06 15:53:06
2025-01-07,2025-01-07 07:43:50,2025-01-07 15:54:22
2025-01-08,2025-01-08 07:43:24,2025-01-08 15:55:40
2025-01-09,2025-01-09 07:42:54,2025-01-09 15:57:01
2025-01-10,2025-01-10 07:42:21,2025-01-10 15:58:23
2025-01-11,2025-01-11 07:41:45,2025-01-11 15:59:47
2025-01-12,2025-01-12 07:41:06,2025-01-12 16:01:13
2025-01-13,2025-01-13 07:40:25,2025-01-13 16:02:41
2025-01-14,2025-01-14 07:39:40,2025-01-14 16:04:11
2025-01-15,2025-01-15 07:38:52,2025-01-15 16:05:42
2025-01-16,2025-01-16 07:38:02,2025-01-16 16:07:14
2025-01-17,2025-01-17 07:37:08,2025-01-17 16:08:48
2025-01-18,2025-01-18 07:36:12,2025-01-18 16:10:23
2025-01-19,2025-01-19 07:35:14,2025-01-19 16:12:00
2025-01-20,2025-01-20 07:34:12,2025-01-20 16:13:38
2025-01-21,2025-01-21 07:33:08,2025-01-21 16:15:16
2025-01-22,2025-01-22 07:32:02,2025-01-22 16:16:56
2025-01-23,2025-01-23 07:30:53,2025-01-23 16:18:37
2025-01-24,2025-01-24 07:29:41,2025-01-24 16:20:18
2025-01-25,2025-01-25 07:28:28,2025-01-25 16:22:00
2025-01-26,2025-01-26 07:27:11,2025-01-26 16:23:44
2025-01-27,2025-01-27 07:25:53,2025-01-27 16:25:27
2025-01-28,2025-01-28 07:24:32,2025-01-28 16:27:12
2025-01-29,2025-01-29 07:23:09,2025-01-29 16:28:56
2025-01-30,2025-01-30 07:21:44,2025-01-30 16:30:42
2025-01-31,2025-01-31 07:20:17,2025-01-31 16:32:27
2025-02-01,2025-02-01 07:18:48,2025-02-01 16:34:13
2025-02-02,2025-02-02 07:17:17,2025-02-02 16:36:00
2025-02-03,2025-02-03 07:15:44,2025-02-03 16:37:47
2025-02-04,2025-02-04 07:14:09,2025-02-04 16:39:33
2025-02-05,2025-02-05 07:12:33,2025-02-05 16:41:20
2025-02-06,2025-02-06 07:10:54,2025-02-06 16:43:08
2025-02-07,2025-02-07 07:09:14,2025-02-07 16:44:55
2025-02-08,2025-02-08 07:07:32,2025-02-08 16:46:42
2025-02-09,2025-02-09 07:05:49,2025-02-09 16:48:29
2025-02-10,2025-02-10 07:04:04,2025-02-10 16:50:17
2025-02-11,2025-02-11 07:02:17,2025-02-11 16:52:04
2025-02-12,2025-02-12 07:00:29,2025-02-12 16:53:51
2025-02-13,2025-02-13 06:58:40,2025-02-13 16:55:38
2025-02-14,2025-02-14 06:56:49,2025-02-14 16:57:25
2025-02-15,2025-02-15 06:54:57,2025-02-15 16:59:12
2025-02-16,2025-02-16 06:53:04,2025-02-16 17:00:58
2025-02-17,2025-02-17 06:51:09,2025-02-17 17:02:45
2025-02-18,2025-02-18 06:49:13,2025-02-18 17:04:31
2025-02-19,2025-02-19 06:47:16,2025-02-19 17:06:17
2025-02-20,2025-02-20 06:45:18,2025-02-20 17:08:03
2025-02-21,2025-02-21 06:43:19,2025-02-21 17:09:48
2025-02-22,2025-02-22 06:41:19,2025-02-22 17:11:33
2025-02-23,2025-02-23 06:39:18,2025-02-23 17:13:18
2025-02-24,2025-02-24 06:37:16,2025-02-24 17:15:03
2025-02-25,2025-02-25 06:35:13,2025-02-25 17:16:47
2025-02-26,2025-02-26 06:33:09,2025-02-26 17:18:32
2025-02-27,2025-02-27 06:31:04,2025-02-27 17:20:15
2025-02-28,2025-02-28 06:28:59,2025-02-28 17:21:59
2025-03-01,2025-03-01 06:26:52,2025-03-01 17:23:42
2025-03-02,2025-03-02 06:24:45,2025-03-02 17:25:25
2025-03-03,2025-03-03 06:22:38,2025-03-03 17:27:08
2025-03-04,2025-03-04 06:20:29,2025-03-04 17:28:50
2025-03-05,2025-03-05 06:18:20,2025-03-05 17:30:33
2025-03-06,2025-03-06 06:16:11,2025-03-06 17:32:14
2025-03-07,2025-03-07 06:14:01,2025-03-07 17:33:56
2025-03-08,2025-03-08 06:11:50,2025-03-08 17:35:37
2025-03-09,2025-03-09 06:09:39,2025-03-09 17:37:18
2025-03-10,2025-03-10 06:07:28,2025-03-10 17:38:59
2025-03-11,2025-03-11 06:05:16,2025-03-11 17:40:40
2025-03-12,2025-03-12 06:03:04,2025-03-12 17:42:20
2025-03-13,2025-03-13 06:00:51,2025-03-13 17:44:01
2025-03-14,2025-03-14 05:58:38,2025-03-14 17:45:40
2025-03-15,2025-03-15 05:56:25,2025-03-15 17:47:20
2025-03-16,2025-03-16 05:54:12,2025-03-16 17:49:00
2025-03-17,2025-03-17 05:51:58,2025-03-17 17:50:39
2025-03-18,2025-03-18 05:49:44,2025-03-18 17:52:18
2025-03-19,2025-03-19 05:47:30,2025-03-19 17:53:57
2025-03-20,2025-03-20 05:45:16,2025-03-20 17:55:36
2025-03-21,2025-03-21 05:43:02,2025-03-21 17:57:15
2025-03-22,2025-03-22 05:40:48,2025-03-22 17:58:54
2025-03-23,2025-03-23 05:38:34,2025-03-23 18:00:32
2025-03-24,2025-03-24 05:36:20,2025-03-24 18:02:11
2025-03-25,2025-03-25 05:34:05,2025-03-25 18:03:49
2025-03-26,2025-03-26 05:31:51,2025-03-26 18:05:27
2025-03-27,2025-03-27 05:29:37,2025-03-27 18:07:05
2025-03-28,2025-03-28 05:27:23,2025-03-28 18:08:43
2025-03-29,2025-03-29 05:25:10,2025-03-29 18:10:21
2025-03-30,2025-03-30 05:22:56,2025-03-30 18:11:59
2025-03-31,2025-03-31 05:20:43,2025-03-31 18:13:37
2025-04-01,2025-04-01 05:18:29,2025-04-01 18:15:15
2025-04-02,2025-04-02 05:16:17,2025-04-02 18:16:53
2025-04-03,2025-04-03 05:14:04,2025-04-03 18:18:30
2025-04-04,2025-04-04 05:11:52,2025-04-04 18:20:08
2025-04-05,2025-04-05 05:09:40,2025-04-05 18:21:46
2025-04-06,2025-04-06 05:07:28,2025-04-06 18:23:23
2025-04-07,2025-04-07 05:05:17,2025-04-07 18:25:01
2025-04-08,2025-04-08 05:03:07,2025-04-08 18:26:39
2025-04-09,2025-04-09 05:00:57,2025-04-09 18:28:16
2025-04-10,2025-04-10 04:58:47,2025-04-10 18:29:54
2025-04-11,2025-04-11 04:56:38,2025-04-11 18:31:32
2025-04-12,2025-04-12 04:54:30,2025-04-12 18:33:09
2025-04-13,2025-04-13 04:52:22,2025-04-13 18:34:47
2025-04-14,2025-04-14 04:50:15,2025-04-14 18:36:25
2025-04-15,2025-04-15 04:48:09,2025-04-15 18:38:02
2025-04-16,2025-04-16 04:46:03,2025-04-16 18:39:40
2025-04-17,2025-04-17 04:43:58,2025-04-17 18:41:17
2025-04-18,2025-04-18 04:41:54,2025-04-18 18:42:55
2025-04-19,2025-04-19 04:39:51,2025-04-19 18:44:32
2025-04-20,2025-04-20 04:37:48,2025-04-20 18:46:09
2025-04-21,2025-04-21 04:35:47,2025-04-21 18:47:47
2025-04-22,2025-04-22 04:33:46,2025-04-22 18:49:24
2025-04-23,2025-04-23 04:31:47,2025-04-23 18:51:01
2025-04-24,2025-04-24 04:29:48,2025-04-24 18:52:38
2025-04-25,2025-04-25 04:27:51,2025-04-25 18:54:15
2025-04-26,2025-04-26 04:25:54,2025-04-26 18:55:51
2025-04-27,2025-04-27 04:23:59,2025-04-27 18:57:28
2025-04-28,2025-04-28 04:22:05,2025-04-28 18:59:04
2025-04-29,2025-04-29 04:20:12,2025-04-29 19:00:40
2025-04-30,2025-04-30 04:18:21,2025-04-30 19:02:16
2025-05-01,2025-05-01 04:16:31,2025-05-01 19:03:52
2025-05-02,2025-05-02 04:14:42,2025-05-02 19:05:27
2025-05-03,2025-05-03 04:12:54,2025-05-03 19:07:02
2025-05-04,2025-05-04 04:11:08,2025-05-04 19:08:36
2025-05-05,2025-05-05 04:09:24,2025-05-05 19:10:10
2025-05-06,2025-05-06 04:07:41,2025-05-06 19:11:44
2025-05-07,2025-05-07 04:05:59,2025-05-07 19:13:17
2025-05-08,2025-05-08 04:04:20,2025-05-08 19:14:50
2025-05-09,2025-05-09 04:02:42,2025-05-09 19:16:22
2025-05-10,2025-05-10 04:01:05,2025-05-10 19:17:53
2025-05-11,2025-05-11 03:59:31,2025-05-11 19:19:24
2025-05-12,2025-05-12 03:57:58,2025-05-12 19:20:54
2025-05-13,2025-05-13 03:56:27,2025-05-13 19:22:23
2025-05-14,2025-05-14 03:54:58,2025-05-14 19:23:52
2025-05-15,2025-05-15 03:53:31,2025-05-15 19:25:20
2025-05-16,2025-05-16 03:52:06,2025-05-16 19:26:46
2025-05-17,2025-05-17 03:50:43,2025-05-17 19:28:12
2025-05-18,2025-05-18 03:49:22,2025-05-18 19:29:37
2025-05-19,2025-05-19 03:48:03,2025-05-19 19:31:00
2025-05-20,2025-05-20 03:46:47,2025-05-20 19:32:23
2025-05-21,2025-05-21 03:45:33,2025-05-21 19:33:44
2025-05-22,2025-05-22 03:44:21,2025-05-22 19:35:04
2025-05-23,2025-05-23 03:43:11,2025-05-23 19:36:22
2025-05-24,2025-05-24 03:42:04,2025-05-24 19:37:39
2025-05-25,2025-05-25 03:40:59,2025-05-25 19:38:55
2025-05-26,2025-05-26 03:39:57,2025-05-26 19:40:09
2025-05-27,2025-05-27 03:38:57,2025-05-27 19:41:22
2025-05-28,2025-05-28 03:38:00,2025-05-28 19:42:33
2025-05-29,2025-05-29 03:37:05,2025-05-29 19:43:42
2025-05-30,2025-05-30 03:36:13,2025-05-30 19:44:49
2025-05-31,2025-05-31 03:35:24,2025-05-31 19:45:54
2025-06-01,2025-06-01 03:34:37,2025-06-01 19:46:58
2025-06-02,2025-06-02 03:33:53,2025-06-02 19:47:59
2025-06-03,2025-06-03 03:33:12,2025-06-03 19:48:58
2025-06-04,2025-06-04 03:32:34,2025-06-04 19:49:55
2025-06-05,2025-06-05 03:31:58,2025-06-05 19:50:50
2025-06-06,2025-06-06 03:31:26,2025-06-06 19:51:43
2025-06-07,2025-06-07 03:30:56,2025-06-07 19:52:33
2025-06-08,2025-06-08 03:30:29,2025-06-08 19:53:21
2025-06-09,2025-06-09 03:30:05,2025-06-09 19:54:07
2025-06-10,2025-06-10 03:29:45,2025-06-10 19:54:50
2025-06-11,2025-06-11 03:29:27,2025-06-11 19:55:30
2025-06-12,2025-06-12 03:29:12,2025-06-12 19:56:08
2025-06-13,2025-06-13 03:29:00,2025-06-13 19:56:43
2025-06-14,2025-06-14 03:28:51,2025-06-14 19:57:15
2025-06-15,2025-06-15 03:28:45,2025-06-15 19:57:45
2025-06-16,2025-06-16 03:28:42,2025-06-16 19:58:12
2025-06-17,2025-06-17 03:28:42,2025-06-17 19:58:36
2025-06-18,2025-06-18 03:28:45,2025-06-18 19:58:57
2025-06-19,2025-06-19 03:28:50,2025-06-19 19:59:15
2025-06-20,2025-06-20 03:28:59,2025-06-20 19:59:31
2025-06-21,2025-06-21 03:29:11,2025-06-21 19:59:43
2025-06-22,2025-06-22 03:29:26,2025-06-22 19:59:53
2025-06-23,2025-06-23 03:29:43,2025-06-23 19:59:59
2025-06-24,2025-06-24 03:30:03,2025-06-24 20:00:02
2025-06-25,2025-06-25 03:30:26,2025-06-25 20:00:03
2025-06-26,2025-06-26 03:30:52,2025-06-26 20:00:00
2025-06-27,2025-06-27 03:31:21,2025-06-27 19:59:55
2025-06-28,2025-06-28 03:31:52,2025-06-28 19:59:46
2025-06-29,2025-06-29 03:32:26,2025-06-29 19:59:34
2025-06-30,2025-06-30 03:33:03,2025-06-30 19:59:19
2025-07-01,2025-07-01 03:33:42,2025-07-01 19:59:02
2025-07-02,2025-07-02 03:34:23,2025-07-02 19:58:41
2025-07-03,2025-07-03 03:35:07,2025-07-03 19:58:17
2025-07-04,2025-07-04 03:35:54,2025-07-04 19:57:50
2025-07-05,2025-07-05 03:36:42,2025-07-05 19:57:21
2025-07-06,2025-07-06 03:37:33,2025-07-06 19:56:48
2025-07-07,2025-07-07 03:38:27,2025-07-07 19:56:13
2025-07-08,2025-07-08 03:39:22,2025-07-08 19:55:34
2025-07-09,2025-07-09 03:40:19,2025-07-09 19:54:53
2025-07-10,2025-07-10 03:41:19,2025-07-10 19:54:09
2025-07-11,2025-07-11 03:42:20,2025-07-11 19:53:22
2025-07-12,2025-07-12 03:43:23,2025-07-12 19:52:33
2025-07-13,2025-07-13 03:44:28,2025-07-13 19:51:41
2025-07-14,2025-07-14 03:45:35,2025-07-14 19:50:46
2025-07-15,2025-07-15 03:46:44,2025-07-15 19:49:48
2025-07-16,2025-07-16 03:47:54,2025-07-16 19:48:48
2025-07-17,2025-07-17 03:49:05,2025-07-17 19:47:45
2025-07-18,2025-07-18 03:50:18,2025-07-18 19:46:40
2025-07-19,2025-07-19 03:51:33,2025-07-19 19:45:33
2025-07-20,2025-07-20 03:52:49,2025-07-20 19:44:23
2025-07-21,2025-07-21 03:54:06,2025-07-21 19:43:10
2025-07-22,2025-07-22 03:55:24,2025-07-22 19:41:55
2025-07-23,2025-07-23 03:56:44,2025-07-23 19:40:39
2025-07-24,2025-07-24 03:58:04,2025-07-24 19:39:19
2025-07-25,2025-07-25 03:59:26,2025-07-25 19:37:58
2025-07-26,2025-07-26 04:00:48,2025-07-26 19:36:35
2025-07-27,2025-07-27 04:02:12,2025-07-27 19:35:09
2025-07-28,2025-07-28 04:03:36,2025-07-28 19:33:41
2025-07-29,2025-07-29 04:05:01,2025-07-29 19:32:12
2025-07-30,2025-07-30 04:06:27,2025-07-30 19:30:40
2025-07-31,2025-07-31 04:07:54,2025-07-31 19:29:07
2025-08-01,2025-08-01 04:09:21,2025-08-01 19:27:32
2025-08-02,2025-08-02 04:10:49,2025-08-02 19:25:55
2025-08-03,2025-08-03 04:12:17,2025-08-03 19:24:16
2025-08-04,2025-08-04 04:13:46,2025-08-04 19:22:36
2025-08-05,2025-08-05 04:15:16,2025-08-05 19:20:54
2025-08-06,2025-08-06 04:16:46,2025-08-06 19:19:10
2025-08-07,2025-08-07 04:18:16,2025-08-07 19:17:25
2025-08-08,2025-08-08 04:19:47,2025-08-08 19:15:38
2025-08-09,2025-08-09 04:21:18,2025-08-09 19:13:50
2025-08-10,2025-08-10 04:22:49,2025-08-10 19:12:00
2025-08-11,2025-08-11 04:24:20,2025-08-11 19:10:09
2025-08-12,2025-08-12 04:25:52,2025-08-12 19:08:17
2025-08-13,2025-08-13 04:27:24,2025-08-13 19:06:24
2025-08-14,2025-08-14 04:28:56,2025-08-14 19:04:29
2025-08-15,2025-08-15 04:30:28,2025-08-15 19:02:33
2025-08-16,2025-08-16 04:32:01,2025-08-16 19:00:36
2025-08-17,2025-08-17 04:33:33,2025-08-17 18:58:37
2025-08-18,2025-08-18 04:35:06,2025-08-18 18:56:38
2025-08-19,2025-08-19 04:36:39,2025-08-19 18:54:38
2025-08-20,2025-08-20 04:38:12,2025-08-20 18:52:36
2025-08-21,2025-08-21 04:39:44,2025-08-21 18:50:34
2025-08-22,2025-08-22 04:41:17,2025-08-22 18:48:30
2025-08-23,2025-08-23 04:42:50,2025-08-23 18:46:26
2025-08-24,2025-08-24 04:44:23,2025-08-24 18:44:21
2025-08-25,2025-08-25 04:45:56,2025-08-25 18:42:15
2025-08-26,2025-08-26 04:47:29,2025-08-26 18:40:09
2025-08-27,2025-08-27 04:49:02,2025-08-27 18:38:01
2025-08-28,2025-08-28 04:50:35,2025-08-28 18:35:53
2025-08-29,2025-08-29 04:52:08,2025-08-29 18:33:44
2025-08-30,2025-08-30 04:53:40,2025-08-30 18:31:35
2025-08-31,2025-08-31 04:55:13,2025-08-31 18:29:25
2025-09-01,2025-09-01 04:56:46,2025-09-01 18:27:14
